sample,predicted_tf,deconv_tool,tumor_type,seq_method,dmr_tool,mixture_type,top_markers,expected_tf
healthy_CRC_0.0001_20000000_rep1,0.0021968301448644,Houseman_ineq,CRC,cfrrbs,limma,in_silico,top100,0.0001
healthy_CRC_0.0001_20000000_rep10,0.0,Houseman_ineq,CRC,cfrrbs,limma,in_silico,top100,0.0001
healthy_CRC_0.0001_20000000_rep2,0.0,Houseman_ineq,CRC,cfrrbs,limma,in_silico,top100,0.0001
healthy_CRC_0.0001_20000000_rep3,0.0,Houseman_ineq,CRC,cfrrbs,limma,in_silico,top100,0.0001
healthy_CRC_0.0001_20000000_rep4,0.0,Houseman_ineq,CRC,cfrrbs,limma,in_silico,top100,0.0001
healthy_CRC_0.0001_20000000_rep5,0.0,Houseman_ineq,CRC,cfrrbs,limma,in_silico,top100,0.0001
healthy_CRC_0.0001_20000000_rep6,0.0,Houseman_ineq,CRC,cfrrbs,limma,in_silico,top100,0.0001
healthy_CRC_0.0001_20000000_rep7,0.0,Houseman_ineq,CRC,cfrrbs,limma,in_silico,top100,0.0001
healthy_CRC_0.0001_20000000_rep8,0.0,Houseman_ineq,CRC,cfrrbs,limma,in_silico,top100,0.0001
healthy_CRC_0.0001_20000000_rep9,0.0010674200365973,Houseman_ineq,CRC,cfrrbs,limma,in_silico,top100,0.0001
healthy_CRC_0.001_20000000_rep1,0.0,Houseman_ineq,CRC,cfrrbs,limma,in_silico,top100,0.001
healthy_CRC_0.001_20000000_rep10,0.0,Houseman_ineq,CRC,cfrrbs,limma,in_silico,top100,0.001
healthy_CRC_0.001_20000000_rep2,0.0,Houseman_ineq,CRC,cfrrbs,limma,in_silico,top100,0.001
healthy_CRC_0.001_20000000_rep3,0.0,Houseman_ineq,CRC,cfrrbs,limma,in_silico,top100,0.001
healthy_CRC_0.001_20000000_rep4,0.0,Houseman_ineq,CRC,cfrrbs,limma,in_silico,top100,0.001
healthy_CRC_0.001_20000000_rep5,0.0,Houseman_ineq,CRC,cfrrbs,limma,in_silico,top100,0.001
healthy_CRC_0.001_20000000_rep6,0.0,Houseman_ineq,CRC,cfrrbs,limma,in_silico,top100,0.001
healthy_CRC_0.001_20000000_rep7,0.0,Houseman_ineq,CRC,cfrrbs,limma,in_silico,top100,0.001
healthy_CRC_0.001_20000000_rep8,0.0018490922783322,Houseman_ineq,CRC,cfrrbs,limma,in_silico,top100,0.001
healthy_CRC_0.001_20000000_rep9,0.0,Houseman_ineq,CRC,cfrrbs,limma,in_silico,top100,0.001
healthy_CRC_0.003_20000000_rep1,0.0,Houseman_ineq,CRC,cfrrbs,limma,in_silico,top100,0.003
healthy_CRC_0.003_20000000_rep10,0.0,Houseman_ineq,CRC,cfrrbs,limma,in_silico,top100,0.003
healthy_CRC_0.003_20000000_rep2,0.0,Houseman_ineq,CRC,cfrrbs,limma,in_silico,top100,0.003
healthy_CRC_0.003_20000000_rep3,0.0,Houseman_ineq,CRC,cfrrbs,limma,in_silico,top100,0.003
healthy_CRC_0.003_20000000_rep4,0.0,Houseman_ineq,CRC,cfrrbs,limma,in_silico,top100,0.003
healthy_CRC_0.003_20000000_rep5,0.0,Houseman_ineq,CRC,cfrrbs,limma,in_silico,top100,0.003
healthy_CRC_0.003_20000000_rep6,0.0,Houseman_ineq,CRC,cfrrbs,limma,in_silico,top100,0.003
healthy_CRC_0.003_20000000_rep7,0.0,Houseman_ineq,CRC,cfrrbs,limma,in_silico,top100,0.003
healthy_CRC_0.003_20000000_rep8,0.0,Houseman_ineq,CRC,cfrrbs,limma,in_silico,top100,0.003
healthy_CRC_0.003_20000000_rep9,0.0,Houseman_ineq,CRC,cfrrbs,limma,in_silico,top100,0.003
healthy_CRC_0.007_20000000_rep1,0.0009463189419233,Houseman_ineq,CRC,cfrrbs,limma,in_silico,top100,0.007
healthy_CRC_0.007_20000000_rep10,0.0091496390546,Houseman_ineq,CRC,cfrrbs,limma,in_silico,top100,0.007
healthy_CRC_0.007_20000000_rep2,0.0091126527830336,Houseman_ineq,CRC,cfrrbs,limma,in_silico,top100,0.007
healthy_CRC_0.007_20000000_rep3,0.0009464529703959,Houseman_ineq,CRC,cfrrbs,limma,in_silico,top100,0.007
healthy_CRC_0.007_20000000_rep4,0.001405988908018,Houseman_ineq,CRC,cfrrbs,limma,in_silico,top100,0.007
healthy_CRC_0.007_20000000_rep5,0.0,Houseman_ineq,CRC,cfrrbs,limma,in_silico,top100,0.007
healthy_CRC_0.007_20000000_rep6,0.0,Houseman_ineq,CRC,cfrrbs,limma,in_silico,top100,0.007
healthy_CRC_0.007_20000000_rep7,0.0015680356105886,Houseman_ineq,CRC,cfrrbs,limma,in_silico,top100,0.007
healthy_CRC_0.007_20000000_rep8,0.0,Houseman_ineq,CRC,cfrrbs,limma,in_silico,top100,0.007
healthy_CRC_0.007_20000000_rep9,0.0,Houseman_ineq,CRC,cfrrbs,limma,in_silico,top100,0.007
healthy_CRC_0.01_20000000_rep1,0.0007188045483408,Houseman_ineq,CRC,cfrrbs,limma,in_silico,top100,0.01
healthy_CRC_0.01_20000000_rep10,0.0,Houseman_ineq,CRC,cfrrbs,limma,in_silico,top100,0.01
healthy_CRC_0.01_20000000_rep2,0.0024972416563018,Houseman_ineq,CRC,cfrrbs,limma,in_silico,top100,0.01
healthy_CRC_0.01_20000000_rep3,0.0,Houseman_ineq,CRC,cfrrbs,limma,in_silico,top100,0.01
healthy_CRC_0.01_20000000_rep4,0.0023288610501338,Houseman_ineq,CRC,cfrrbs,limma,in_silico,top100,0.01
healthy_CRC_0.01_20000000_rep5,0.0067534199820879,Houseman_ineq,CRC,cfrrbs,limma,in_silico,top100,0.01
healthy_CRC_0.01_20000000_rep6,0.0077547421676257,Houseman_ineq,CRC,cfrrbs,limma,in_silico,top100,0.01
healthy_CRC_0.01_20000000_rep7,0.0006995221535994,Houseman_ineq,CRC,cfrrbs,limma,in_silico,top100,0.01
healthy_CRC_0.01_20000000_rep8,0.0013136335409615,Houseman_ineq,CRC,cfrrbs,limma,in_silico,top100,0.01
healthy_CRC_0.01_20000000_rep9,0.0029639919353865,Houseman_ineq,CRC,cfrrbs,limma,in_silico,top100,0.01
healthy_CRC_0.025_20000000_rep1,0.0059719060864674,Houseman_ineq,CRC,cfrrbs,limma,in_silico,top100,0.025
healthy_CRC_0.025_20000000_rep10,0.0088553283122847,Houseman_ineq,CRC,cfrrbs,limma,in_silico,top100,0.025
healthy_CRC_0.025_20000000_rep2,0.0199478766101656,Houseman_ineq,CRC,cfrrbs,limma,in_silico,top100,0.025
healthy_CRC_0.025_20000000_rep3,0.006335375761476,Houseman_ineq,CRC,cfrrbs,limma,in_silico,top100,0.025
healthy_CRC_0.025_20000000_rep4,0.0066621142925191,Houseman_ineq,CRC,cfrrbs,limma,in_silico,top100,0.025
healthy_CRC_0.025_20000000_rep5,0.0122564676357504,Houseman_ineq,CRC,cfrrbs,limma,in_silico,top100,0.025
healthy_CRC_0.025_20000000_rep6,0.0146981355234504,Houseman_ineq,CRC,cfrrbs,limma,in_silico,top100,0.025
healthy_CRC_0.025_20000000_rep7,0.0064083127352631,Houseman_ineq,CRC,cfrrbs,limma,in_silico,top100,0.025
healthy_CRC_0.025_20000000_rep8,0.0052620549568041,Houseman_ineq,CRC,cfrrbs,limma,in_silico,top100,0.025
healthy_CRC_0.025_20000000_rep9,0.0101927018448492,Houseman_ineq,CRC,cfrrbs,limma,in_silico,top100,0.025
healthy_CRC_0.05_20000000_rep1,0.0341629697937111,Houseman_ineq,CRC,cfrrbs,limma,in_silico,top100,0.05
healthy_CRC_0.05_20000000_rep10,0.0289036295653663,Houseman_ineq,CRC,cfrrbs,limma,in_silico,top100,0.05
healthy_CRC_0.05_20000000_rep2,0.0208328156879404,Houseman_ineq,CRC,cfrrbs,limma,in_silico,top100,0.05
healthy_CRC_0.05_20000000_rep3,0.0342002344845346,Houseman_ineq,CRC,cfrrbs,limma,in_silico,top100,0.05
healthy_CRC_0.05_20000000_rep4,0.0154585506627176,Houseman_ineq,CRC,cfrrbs,limma,in_silico,top100,0.05
healthy_CRC_0.05_20000000_rep5,0.0178243015820925,Houseman_ineq,CRC,cfrrbs,limma,in_silico,top100,0.05
healthy_CRC_0.05_20000000_rep6,0.0272750492001804,Houseman_ineq,CRC,cfrrbs,limma,in_silico,top100,0.05
healthy_CRC_0.05_20000000_rep7,0.0328567901839463,Houseman_ineq,CRC,cfrrbs,limma,in_silico,top100,0.05
healthy_CRC_0.05_20000000_rep8,0.0319801774194711,Houseman_ineq,CRC,cfrrbs,limma,in_silico,top100,0.05
healthy_CRC_0.05_20000000_rep9,0.0265241680681225,Houseman_ineq,CRC,cfrrbs,limma,in_silico,top100,0.05
healthy_CRC_0.1_20000000_rep1,0.0643156074120384,Houseman_ineq,CRC,cfrrbs,limma,in_silico,top100,0.1
healthy_CRC_0.1_20000000_rep10,0.0572541265489871,Houseman_ineq,CRC,cfrrbs,limma,in_silico,top100,0.1
healthy_CRC_0.1_20000000_rep2,0.0499105960685707,Houseman_ineq,CRC,cfrrbs,limma,in_silico,top100,0.1
healthy_CRC_0.1_20000000_rep3,0.0623135054933843,Houseman_ineq,CRC,cfrrbs,limma,in_silico,top100,0.1
healthy_CRC_0.1_20000000_rep4,0.0488453979908709,Houseman_ineq,CRC,cfrrbs,limma,in_silico,top100,0.1
healthy_CRC_0.1_20000000_rep5,0.0658222405777017,Houseman_ineq,CRC,cfrrbs,limma,in_silico,top100,0.1
healthy_CRC_0.1_20000000_rep6,0.0462729669148517,Houseman_ineq,CRC,cfrrbs,limma,in_silico,top100,0.1
healthy_CRC_0.1_20000000_rep7,0.0582926338886349,Houseman_ineq,CRC,cfrrbs,limma,in_silico,top100,0.1
healthy_CRC_0.1_20000000_rep8,0.0655555754257262,Houseman_ineq,CRC,cfrrbs,limma,in_silico,top100,0.1
healthy_CRC_0.1_20000000_rep9,0.0506457464409666,Houseman_ineq,CRC,cfrrbs,limma,in_silico,top100,0.1
healthy_CRC_0.25_20000000_rep1,0.145596258656438,Houseman_ineq,CRC,cfrrbs,limma,in_silico,top100,0.25
healthy_CRC_0.25_20000000_rep10,0.15083859716655,Houseman_ineq,CRC,cfrrbs,limma,in_silico,top100,0.25
healthy_CRC_0.25_20000000_rep2,0.151296899504754,Houseman_ineq,CRC,cfrrbs,limma,in_silico,top100,0.25
healthy_CRC_0.25_20000000_rep3,0.165019350993331,Houseman_ineq,CRC,cfrrbs,limma,in_silico,top100,0.25
healthy_CRC_0.25_20000000_rep4,0.149867363383094,Houseman_ineq,CRC,cfrrbs,limma,in_silico,top100,0.25
healthy_CRC_0.25_20000000_rep5,0.164652803642432,Houseman_ineq,CRC,cfrrbs,limma,in_silico,top100,0.25
healthy_CRC_0.25_20000000_rep6,0.16420688722331,Houseman_ineq,CRC,cfrrbs,limma,in_silico,top100,0.25
healthy_CRC_0.25_20000000_rep7,0.142895777015523,Houseman_ineq,CRC,cfrrbs,limma,in_silico,top100,0.25
healthy_CRC_0.25_20000000_rep8,0.156011910781946,Houseman_ineq,CRC,cfrrbs,limma,in_silico,top100,0.25
healthy_CRC_0.25_20000000_rep9,0.156551354733801,Houseman_ineq,CRC,cfrrbs,limma,in_silico,top100,0.25
healthy_CRC_0.5_20000000_rep1,0.326130490205668,Houseman_ineq,CRC,cfrrbs,limma,in_silico,top100,0.5
healthy_CRC_0.5_20000000_rep10,0.337865301971009,Houseman_ineq,CRC,cfrrbs,limma,in_silico,top100,0.5
healthy_CRC_0.5_20000000_rep2,0.317722024572294,Houseman_ineq,CRC,cfrrbs,limma,in_silico,top100,0.5
healthy_CRC_0.5_20000000_rep3,0.313482469025451,Houseman_ineq,CRC,cfrrbs,limma,in_silico,top100,0.5
healthy_CRC_0.5_20000000_rep4,0.328945186821436,Houseman_ineq,CRC,cfrrbs,limma,in_silico,top100,0.5
healthy_CRC_0.5_20000000_rep5,0.317435794759835,Houseman_ineq,CRC,cfrrbs,limma,in_silico,top100,0.5
healthy_CRC_0.5_20000000_rep6,0.317271485600045,Houseman_ineq,CRC,cfrrbs,limma,in_silico,top100,0.5
healthy_CRC_0.5_20000000_rep7,0.327421812759449,Houseman_ineq,CRC,cfrrbs,limma,in_silico,top100,0.5
healthy_CRC_0.5_20000000_rep8,0.316060501604844,Houseman_ineq,CRC,cfrrbs,limma,in_silico,top100,0.5
healthy_CRC_0.5_20000000_rep9,0.312768071032162,Houseman_ineq,CRC,cfrrbs,limma,in_silico,top100,0.5
healthy_CRC_0_20000000_rep1,0.0046625038346323,Houseman_ineq,CRC,cfrrbs,limma,in_silico,top100,0
healthy_CRC_0_20000000_rep10,0.0,Houseman_ineq,CRC,cfrrbs,limma,in_silico,top100,0
healthy_CRC_0_20000000_rep2,0.0,Houseman_ineq,CRC,cfrrbs,limma,in_silico,top100,0
healthy_CRC_0_20000000_rep3,0.0,Houseman_ineq,CRC,cfrrbs,limma,in_silico,top100,0
healthy_CRC_0_20000000_rep4,0.0,Houseman_ineq,CRC,cfrrbs,limma,in_silico,top100,0
healthy_CRC_0_20000000_rep5,0.0,Houseman_ineq,CRC,cfrrbs,limma,in_silico,top100,0
healthy_CRC_0_20000000_rep6,0.0,Houseman_ineq,CRC,cfrrbs,limma,in_silico,top100,0
healthy_CRC_0_20000000_rep7,0.0,Houseman_ineq,CRC,cfrrbs,limma,in_silico,top100,0
healthy_CRC_0_20000000_rep8,0.0,Houseman_ineq,CRC,cfrrbs,limma,in_silico,top100,0
healthy_CRC_0_20000000_rep9,0.0,Houseman_ineq,CRC,cfrrbs,limma,in_silico,top100,0
healthy_CRC_0.0001_20000000_rep1,0.0025360426153566,Houseman_eq,CRC,cfrrbs,limma,in_silico,top500,0.0001
healthy_CRC_0.0001_20000000_rep10,-1.7347234759768098e-18,Houseman_eq,CRC,cfrrbs,limma,in_silico,top500,0.0001
healthy_CRC_0.0001_20000000_rep2,0.0003984381645741,Houseman_eq,CRC,cfrrbs,limma,in_silico,top500,0.0001
healthy_CRC_0.0001_20000000_rep3,0.0013154990012115,Houseman_eq,CRC,cfrrbs,limma,in_silico,top500,0.0001
healthy_CRC_0.0001_20000000_rep4,0.0,Houseman_eq,CRC,cfrrbs,limma,in_silico,top500,0.0001
healthy_CRC_0.0001_20000000_rep5,0.0004599529196327,Houseman_eq,CRC,cfrrbs,limma,in_silico,top500,0.0001
healthy_CRC_0.0001_20000000_rep6,4.336808689942022e-19,Houseman_eq,CRC,cfrrbs,limma,in_silico,top500,0.0001
healthy_CRC_0.0001_20000000_rep7,-4.336808689942022e-19,Houseman_eq,CRC,cfrrbs,limma,in_silico,top500,0.0001
healthy_CRC_0.0001_20000000_rep8,0.0047705787383681,Houseman_eq,CRC,cfrrbs,limma,in_silico,top500,0.0001
healthy_CRC_0.0001_20000000_rep9,0.0010171199143926,Houseman_eq,CRC,cfrrbs,limma,in_silico,top500,0.0001
healthy_CRC_0.001_20000000_rep1,0.0,Houseman_eq,CRC,cfrrbs,limma,in_silico,top500,0.001
healthy_CRC_0.001_20000000_rep10,0.0010102987993865,Houseman_eq,CRC,cfrrbs,limma,in_silico,top500,0.001
healthy_CRC_0.001_20000000_rep2,0.0,Houseman_eq,CRC,cfrrbs,limma,in_silico,top500,0.001
healthy_CRC_0.001_20000000_rep3,0.0007617563028641,Houseman_eq,CRC,cfrrbs,limma,in_silico,top500,0.001
healthy_CRC_0.001_20000000_rep4,0.0,Houseman_eq,CRC,cfrrbs,limma,in_silico,top500,0.001
healthy_CRC_0.001_20000000_rep5,0.0030431598926585,Houseman_eq,CRC,cfrrbs,limma,in_silico,top500,0.001
healthy_CRC_0.001_20000000_rep6,0.0024401675662174,Houseman_eq,CRC,cfrrbs,limma,in_silico,top500,0.001
healthy_CRC_0.001_20000000_rep7,0.0,Houseman_eq,CRC,cfrrbs,limma,in_silico,top500,0.001
healthy_CRC_0.001_20000000_rep8,0.0071966134058945,Houseman_eq,CRC,cfrrbs,limma,in_silico,top500,0.001
healthy_CRC_0.001_20000000_rep9,0.0,Houseman_eq,CRC,cfrrbs,limma,in_silico,top500,0.001
healthy_CRC_0.003_20000000_rep1,0.0,Houseman_eq,CRC,cfrrbs,limma,in_silico,top500,0.003
healthy_CRC_0.003_20000000_rep10,0.003129547865604,Houseman_eq,CRC,cfrrbs,limma,in_silico,top500,0.003
healthy_CRC_0.003_20000000_rep2,0.0024533196609803,Houseman_eq,CRC,cfrrbs,limma,in_silico,top500,0.003
healthy_CRC_0.003_20000000_rep3,8.67965566961662e-05,Houseman_eq,CRC,cfrrbs,limma,in_silico,top500,0.003
healthy_CRC_0.003_20000000_rep4,0.0061391727883524,Houseman_eq,CRC,cfrrbs,limma,in_silico,top500,0.003
healthy_CRC_0.003_20000000_rep5,0.0057917835252297,Houseman_eq,CRC,cfrrbs,limma,in_silico,top500,0.003
healthy_CRC_0.003_20000000_rep6,0.0016540382146592,Houseman_eq,CRC,cfrrbs,limma,in_silico,top500,0.003
healthy_CRC_0.003_20000000_rep7,0.0034435097220999,Houseman_eq,CRC,cfrrbs,limma,in_silico,top500,0.003
healthy_CRC_0.003_20000000_rep8,0.0043137301775886,Houseman_eq,CRC,cfrrbs,limma,in_silico,top500,0.003
healthy_CRC_0.003_20000000_rep9,0.0,Houseman_eq,CRC,cfrrbs,limma,in_silico,top500,0.003
healthy_CRC_0.007_20000000_rep1,0.0081281426266856,Houseman_eq,CRC,cfrrbs,limma,in_silico,top500,0.007
healthy_CRC_0.007_20000000_rep10,0.0146839333419613,Houseman_eq,CRC,cfrrbs,limma,in_silico,top500,0.007
healthy_CRC_0.007_20000000_rep2,0.015965904582815,Houseman_eq,CRC,cfrrbs,limma,in_silico,top500,0.007
healthy_CRC_0.007_20000000_rep3,0.0108629659955897,Houseman_eq,CRC,cfrrbs,limma,in_silico,top500,0.007
healthy_CRC_0.007_20000000_rep4,0.0083956414219157,Houseman_eq,CRC,cfrrbs,limma,in_silico,top500,0.007
healthy_CRC_0.007_20000000_rep5,0.0012805736121433,Houseman_eq,CRC,cfrrbs,limma,in_silico,top500,0.007
healthy_CRC_0.007_20000000_rep6,0.0092418797746877,Houseman_eq,CRC,cfrrbs,limma,in_silico,top500,0.007
healthy_CRC_0.007_20000000_rep7,0.0097325727890834,Houseman_eq,CRC,cfrrbs,limma,in_silico,top500,0.007
healthy_CRC_0.007_20000000_rep8,0.0,Houseman_eq,CRC,cfrrbs,limma,in_silico,top500,0.007
healthy_CRC_0.007_20000000_rep9,0.0,Houseman_eq,CRC,cfrrbs,limma,in_silico,top500,0.007
healthy_CRC_0.01_20000000_rep1,0.0071982039918663,Houseman_eq,CRC,cfrrbs,limma,in_silico,top500,0.01
healthy_CRC_0.01_20000000_rep10,0.0006213611485392,Houseman_eq,CRC,cfrrbs,limma,in_silico,top500,0.01
healthy_CRC_0.01_20000000_rep2,0.0080125868608756,Houseman_eq,CRC,cfrrbs,limma,in_silico,top500,0.01
healthy_CRC_0.01_20000000_rep3,0.0066807381007657,Houseman_eq,CRC,cfrrbs,limma,in_silico,top500,0.01
healthy_CRC_0.01_20000000_rep4,0.0076186843669376,Houseman_eq,CRC,cfrrbs,limma,in_silico,top500,0.01
healthy_CRC_0.01_20000000_rep5,0.0116378344606355,Houseman_eq,CRC,cfrrbs,limma,in_silico,top500,0.01
healthy_CRC_0.01_20000000_rep6,0.0103934891592257,Houseman_eq,CRC,cfrrbs,limma,in_silico,top500,0.01
healthy_CRC_0.01_20000000_rep7,0.0050584433707877,Houseman_eq,CRC,cfrrbs,limma,in_silico,top500,0.01
healthy_CRC_0.01_20000000_rep8,0.0052055195943781,Houseman_eq,CRC,cfrrbs,limma,in_silico,top500,0.01
healthy_CRC_0.01_20000000_rep9,0.0071421635491148,Houseman_eq,CRC,cfrrbs,limma,in_silico,top500,0.01
healthy_CRC_0.025_20000000_rep1,0.0089802230141362,Houseman_eq,CRC,cfrrbs,limma,in_silico,top500,0.025
healthy_CRC_0.025_20000000_rep10,0.0130745495459784,Houseman_eq,CRC,cfrrbs,limma,in_silico,top500,0.025
healthy_CRC_0.025_20000000_rep2,0.0244488887768559,Houseman_eq,CRC,cfrrbs,limma,in_silico,top500,0.025
healthy_CRC_0.025_20000000_rep3,0.0118562814461024,Houseman_eq,CRC,cfrrbs,limma,in_silico,top500,0.025
healthy_CRC_0.025_20000000_rep4,0.011676351899099,Houseman_eq,CRC,cfrrbs,limma,in_silico,top500,0.025
healthy_CRC_0.025_20000000_rep5,0.0194302939055015,Houseman_eq,CRC,cfrrbs,limma,in_silico,top500,0.025
healthy_CRC_0.025_20000000_rep6,0.0208173430526537,Houseman_eq,CRC,cfrrbs,limma,in_silico,top500,0.025
healthy_CRC_0.025_20000000_rep7,0.0176905629863471,Houseman_eq,CRC,cfrrbs,limma,in_silico,top500,0.025
healthy_CRC_0.025_20000000_rep8,0.0143781261797098,Houseman_eq,CRC,cfrrbs,limma,in_silico,top500,0.025
healthy_CRC_0.025_20000000_rep9,0.0200520430273148,Houseman_eq,CRC,cfrrbs,limma,in_silico,top500,0.025
healthy_CRC_0.05_20000000_rep1,0.03339985837873,Houseman_eq,CRC,cfrrbs,limma,in_silico,top500,0.05
healthy_CRC_0.05_20000000_rep10,0.0310133322551758,Houseman_eq,CRC,cfrrbs,limma,in_silico,top500,0.05
healthy_CRC_0.05_20000000_rep2,0.026498862095178,Houseman_eq,CRC,cfrrbs,limma,in_silico,top500,0.05
healthy_CRC_0.05_20000000_rep3,0.0354975483152302,Houseman_eq,CRC,cfrrbs,limma,in_silico,top500,0.05
healthy_CRC_0.05_20000000_rep4,0.0220281421260505,Houseman_eq,CRC,cfrrbs,limma,in_silico,top500,0.05
healthy_CRC_0.05_20000000_rep5,0.0255157819784744,Houseman_eq,CRC,cfrrbs,limma,in_silico,top500,0.05
healthy_CRC_0.05_20000000_rep6,0.0299722862446386,Houseman_eq,CRC,cfrrbs,limma,in_silico,top500,0.05
healthy_CRC_0.05_20000000_rep7,0.0355153050611856,Houseman_eq,CRC,cfrrbs,limma,in_silico,top500,0.05
healthy_CRC_0.05_20000000_rep8,0.0290456296840782,Houseman_eq,CRC,cfrrbs,limma,in_silico,top500,0.05
healthy_CRC_0.05_20000000_rep9,0.0335323482734256,Houseman_eq,CRC,cfrrbs,limma,in_silico,top500,0.05
healthy_CRC_0.1_20000000_rep1,0.0613040634526273,Houseman_eq,CRC,cfrrbs,limma,in_silico,top500,0.1
healthy_CRC_0.1_20000000_rep10,0.0609426252464146,Houseman_eq,CRC,cfrrbs,limma,in_silico,top500,0.1
healthy_CRC_0.1_20000000_rep2,0.0547040697468673,Houseman_eq,CRC,cfrrbs,limma,in_silico,top500,0.1
healthy_CRC_0.1_20000000_rep3,0.0676443317067032,Houseman_eq,CRC,cfrrbs,limma,in_silico,top500,0.1
healthy_CRC_0.1_20000000_rep4,0.0612013211191003,Houseman_eq,CRC,cfrrbs,limma,in_silico,top500,0.1
healthy_CRC_0.1_20000000_rep5,0.0648326174405605,Houseman_eq,CRC,cfrrbs,limma,in_silico,top500,0.1
healthy_CRC_0.1_20000000_rep6,0.0566053539214269,Houseman_eq,CRC,cfrrbs,limma,in_silico,top500,0.1
healthy_CRC_0.1_20000000_rep7,0.0567929848787301,Houseman_eq,CRC,cfrrbs,limma,in_silico,top500,0.1
healthy_CRC_0.1_20000000_rep8,0.0655110813670896,Houseman_eq,CRC,cfrrbs,limma,in_silico,top500,0.1
healthy_CRC_0.1_20000000_rep9,0.0553097102513837,Houseman_eq,CRC,cfrrbs,limma,in_silico,top500,0.1
healthy_CRC_0.25_20000000_rep1,0.142361358602602,Houseman_eq,CRC,cfrrbs,limma,in_silico,top500,0.25
healthy_CRC_0.25_20000000_rep10,0.148351766675537,Houseman_eq,CRC,cfrrbs,limma,in_silico,top500,0.25
healthy_CRC_0.25_20000000_rep2,0.148676877887085,Houseman_eq,CRC,cfrrbs,limma,in_silico,top500,0.25
healthy_CRC_0.25_20000000_rep3,0.157982408858405,Houseman_eq,CRC,cfrrbs,limma,in_silico,top500,0.25
healthy_CRC_0.25_20000000_rep4,0.145058368031226,Houseman_eq,CRC,cfrrbs,limma,in_silico,top500,0.25
healthy_CRC_0.25_20000000_rep5,0.150820211638056,Houseman_eq,CRC,cfrrbs,limma,in_silico,top500,0.25
healthy_CRC_0.25_20000000_rep6,0.150936267791136,Houseman_eq,CRC,cfrrbs,limma,in_silico,top500,0.25
healthy_CRC_0.25_20000000_rep7,0.14693617543167,Houseman_eq,CRC,cfrrbs,limma,in_silico,top500,0.25
healthy_CRC_0.25_20000000_rep8,0.154519289742974,Houseman_eq,CRC,cfrrbs,limma,in_silico,top500,0.25
healthy_CRC_0.25_20000000_rep9,0.148289681334372,Houseman_eq,CRC,cfrrbs,limma,in_silico,top500,0.25
healthy_CRC_0.5_20000000_rep1,0.315416932014696,Houseman_eq,CRC,cfrrbs,limma,in_silico,top500,0.5
healthy_CRC_0.5_20000000_rep10,0.31763873765654,Houseman_eq,CRC,cfrrbs,limma,in_silico,top500,0.5
healthy_CRC_0.5_20000000_rep2,0.304599494349154,Houseman_eq,CRC,cfrrbs,limma,in_silico,top500,0.5
healthy_CRC_0.5_20000000_rep3,0.31440860644402,Houseman_eq,CRC,cfrrbs,limma,in_silico,top500,0.5
healthy_CRC_0.5_20000000_rep4,0.310903614209802,Houseman_eq,CRC,cfrrbs,limma,in_silico,top500,0.5
healthy_CRC_0.5_20000000_rep5,0.309250012970292,Houseman_eq,CRC,cfrrbs,limma,in_silico,top500,0.5
healthy_CRC_0.5_20000000_rep6,0.310532636926885,Houseman_eq,CRC,cfrrbs,limma,in_silico,top500,0.5
healthy_CRC_0.5_20000000_rep7,0.309809848725935,Houseman_eq,CRC,cfrrbs,limma,in_silico,top500,0.5
healthy_CRC_0.5_20000000_rep8,0.303176452004045,Houseman_eq,CRC,cfrrbs,limma,in_silico,top500,0.5
healthy_CRC_0.5_20000000_rep9,0.309761254163941,Houseman_eq,CRC,cfrrbs,limma,in_silico,top500,0.5
healthy_CRC_0_20000000_rep1,0.0074846086448559,Houseman_eq,CRC,cfrrbs,limma,in_silico,top500,0
healthy_CRC_0_20000000_rep10,0.0023739762169486,Houseman_eq,CRC,cfrrbs,limma,in_silico,top500,0
healthy_CRC_0_20000000_rep2,-4.336808689942022e-19,Houseman_eq,CRC,cfrrbs,limma,in_silico,top500,0
healthy_CRC_0_20000000_rep3,0.0024942514403034,Houseman_eq,CRC,cfrrbs,limma,in_silico,top500,0
healthy_CRC_0_20000000_rep4,0.0014748210787933,Houseman_eq,CRC,cfrrbs,limma,in_silico,top500,0
healthy_CRC_0_20000000_rep5,0.0016166173525796,Houseman_eq,CRC,cfrrbs,limma,in_silico,top500,0
healthy_CRC_0_20000000_rep6,0.0027764141703818,Houseman_eq,CRC,cfrrbs,limma,in_silico,top500,0
healthy_CRC_0_20000000_rep7,0.0007090403288208,Houseman_eq,CRC,cfrrbs,limma,in_silico,top500,0
healthy_CRC_0_20000000_rep8,0.0061837850270779,Houseman_eq,CRC,cfrrbs,limma,in_silico,top500,0
healthy_CRC_0_20000000_rep9,0.0011725879968853,Houseman_eq,CRC,cfrrbs,limma,in_silico,top500,0
healthy_CRC_0.0001_20000000_rep1,0.002,MetDecode,CRC,cfrrbs,limma,in_silico,top500,0.0001
healthy_CRC_0.0001_20000000_rep10,0.001,MetDecode,CRC,cfrrbs,limma,in_silico,top500,0.0001
healthy_CRC_0.0001_20000000_rep2,0.0,MetDecode,CRC,cfrrbs,limma,in_silico,top500,0.0001
healthy_CRC_0.0001_20000000_rep3,0.001,MetDecode,CRC,cfrrbs,limma,in_silico,top500,0.0001
healthy_CRC_0.0001_20000000_rep4,0.0,MetDecode,CRC,cfrrbs,limma,in_silico,top500,0.0001
healthy_CRC_0.0001_20000000_rep5,0.001,MetDecode,CRC,cfrrbs,limma,in_silico,top500,0.0001
healthy_CRC_0.0001_20000000_rep6,0.0,MetDecode,CRC,cfrrbs,limma,in_silico,top500,0.0001
healthy_CRC_0.0001_20000000_rep7,0.001,MetDecode,CRC,cfrrbs,limma,in_silico,top500,0.0001
healthy_CRC_0.0001_20000000_rep8,0.0,MetDecode,CRC,cfrrbs,limma,in_silico,top500,0.0001
healthy_CRC_0.0001_20000000_rep9,0.004,MetDecode,CRC,cfrrbs,limma,in_silico,top500,0.0001
healthy_CRC_0.001_20000000_rep1,0.002,MetDecode,CRC,cfrrbs,limma,in_silico,top500,0.001
healthy_CRC_0.001_20000000_rep10,0.001,MetDecode,CRC,cfrrbs,limma,in_silico,top500,0.001
healthy_CRC_0.001_20000000_rep2,0.001,MetDecode,CRC,cfrrbs,limma,in_silico,top500,0.001
healthy_CRC_0.001_20000000_rep3,0.002,MetDecode,CRC,cfrrbs,limma,in_silico,top500,0.001
healthy_CRC_0.001_20000000_rep4,0.001,MetDecode,CRC,cfrrbs,limma,in_silico,top500,0.001
healthy_CRC_0.001_20000000_rep5,0.001,MetDecode,CRC,cfrrbs,limma,in_silico,top500,0.001
healthy_CRC_0.001_20000000_rep6,0.003,MetDecode,CRC,cfrrbs,limma,in_silico,top500,0.001
healthy_CRC_0.001_20000000_rep7,0.0,MetDecode,CRC,cfrrbs,limma,in_silico,top500,0.001
healthy_CRC_0.001_20000000_rep8,0.002,MetDecode,CRC,cfrrbs,limma,in_silico,top500,0.001
healthy_CRC_0.001_20000000_rep9,0.0,MetDecode,CRC,cfrrbs,limma,in_silico,top500,0.001
healthy_CRC_0.003_20000000_rep1,0.001,MetDecode,CRC,cfrrbs,limma,in_silico,top500,0.003
healthy_CRC_0.003_20000000_rep10,0.002,MetDecode,CRC,cfrrbs,limma,in_silico,top500,0.003
healthy_CRC_0.003_20000000_rep2,0.001,MetDecode,CRC,cfrrbs,limma,in_silico,top500,0.003
healthy_CRC_0.003_20000000_rep3,0.002,MetDecode,CRC,cfrrbs,limma,in_silico,top500,0.003
healthy_CRC_0.003_20000000_rep4,0.003,MetDecode,CRC,cfrrbs,limma,in_silico,top500,0.003
healthy_CRC_0.003_20000000_rep5,0.001,MetDecode,CRC,cfrrbs,limma,in_silico,top500,0.003
healthy_CRC_0.003_20000000_rep6,0.0,MetDecode,CRC,cfrrbs,limma,in_silico,top500,0.003
healthy_CRC_0.003_20000000_rep7,0.001,MetDecode,CRC,cfrrbs,limma,in_silico,top500,0.003
healthy_CRC_0.003_20000000_rep8,0.006,MetDecode,CRC,cfrrbs,limma,in_silico,top500,0.003
healthy_CRC_0.003_20000000_rep9,0.001,MetDecode,CRC,cfrrbs,limma,in_silico,top500,0.003
healthy_CRC_0.007_20000000_rep1,0.003,MetDecode,CRC,cfrrbs,limma,in_silico,top500,0.007
healthy_CRC_0.007_20000000_rep10,0.01,MetDecode,CRC,cfrrbs,limma,in_silico,top500,0.007
healthy_CRC_0.007_20000000_rep2,0.004,MetDecode,CRC,cfrrbs,limma,in_silico,top500,0.007
healthy_CRC_0.007_20000000_rep3,0.002,MetDecode,CRC,cfrrbs,limma,in_silico,top500,0.007
healthy_CRC_0.007_20000000_rep4,0.002,MetDecode,CRC,cfrrbs,limma,in_silico,top500,0.007
healthy_CRC_0.007_20000000_rep5,0.0,MetDecode,CRC,cfrrbs,limma,in_silico,top500,0.007
healthy_CRC_0.007_20000000_rep6,0.005,MetDecode,CRC,cfrrbs,limma,in_silico,top500,0.007
healthy_CRC_0.007_20000000_rep7,0.006,MetDecode,CRC,cfrrbs,limma,in_silico,top500,0.007
healthy_CRC_0.007_20000000_rep8,0.001,MetDecode,CRC,cfrrbs,limma,in_silico,top500,0.007
healthy_CRC_0.007_20000000_rep9,0.0,MetDecode,CRC,cfrrbs,limma,in_silico,top500,0.007
healthy_CRC_0.01_20000000_rep1,0.002,MetDecode,CRC,cfrrbs,limma,in_silico,top500,0.01
healthy_CRC_0.01_20000000_rep10,0.0,MetDecode,CRC,cfrrbs,limma,in_silico,top500,0.01
healthy_CRC_0.01_20000000_rep2,0.002,MetDecode,CRC,cfrrbs,limma,in_silico,top500,0.01
healthy_CRC_0.01_20000000_rep3,0.002,MetDecode,CRC,cfrrbs,limma,in_silico,top500,0.01
healthy_CRC_0.01_20000000_rep4,0.003,MetDecode,CRC,cfrrbs,limma,in_silico,top500,0.01
healthy_CRC_0.01_20000000_rep5,0.005,MetDecode,CRC,cfrrbs,limma,in_silico,top500,0.01
healthy_CRC_0.01_20000000_rep6,0.005,MetDecode,CRC,cfrrbs,limma,in_silico,top500,0.01
healthy_CRC_0.01_20000000_rep7,0.004,MetDecode,CRC,cfrrbs,limma,in_silico,top500,0.01
healthy_CRC_0.01_20000000_rep8,0.002,MetDecode,CRC,cfrrbs,limma,in_silico,top500,0.01
healthy_CRC_0.01_20000000_rep9,0.004,MetDecode,CRC,cfrrbs,limma,in_silico,top500,0.01
healthy_CRC_0.025_20000000_rep1,0.009,MetDecode,CRC,cfrrbs,limma,in_silico,top500,0.025
healthy_CRC_0.025_20000000_rep10,0.009,MetDecode,CRC,cfrrbs,limma,in_silico,top500,0.025
healthy_CRC_0.025_20000000_rep2,0.031,MetDecode,CRC,cfrrbs,limma,in_silico,top500,0.025
healthy_CRC_0.025_20000000_rep3,0.015,MetDecode,CRC,cfrrbs,limma,in_silico,top500,0.025
healthy_CRC_0.025_20000000_rep4,0.017,MetDecode,CRC,cfrrbs,limma,in_silico,top500,0.025
healthy_CRC_0.025_20000000_rep5,0.02,MetDecode,CRC,cfrrbs,limma,in_silico,top500,0.025
healthy_CRC_0.025_20000000_rep6,0.018,MetDecode,CRC,cfrrbs,limma,in_silico,top500,0.025
healthy_CRC_0.025_20000000_rep7,0.024,MetDecode,CRC,cfrrbs,limma,in_silico,top500,0.025
healthy_CRC_0.025_20000000_rep8,0.018,MetDecode,CRC,cfrrbs,limma,in_silico,top500,0.025
healthy_CRC_0.025_20000000_rep9,0.015,MetDecode,CRC,cfrrbs,limma,in_silico,top500,0.025
healthy_CRC_0.05_20000000_rep1,0.039,MetDecode,CRC,cfrrbs,limma,in_silico,top500,0.05
healthy_CRC_0.05_20000000_rep10,0.034,MetDecode,CRC,cfrrbs,limma,in_silico,top500,0.05
healthy_CRC_0.05_20000000_rep2,0.041,MetDecode,CRC,cfrrbs,limma,in_silico,top500,0.05
healthy_CRC_0.05_20000000_rep3,0.036,MetDecode,CRC,cfrrbs,limma,in_silico,top500,0.05
healthy_CRC_0.05_20000000_rep4,0.03,MetDecode,CRC,cfrrbs,limma,in_silico,top500,0.05
healthy_CRC_0.05_20000000_rep5,0.03,MetDecode,CRC,cfrrbs,limma,in_silico,top500,0.05
healthy_CRC_0.05_20000000_rep6,0.031,MetDecode,CRC,cfrrbs,limma,in_silico,top500,0.05
healthy_CRC_0.05_20000000_rep7,0.04,MetDecode,CRC,cfrrbs,limma,in_silico,top500,0.05
healthy_CRC_0.05_20000000_rep8,0.043,MetDecode,CRC,cfrrbs,limma,in_silico,top500,0.05
healthy_CRC_0.05_20000000_rep9,0.044,MetDecode,CRC,cfrrbs,limma,in_silico,top500,0.05
healthy_CRC_0.1_20000000_rep1,0.087,MetDecode,CRC,cfrrbs,limma,in_silico,top500,0.1
healthy_CRC_0.1_20000000_rep10,0.081,MetDecode,CRC,cfrrbs,limma,in_silico,top500,0.1
healthy_CRC_0.1_20000000_rep2,0.085,MetDecode,CRC,cfrrbs,limma,in_silico,top500,0.1
healthy_CRC_0.1_20000000_rep3,0.101,MetDecode,CRC,cfrrbs,limma,in_silico,top500,0.1
healthy_CRC_0.1_20000000_rep4,0.076,MetDecode,CRC,cfrrbs,limma,in_silico,top500,0.1
healthy_CRC_0.1_20000000_rep5,0.101,MetDecode,CRC,cfrrbs,limma,in_silico,top500,0.1
healthy_CRC_0.1_20000000_rep6,0.091,MetDecode,CRC,cfrrbs,limma,in_silico,top500,0.1
healthy_CRC_0.1_20000000_rep7,0.087,MetDecode,CRC,cfrrbs,limma,in_silico,top500,0.1
healthy_CRC_0.1_20000000_rep8,0.099,MetDecode,CRC,cfrrbs,limma,in_silico,top500,0.1
healthy_CRC_0.1_20000000_rep9,0.084,MetDecode,CRC,cfrrbs,limma,in_silico,top500,0.1
healthy_CRC_0.25_20000000_rep1,0.232,MetDecode,CRC,cfrrbs,limma,in_silico,top500,0.25
healthy_CRC_0.25_20000000_rep10,0.221,MetDecode,CRC,cfrrbs,limma,in_silico,top500,0.25
healthy_CRC_0.25_20000000_rep2,0.217,MetDecode,CRC,cfrrbs,limma,in_silico,top500,0.25
healthy_CRC_0.25_20000000_rep3,0.22,MetDecode,CRC,cfrrbs,limma,in_silico,top500,0.25
healthy_CRC_0.25_20000000_rep4,0.211,MetDecode,CRC,cfrrbs,limma,in_silico,top500,0.25
healthy_CRC_0.25_20000000_rep5,0.24,MetDecode,CRC,cfrrbs,limma,in_silico,top500,0.25
healthy_CRC_0.25_20000000_rep6,0.233,MetDecode,CRC,cfrrbs,limma,in_silico,top500,0.25
healthy_CRC_0.25_20000000_rep7,0.228,MetDecode,CRC,cfrrbs,limma,in_silico,top500,0.25
healthy_CRC_0.25_20000000_rep8,0.218,MetDecode,CRC,cfrrbs,limma,in_silico,top500,0.25
healthy_CRC_0.25_20000000_rep9,0.229,MetDecode,CRC,cfrrbs,limma,in_silico,top500,0.25
healthy_CRC_0.5_20000000_rep1,0.453,MetDecode,CRC,cfrrbs,limma,in_silico,top500,0.5
healthy_CRC_0.5_20000000_rep10,0.438,MetDecode,CRC,cfrrbs,limma,in_silico,top500,0.5
healthy_CRC_0.5_20000000_rep2,0.438,MetDecode,CRC,cfrrbs,limma,in_silico,top500,0.5
healthy_CRC_0.5_20000000_rep3,0.449,MetDecode,CRC,cfrrbs,limma,in_silico,top500,0.5
healthy_CRC_0.5_20000000_rep4,0.445,MetDecode,CRC,cfrrbs,limma,in_silico,top500,0.5
healthy_CRC_0.5_20000000_rep5,0.444,MetDecode,CRC,cfrrbs,limma,in_silico,top500,0.5
healthy_CRC_0.5_20000000_rep6,0.442,MetDecode,CRC,cfrrbs,limma,in_silico,top500,0.5
healthy_CRC_0.5_20000000_rep7,0.454,MetDecode,CRC,cfrrbs,limma,in_silico,top500,0.5
healthy_CRC_0.5_20000000_rep8,0.439,MetDecode,CRC,cfrrbs,limma,in_silico,top500,0.5
healthy_CRC_0.5_20000000_rep9,0.449,MetDecode,CRC,cfrrbs,limma,in_silico,top500,0.5
healthy_CRC_0_20000000_rep1,0.002,MetDecode,CRC,cfrrbs,limma,in_silico,top500,0
healthy_CRC_0_20000000_rep10,0.002,MetDecode,CRC,cfrrbs,limma,in_silico,top500,0
healthy_CRC_0_20000000_rep2,0.001,MetDecode,CRC,cfrrbs,limma,in_silico,top500,0
healthy_CRC_0_20000000_rep3,0.001,MetDecode,CRC,cfrrbs,limma,in_silico,top500,0
healthy_CRC_0_20000000_rep4,0.001,MetDecode,CRC,cfrrbs,limma,in_silico,top500,0
healthy_CRC_0_20000000_rep5,0.001,MetDecode,CRC,cfrrbs,limma,in_silico,top500,0
healthy_CRC_0_20000000_rep6,0.001,MetDecode,CRC,cfrrbs,limma,in_silico,top500,0
healthy_CRC_0_20000000_rep7,0.001,MetDecode,CRC,cfrrbs,limma,in_silico,top500,0
healthy_CRC_0_20000000_rep8,0.0,MetDecode,CRC,cfrrbs,limma,in_silico,top500,0
healthy_CRC_0_20000000_rep9,0.002,MetDecode,CRC,cfrrbs,limma,in_silico,top500,0
healthy_CRC_0.0001_20000000_rep1,0.0071786048914476,CelFiE,CRC,cfrrbs,limma,in_silico,top500,0.0001
healthy_CRC_0.0001_20000000_rep10,0.0052083324599704,CelFiE,CRC,cfrrbs,limma,in_silico,top500,0.0001
healthy_CRC_0.0001_20000000_rep2,0.0051090467589196,CelFiE,CRC,cfrrbs,limma,in_silico,top500,0.0001
healthy_CRC_0.0001_20000000_rep3,0.0055128369072309,CelFiE,CRC,cfrrbs,limma,in_silico,top500,0.0001
healthy_CRC_0.0001_20000000_rep4,0.0021421223975505,CelFiE,CRC,cfrrbs,limma,in_silico,top500,0.0001
healthy_CRC_0.0001_20000000_rep5,0.0049660481148576,CelFiE,CRC,cfrrbs,limma,in_silico,top500,0.0001
healthy_CRC_0.0001_20000000_rep6,0.0040318220747269,CelFiE,CRC,cfrrbs,limma,in_silico,top500,0.0001
healthy_CRC_0.0001_20000000_rep7,0.0047120862563611,CelFiE,CRC,cfrrbs,limma,in_silico,top500,0.0001
healthy_CRC_0.0001_20000000_rep8,0.0061265397938818,CelFiE,CRC,cfrrbs,limma,in_silico,top500,0.0001
healthy_CRC_0.0001_20000000_rep9,0.0062851379557008,CelFiE,CRC,cfrrbs,limma,in_silico,top500,0.0001
healthy_CRC_0.001_20000000_rep1,0.0057241884509162,CelFiE,CRC,cfrrbs,limma,in_silico,top500,0.001
healthy_CRC_0.001_20000000_rep10,0.0045972817317868,CelFiE,CRC,cfrrbs,limma,in_silico,top500,0.001
healthy_CRC_0.001_20000000_rep2,0.007105638197613,CelFiE,CRC,cfrrbs,limma,in_silico,top500,0.001
healthy_CRC_0.001_20000000_rep3,0.0056257635907362,CelFiE,CRC,cfrrbs,limma,in_silico,top500,0.001
healthy_CRC_0.001_20000000_rep4,0.0040107400235605,CelFiE,CRC,cfrrbs,limma,in_silico,top500,0.001
healthy_CRC_0.001_20000000_rep5,0.0055958448498782,CelFiE,CRC,cfrrbs,limma,in_silico,top500,0.001
healthy_CRC_0.001_20000000_rep6,0.0057188538127384,CelFiE,CRC,cfrrbs,limma,in_silico,top500,0.001
healthy_CRC_0.001_20000000_rep7,0.00489445108288,CelFiE,CRC,cfrrbs,limma,in_silico,top500,0.001
healthy_CRC_0.001_20000000_rep8,0.0067579491906946,CelFiE,CRC,cfrrbs,limma,in_silico,top500,0.001
healthy_CRC_0.001_20000000_rep9,0.0050724152851415,CelFiE,CRC,cfrrbs,limma,in_silico,top500,0.001
healthy_CRC_0.003_20000000_rep1,0.0065243503257689,CelFiE,CRC,cfrrbs,limma,in_silico,top500,0.003
healthy_CRC_0.003_20000000_rep10,0.0101288502550602,CelFiE,CRC,cfrrbs,limma,in_silico,top500,0.003
healthy_CRC_0.003_20000000_rep2,0.005937833434016,CelFiE,CRC,cfrrbs,limma,in_silico,top500,0.003
healthy_CRC_0.003_20000000_rep3,0.0081749765864066,CelFiE,CRC,cfrrbs,limma,in_silico,top500,0.003
healthy_CRC_0.003_20000000_rep4,0.0087451026483949,CelFiE,CRC,cfrrbs,limma,in_silico,top500,0.003
healthy_CRC_0.003_20000000_rep5,0.0088846721042663,CelFiE,CRC,cfrrbs,limma,in_silico,top500,0.003
healthy_CRC_0.003_20000000_rep6,0.0072502479660595,CelFiE,CRC,cfrrbs,limma,in_silico,top500,0.003
healthy_CRC_0.003_20000000_rep7,0.007340589894307,CelFiE,CRC,cfrrbs,limma,in_silico,top500,0.003
healthy_CRC_0.003_20000000_rep8,0.0069682486953212,CelFiE,CRC,cfrrbs,limma,in_silico,top500,0.003
healthy_CRC_0.003_20000000_rep9,0.0065016831086174,CelFiE,CRC,cfrrbs,limma,in_silico,top500,0.003
healthy_CRC_0.007_20000000_rep1,0.0084146113540831,CelFiE,CRC,cfrrbs,limma,in_silico,top500,0.007
healthy_CRC_0.007_20000000_rep10,0.0126910910507676,CelFiE,CRC,cfrrbs,limma,in_silico,top500,0.007
healthy_CRC_0.007_20000000_rep2,0.0101063942831569,CelFiE,CRC,cfrrbs,limma,in_silico,top500,0.007
healthy_CRC_0.007_20000000_rep3,0.0106489799862478,CelFiE,CRC,cfrrbs,limma,in_silico,top500,0.007
healthy_CRC_0.007_20000000_rep4,0.00711170445075,CelFiE,CRC,cfrrbs,limma,in_silico,top500,0.007
healthy_CRC_0.007_20000000_rep5,0.0083732130269205,CelFiE,CRC,cfrrbs,limma,in_silico,top500,0.007
healthy_CRC_0.007_20000000_rep6,0.0155130995654805,CelFiE,CRC,cfrrbs,limma,in_silico,top500,0.007
healthy_CRC_0.007_20000000_rep7,0.013974587281055,CelFiE,CRC,cfrrbs,limma,in_silico,top500,0.007
healthy_CRC_0.007_20000000_rep8,0.007978800891107,CelFiE,CRC,cfrrbs,limma,in_silico,top500,0.007
healthy_CRC_0.007_20000000_rep9,0.0081772201871232,CelFiE,CRC,cfrrbs,limma,in_silico,top500,0.007
healthy_CRC_0.01_20000000_rep1,0.0112024025036102,CelFiE,CRC,cfrrbs,limma,in_silico,top500,0.01
healthy_CRC_0.01_20000000_rep10,0.0097876719212661,CelFiE,CRC,cfrrbs,limma,in_silico,top500,0.01
healthy_CRC_0.01_20000000_rep2,0.0095190325042387,CelFiE,CRC,cfrrbs,limma,in_silico,top500,0.01
healthy_CRC_0.01_20000000_rep3,0.0153748551136886,CelFiE,CRC,cfrrbs,limma,in_silico,top500,0.01
healthy_CRC_0.01_20000000_rep4,0.0140743599118849,CelFiE,CRC,cfrrbs,limma,in_silico,top500,0.01
healthy_CRC_0.01_20000000_rep5,0.0145127400852503,CelFiE,CRC,cfrrbs,limma,in_silico,top500,0.01
healthy_CRC_0.01_20000000_rep6,0.0137545454292842,CelFiE,CRC,cfrrbs,limma,in_silico,top500,0.01
healthy_CRC_0.01_20000000_rep7,0.0100826252229786,CelFiE,CRC,cfrrbs,limma,in_silico,top500,0.01
healthy_CRC_0.01_20000000_rep8,0.0117087062853972,CelFiE,CRC,cfrrbs,limma,in_silico,top500,0.01
healthy_CRC_0.01_20000000_rep9,0.012943052053377,CelFiE,CRC,cfrrbs,limma,in_silico,top500,0.01
healthy_CRC_0.025_20000000_rep1,0.0234694305466987,CelFiE,CRC,cfrrbs,limma,in_silico,top500,0.025
healthy_CRC_0.025_20000000_rep10,0.0209775256158978,CelFiE,CRC,cfrrbs,limma,in_silico,top500,0.025
healthy_CRC_0.025_20000000_rep2,0.032099767421558,CelFiE,CRC,cfrrbs,limma,in_silico,top500,0.025
healthy_CRC_0.025_20000000_rep3,0.021946553553929,CelFiE,CRC,cfrrbs,limma,in_silico,top500,0.025
healthy_CRC_0.025_20000000_rep4,0.019874806871788,CelFiE,CRC,cfrrbs,limma,in_silico,top500,0.025
healthy_CRC_0.025_20000000_rep5,0.0295538875135416,CelFiE,CRC,cfrrbs,limma,in_silico,top500,0.025
healthy_CRC_0.025_20000000_rep6,0.0276727644313175,CelFiE,CRC,cfrrbs,limma,in_silico,top500,0.025
healthy_CRC_0.025_20000000_rep7,0.0258473587686113,CelFiE,CRC,cfrrbs,limma,in_silico,top500,0.025
healthy_CRC_0.025_20000000_rep8,0.0210413806759335,CelFiE,CRC,cfrrbs,limma,in_silico,top500,0.025
healthy_CRC_0.025_20000000_rep9,0.0272216913489798,CelFiE,CRC,cfrrbs,limma,in_silico,top500,0.025
healthy_CRC_0.05_20000000_rep1,0.0432001321916332,CelFiE,CRC,cfrrbs,limma,in_silico,top500,0.05
healthy_CRC_0.05_20000000_rep10,0.0443239765226418,CelFiE,CRC,cfrrbs,limma,in_silico,top500,0.05
healthy_CRC_0.05_20000000_rep2,0.0474747101910473,CelFiE,CRC,cfrrbs,limma,in_silico,top500,0.05
healthy_CRC_0.05_20000000_rep3,0.0509044880145027,CelFiE,CRC,cfrrbs,limma,in_silico,top500,0.05
healthy_CRC_0.05_20000000_rep4,0.038277346933175,CelFiE,CRC,cfrrbs,limma,in_silico,top500,0.05
healthy_CRC_0.05_20000000_rep5,0.0356273367044314,CelFiE,CRC,cfrrbs,limma,in_silico,top500,0.05
healthy_CRC_0.05_20000000_rep6,0.0463233982201468,CelFiE,CRC,cfrrbs,limma,in_silico,top500,0.05
healthy_CRC_0.05_20000000_rep7,0.0436290062044507,CelFiE,CRC,cfrrbs,limma,in_silico,top500,0.05
healthy_CRC_0.05_20000000_rep8,0.0482755590020513,CelFiE,CRC,cfrrbs,limma,in_silico,top500,0.05
healthy_CRC_0.05_20000000_rep9,0.0452334766481654,CelFiE,CRC,cfrrbs,limma,in_silico,top500,0.05
healthy_CRC_0.1_20000000_rep1,0.0852429829142102,CelFiE,CRC,cfrrbs,limma,in_silico,top500,0.1
healthy_CRC_0.1_20000000_rep10,0.0815162076956596,CelFiE,CRC,cfrrbs,limma,in_silico,top500,0.1
healthy_CRC_0.1_20000000_rep2,0.074884191668945,CelFiE,CRC,cfrrbs,limma,in_silico,top500,0.1
healthy_CRC_0.1_20000000_rep3,0.0910609864801443,CelFiE,CRC,cfrrbs,limma,in_silico,top500,0.1
healthy_CRC_0.1_20000000_rep4,0.0827271558024212,CelFiE,CRC,cfrrbs,limma,in_silico,top500,0.1
healthy_CRC_0.1_20000000_rep5,0.0894437328994023,CelFiE,CRC,cfrrbs,limma,in_silico,top500,0.1
healthy_CRC_0.1_20000000_rep6,0.083754553136334,CelFiE,CRC,cfrrbs,limma,in_silico,top500,0.1
healthy_CRC_0.1_20000000_rep7,0.0785860093495577,CelFiE,CRC,cfrrbs,limma,in_silico,top500,0.1
healthy_CRC_0.1_20000000_rep8,0.0847446504342866,CelFiE,CRC,cfrrbs,limma,in_silico,top500,0.1
healthy_CRC_0.1_20000000_rep9,0.0824817614010529,CelFiE,CRC,cfrrbs,limma,in_silico,top500,0.1
healthy_CRC_0.25_20000000_rep1,0.1984330854381505,CelFiE,CRC,cfrrbs,limma,in_silico,top500,0.25
healthy_CRC_0.25_20000000_rep10,0.2008386940441049,CelFiE,CRC,cfrrbs,limma,in_silico,top500,0.25
healthy_CRC_0.25_20000000_rep2,0.204889642173067,CelFiE,CRC,cfrrbs,limma,in_silico,top500,0.25
healthy_CRC_0.25_20000000_rep3,0.2087920655758645,CelFiE,CRC,cfrrbs,limma,in_silico,top500,0.25
healthy_CRC_0.25_20000000_rep4,0.1984317609758898,CelFiE,CRC,cfrrbs,limma,in_silico,top500,0.25
healthy_CRC_0.25_20000000_rep5,0.2085557117357717,CelFiE,CRC,cfrrbs,limma,in_silico,top500,0.25
healthy_CRC_0.25_20000000_rep6,0.2065861683805923,CelFiE,CRC,cfrrbs,limma,in_silico,top500,0.25
healthy_CRC_0.25_20000000_rep7,0.2060539241942315,CelFiE,CRC,cfrrbs,limma,in_silico,top500,0.25
healthy_CRC_0.25_20000000_rep8,0.2099292339273166,CelFiE,CRC,cfrrbs,limma,in_silico,top500,0.25
healthy_CRC_0.25_20000000_rep9,0.2040341177961608,CelFiE,CRC,cfrrbs,limma,in_silico,top500,0.25
healthy_CRC_0.5_20000000_rep1,0.4272370644023488,CelFiE,CRC,cfrrbs,limma,in_silico,top500,0.5
healthy_CRC_0.5_20000000_rep10,0.4197554598182583,CelFiE,CRC,cfrrbs,limma,in_silico,top500,0.5
healthy_CRC_0.5_20000000_rep2,0.4105753468938642,CelFiE,CRC,cfrrbs,limma,in_silico,top500,0.5
healthy_CRC_0.5_20000000_rep3,0.420406744213997,CelFiE,CRC,cfrrbs,limma,in_silico,top500,0.5
healthy_CRC_0.5_20000000_rep4,0.4207905101358146,CelFiE,CRC,cfrrbs,limma,in_silico,top500,0.5
healthy_CRC_0.5_20000000_rep5,0.4165979752284605,CelFiE,CRC,cfrrbs,limma,in_silico,top500,0.5
healthy_CRC_0.5_20000000_rep6,0.4193423783805344,CelFiE,CRC,cfrrbs,limma,in_silico,top500,0.5
healthy_CRC_0.5_20000000_rep7,0.4296479592080437,CelFiE,CRC,cfrrbs,limma,in_silico,top500,0.5
healthy_CRC_0.5_20000000_rep8,0.4197818236734228,CelFiE,CRC,cfrrbs,limma,in_silico,top500,0.5
healthy_CRC_0.5_20000000_rep9,0.4249254990912484,CelFiE,CRC,cfrrbs,limma,in_silico,top500,0.5
healthy_CRC_0_20000000_rep1,0.0066905168594865,CelFiE,CRC,cfrrbs,limma,in_silico,top500,0
healthy_CRC_0_20000000_rep10,0.0063147141118018,CelFiE,CRC,cfrrbs,limma,in_silico,top500,0
healthy_CRC_0_20000000_rep2,0.0045980356719469,CelFiE,CRC,cfrrbs,limma,in_silico,top500,0
healthy_CRC_0_20000000_rep3,0.0057836340616184,CelFiE,CRC,cfrrbs,limma,in_silico,top500,0
healthy_CRC_0_20000000_rep4,0.0072339068040639,CelFiE,CRC,cfrrbs,limma,in_silico,top500,0
healthy_CRC_0_20000000_rep5,0.005515413935772,CelFiE,CRC,cfrrbs,limma,in_silico,top500,0
healthy_CRC_0_20000000_rep6,0.0041952207584864,CelFiE,CRC,cfrrbs,limma,in_silico,top500,0
healthy_CRC_0_20000000_rep7,0.0050772039147677,CelFiE,CRC,cfrrbs,limma,in_silico,top500,0
healthy_CRC_0_20000000_rep8,0.0064895839588739,CelFiE,CRC,cfrrbs,limma,in_silico,top500,0
healthy_CRC_0_20000000_rep9,0.0077955085609164,CelFiE,CRC,cfrrbs,limma,in_silico,top500,0
healthy_CRC_0.0001_20000000_rep1,0.02464,UXM,CRC,cfrrbs,limma,in_silico,top500,0.0001
healthy_CRC_0.0001_20000000_rep10,0.0825163,UXM,CRC,cfrrbs,limma,in_silico,top500,0.0001
healthy_CRC_0.0001_20000000_rep2,0.0,UXM,CRC,cfrrbs,limma,in_silico,top500,0.0001
healthy_CRC_0.0001_20000000_rep3,0.0010793,UXM,CRC,cfrrbs,limma,in_silico,top500,0.0001
healthy_CRC_0.0001_20000000_rep4,0.0191919,UXM,CRC,cfrrbs,limma,in_silico,top500,0.0001
healthy_CRC_0.0001_20000000_rep5,0.0,UXM,CRC,cfrrbs,limma,in_silico,top500,0.0001
healthy_CRC_0.0001_20000000_rep6,0.0447065,UXM,CRC,cfrrbs,limma,in_silico,top500,0.0001
healthy_CRC_0.0001_20000000_rep7,0.0818944,UXM,CRC,cfrrbs,limma,in_silico,top500,0.0001
healthy_CRC_0.0001_20000000_rep8,0.0,UXM,CRC,cfrrbs,limma,in_silico,top500,0.0001
healthy_CRC_0.0001_20000000_rep9,0.0220059,UXM,CRC,cfrrbs,limma,in_silico,top500,0.0001
healthy_CRC_0.001_20000000_rep1,0.0396576,UXM,CRC,cfrrbs,limma,in_silico,top500,0.001
healthy_CRC_0.001_20000000_rep10,0.0726954,UXM,CRC,cfrrbs,limma,in_silico,top500,0.001
healthy_CRC_0.001_20000000_rep2,0.0,UXM,CRC,cfrrbs,limma,in_silico,top500,0.001
healthy_CRC_0.001_20000000_rep3,0.0074694,UXM,CRC,cfrrbs,limma,in_silico,top500,0.001
healthy_CRC_0.001_20000000_rep4,0.0,UXM,CRC,cfrrbs,limma,in_silico,top500,0.001
healthy_CRC_0.001_20000000_rep5,0.1053473,UXM,CRC,cfrrbs,limma,in_silico,top500,0.001
healthy_CRC_0.001_20000000_rep6,0.0,UXM,CRC,cfrrbs,limma,in_silico,top500,0.001
healthy_CRC_0.001_20000000_rep7,0.0,UXM,CRC,cfrrbs,limma,in_silico,top500,0.001
healthy_CRC_0.001_20000000_rep8,0.0,UXM,CRC,cfrrbs,limma,in_silico,top500,0.001
healthy_CRC_0.001_20000000_rep9,0.06652,UXM,CRC,cfrrbs,limma,in_silico,top500,0.001
healthy_CRC_0.003_20000000_rep1,0.0076861,UXM,CRC,cfrrbs,limma,in_silico,top500,0.003
healthy_CRC_0.003_20000000_rep10,0.0293986,UXM,CRC,cfrrbs,limma,in_silico,top500,0.003
healthy_CRC_0.003_20000000_rep2,0.063585,UXM,CRC,cfrrbs,limma,in_silico,top500,0.003
healthy_CRC_0.003_20000000_rep3,0.0,UXM,CRC,cfrrbs,limma,in_silico,top500,0.003
healthy_CRC_0.003_20000000_rep4,0.0,UXM,CRC,cfrrbs,limma,in_silico,top500,0.003
healthy_CRC_0.003_20000000_rep5,0.0053478,UXM,CRC,cfrrbs,limma,in_silico,top500,0.003
healthy_CRC_0.003_20000000_rep6,0.0,UXM,CRC,cfrrbs,limma,in_silico,top500,0.003
healthy_CRC_0.003_20000000_rep7,0.0,UXM,CRC,cfrrbs,limma,in_silico,top500,0.003
healthy_CRC_0.003_20000000_rep8,0.0,UXM,CRC,cfrrbs,limma,in_silico,top500,0.003
healthy_CRC_0.003_20000000_rep9,0.0074403,UXM,CRC,cfrrbs,limma,in_silico,top500,0.003
healthy_CRC_0.007_20000000_rep1,0.0414329,UXM,CRC,cfrrbs,limma,in_silico,top500,0.007
healthy_CRC_0.007_20000000_rep10,0.0,UXM,CRC,cfrrbs,limma,in_silico,top500,0.007
healthy_CRC_0.007_20000000_rep2,0.0,UXM,CRC,cfrrbs,limma,in_silico,top500,0.007
healthy_CRC_0.007_20000000_rep3,0.0842748,UXM,CRC,cfrrbs,limma,in_silico,top500,0.007
healthy_CRC_0.007_20000000_rep4,0.0,UXM,CRC,cfrrbs,limma,in_silico,top500,0.007
healthy_CRC_0.007_20000000_rep5,0.0,UXM,CRC,cfrrbs,limma,in_silico,top500,0.007
healthy_CRC_0.007_20000000_rep6,0.0887844,UXM,CRC,cfrrbs,limma,in_silico,top500,0.007
healthy_CRC_0.007_20000000_rep7,0.0674508,UXM,CRC,cfrrbs,limma,in_silico,top500,0.007
healthy_CRC_0.007_20000000_rep8,0.0,UXM,CRC,cfrrbs,limma,in_silico,top500,0.007
healthy_CRC_0.007_20000000_rep9,0.0712983,UXM,CRC,cfrrbs,limma,in_silico,top500,0.007
healthy_CRC_0.01_20000000_rep1,0.1215073,UXM,CRC,cfrrbs,limma,in_silico,top500,0.01
healthy_CRC_0.01_20000000_rep10,0.0,UXM,CRC,cfrrbs,limma,in_silico,top500,0.01
healthy_CRC_0.01_20000000_rep2,0.1382849,UXM,CRC,cfrrbs,limma,in_silico,top500,0.01
healthy_CRC_0.01_20000000_rep3,0.1315536,UXM,CRC,cfrrbs,limma,in_silico,top500,0.01
healthy_CRC_0.01_20000000_rep4,0.0586094,UXM,CRC,cfrrbs,limma,in_silico,top500,0.01
healthy_CRC_0.01_20000000_rep5,0.0881357,UXM,CRC,cfrrbs,limma,in_silico,top500,0.01
healthy_CRC_0.01_20000000_rep6,0.0,UXM,CRC,cfrrbs,limma,in_silico,top500,0.01
healthy_CRC_0.01_20000000_rep7,0.0,UXM,CRC,cfrrbs,limma,in_silico,top500,0.01
healthy_CRC_0.01_20000000_rep8,0.0561266,UXM,CRC,cfrrbs,limma,in_silico,top500,0.01
healthy_CRC_0.01_20000000_rep9,0.036373,UXM,CRC,cfrrbs,limma,in_silico,top500,0.01
healthy_CRC_0.025_20000000_rep1,0.035359,UXM,CRC,cfrrbs,limma,in_silico,top500,0.025
healthy_CRC_0.025_20000000_rep10,0.0,UXM,CRC,cfrrbs,limma,in_silico,top500,0.025
healthy_CRC_0.025_20000000_rep2,0.0629323,UXM,CRC,cfrrbs,limma,in_silico,top500,0.025
healthy_CRC_0.025_20000000_rep3,0.0,UXM,CRC,cfrrbs,limma,in_silico,top500,0.025
healthy_CRC_0.025_20000000_rep4,0.0,UXM,CRC,cfrrbs,limma,in_silico,top500,0.025
healthy_CRC_0.025_20000000_rep5,0.0633699,UXM,CRC,cfrrbs,limma,in_silico,top500,0.025
healthy_CRC_0.025_20000000_rep6,0.0418872,UXM,CRC,cfrrbs,limma,in_silico,top500,0.025
healthy_CRC_0.025_20000000_rep7,0.0985913,UXM,CRC,cfrrbs,limma,in_silico,top500,0.025
healthy_CRC_0.025_20000000_rep8,0.0,UXM,CRC,cfrrbs,limma,in_silico,top500,0.025
healthy_CRC_0.025_20000000_rep9,0.0,UXM,CRC,cfrrbs,limma,in_silico,top500,0.025
healthy_CRC_0.05_20000000_rep1,0.0267248,UXM,CRC,cfrrbs,limma,in_silico,top500,0.05
healthy_CRC_0.05_20000000_rep10,0.0,UXM,CRC,cfrrbs,limma,in_silico,top500,0.05
healthy_CRC_0.05_20000000_rep2,0.0653337,UXM,CRC,cfrrbs,limma,in_silico,top500,0.05
healthy_CRC_0.05_20000000_rep3,0.124022,UXM,CRC,cfrrbs,limma,in_silico,top500,0.05
healthy_CRC_0.05_20000000_rep4,0.1405857,UXM,CRC,cfrrbs,limma,in_silico,top500,0.05
healthy_CRC_0.05_20000000_rep5,0.1350704,UXM,CRC,cfrrbs,limma,in_silico,top500,0.05
healthy_CRC_0.05_20000000_rep6,0.1807419,UXM,CRC,cfrrbs,limma,in_silico,top500,0.05
healthy_CRC_0.05_20000000_rep7,0.099908,UXM,CRC,cfrrbs,limma,in_silico,top500,0.05
healthy_CRC_0.05_20000000_rep8,0.0,UXM,CRC,cfrrbs,limma,in_silico,top500,0.05
healthy_CRC_0.05_20000000_rep9,0.051207,UXM,CRC,cfrrbs,limma,in_silico,top500,0.05
healthy_CRC_0.1_20000000_rep1,0.0674392,UXM,CRC,cfrrbs,limma,in_silico,top500,0.1
healthy_CRC_0.1_20000000_rep10,0.1502414,UXM,CRC,cfrrbs,limma,in_silico,top500,0.1
healthy_CRC_0.1_20000000_rep2,0.2097905,UXM,CRC,cfrrbs,limma,in_silico,top500,0.1
healthy_CRC_0.1_20000000_rep3,0.0763077,UXM,CRC,cfrrbs,limma,in_silico,top500,0.1
healthy_CRC_0.1_20000000_rep4,0.1080694,UXM,CRC,cfrrbs,limma,in_silico,top500,0.1
healthy_CRC_0.1_20000000_rep5,0.1504839,UXM,CRC,cfrrbs,limma,in_silico,top500,0.1
healthy_CRC_0.1_20000000_rep6,0.1273679,UXM,CRC,cfrrbs,limma,in_silico,top500,0.1
healthy_CRC_0.1_20000000_rep7,0.2108485,UXM,CRC,cfrrbs,limma,in_silico,top500,0.1
healthy_CRC_0.1_20000000_rep8,0.1557442,UXM,CRC,cfrrbs,limma,in_silico,top500,0.1
healthy_CRC_0.1_20000000_rep9,0.1459348,UXM,CRC,cfrrbs,limma,in_silico,top500,0.1
healthy_CRC_0.25_20000000_rep1,0.2542039,UXM,CRC,cfrrbs,limma,in_silico,top500,0.25
healthy_CRC_0.25_20000000_rep10,0.2597771,UXM,CRC,cfrrbs,limma,in_silico,top500,0.25
healthy_CRC_0.25_20000000_rep2,0.3562735,UXM,CRC,cfrrbs,limma,in_silico,top500,0.25
healthy_CRC_0.25_20000000_rep3,0.2320846,UXM,CRC,cfrrbs,limma,in_silico,top500,0.25
healthy_CRC_0.25_20000000_rep4,0.239107,UXM,CRC,cfrrbs,limma,in_silico,top500,0.25
healthy_CRC_0.25_20000000_rep5,0.2132414,UXM,CRC,cfrrbs,limma,in_silico,top500,0.25
healthy_CRC_0.25_20000000_rep6,0.1882888,UXM,CRC,cfrrbs,limma,in_silico,top500,0.25
healthy_CRC_0.25_20000000_rep7,0.1802495,UXM,CRC,cfrrbs,limma,in_silico,top500,0.25
healthy_CRC_0.25_20000000_rep8,0.147321,UXM,CRC,cfrrbs,limma,in_silico,top500,0.25
healthy_CRC_0.25_20000000_rep9,0.2972208,UXM,CRC,cfrrbs,limma,in_silico,top500,0.25
healthy_CRC_0.5_20000000_rep1,0.4701432,UXM,CRC,cfrrbs,limma,in_silico,top500,0.5
healthy_CRC_0.5_20000000_rep10,0.4915756,UXM,CRC,cfrrbs,limma,in_silico,top500,0.5
healthy_CRC_0.5_20000000_rep2,0.4875732,UXM,CRC,cfrrbs,limma,in_silico,top500,0.5
healthy_CRC_0.5_20000000_rep3,0.471583,UXM,CRC,cfrrbs,limma,in_silico,top500,0.5
healthy_CRC_0.5_20000000_rep4,0.4255821,UXM,CRC,cfrrbs,limma,in_silico,top500,0.5
healthy_CRC_0.5_20000000_rep5,0.4656363,UXM,CRC,cfrrbs,limma,in_silico,top500,0.5
healthy_CRC_0.5_20000000_rep6,0.4724266,UXM,CRC,cfrrbs,limma,in_silico,top500,0.5
healthy_CRC_0.5_20000000_rep7,0.3917716,UXM,CRC,cfrrbs,limma,in_silico,top500,0.5
healthy_CRC_0.5_20000000_rep8,0.5177789,UXM,CRC,cfrrbs,limma,in_silico,top500,0.5
healthy_CRC_0.5_20000000_rep9,0.3863388,UXM,CRC,cfrrbs,limma,in_silico,top500,0.5
healthy_NBL_0_20000000_rep1,0.0872614,UXM,CRC,cfrrbs,limma,in_silico,top500,0
healthy_NBL_0_20000000_rep10,0.0278385,UXM,CRC,cfrrbs,limma,in_silico,top500,0
healthy_NBL_0_20000000_rep2,0.0378134,UXM,CRC,cfrrbs,limma,in_silico,top500,0
healthy_NBL_0_20000000_rep3,0.0342468,UXM,CRC,cfrrbs,limma,in_silico,top500,0
healthy_NBL_0_20000000_rep4,0.0400333,UXM,CRC,cfrrbs,limma,in_silico,top500,0
healthy_NBL_0_20000000_rep5,0.0566657,UXM,CRC,cfrrbs,limma,in_silico,top500,0
healthy_NBL_0_20000000_rep6,0.0150974,UXM,CRC,cfrrbs,limma,in_silico,top500,0
healthy_NBL_0_20000000_rep7,0.0637775,UXM,CRC,cfrrbs,limma,in_silico,top500,0
healthy_NBL_0_20000000_rep8,0.0565135,UXM,CRC,cfrrbs,limma,in_silico,top500,0
healthy_NBL_0_20000000_rep9,0.0,UXM,CRC,cfrrbs,limma,in_silico,top500,0
healthy_CRC_0.0001_20000000_rep1,0.0,EpiDISH,CRC,cfrrbs,limma,in_silico,top500,0.0001
healthy_CRC_0.0001_20000000_rep10,0.0,EpiDISH,CRC,cfrrbs,limma,in_silico,top500,0.0001
healthy_CRC_0.0001_20000000_rep2,0.0,EpiDISH,CRC,cfrrbs,limma,in_silico,top500,0.0001
healthy_CRC_0.0001_20000000_rep3,0.0,EpiDISH,CRC,cfrrbs,limma,in_silico,top500,0.0001
healthy_CRC_0.0001_20000000_rep4,0.0,EpiDISH,CRC,cfrrbs,limma,in_silico,top500,0.0001
healthy_CRC_0.0001_20000000_rep5,0.0,EpiDISH,CRC,cfrrbs,limma,in_silico,top500,0.0001
healthy_CRC_0.0001_20000000_rep6,0.0,EpiDISH,CRC,cfrrbs,limma,in_silico,top500,0.0001
healthy_CRC_0.0001_20000000_rep7,0.0,EpiDISH,CRC,cfrrbs,limma,in_silico,top500,0.0001
healthy_CRC_0.0001_20000000_rep8,0.0,EpiDISH,CRC,cfrrbs,limma,in_silico,top500,0.0001
healthy_CRC_0.0001_20000000_rep9,0.0,EpiDISH,CRC,cfrrbs,limma,in_silico,top500,0.0001
healthy_CRC_0.001_20000000_rep1,0.0,EpiDISH,CRC,cfrrbs,limma,in_silico,top500,0.001
healthy_CRC_0.001_20000000_rep10,0.0,EpiDISH,CRC,cfrrbs,limma,in_silico,top500,0.001
healthy_CRC_0.001_20000000_rep2,0.0,EpiDISH,CRC,cfrrbs,limma,in_silico,top500,0.001
healthy_CRC_0.001_20000000_rep3,0.0,EpiDISH,CRC,cfrrbs,limma,in_silico,top500,0.001
healthy_CRC_0.001_20000000_rep4,0.0,EpiDISH,CRC,cfrrbs,limma,in_silico,top500,0.001
healthy_CRC_0.001_20000000_rep5,0.0,EpiDISH,CRC,cfrrbs,limma,in_silico,top500,0.001
healthy_CRC_0.001_20000000_rep6,0.0,EpiDISH,CRC,cfrrbs,limma,in_silico,top500,0.001
healthy_CRC_0.001_20000000_rep7,0.0,EpiDISH,CRC,cfrrbs,limma,in_silico,top500,0.001
healthy_CRC_0.001_20000000_rep8,0.0,EpiDISH,CRC,cfrrbs,limma,in_silico,top500,0.001
healthy_CRC_0.001_20000000_rep9,0.0,EpiDISH,CRC,cfrrbs,limma,in_silico,top500,0.001
healthy_CRC_0.003_20000000_rep1,0.0,EpiDISH,CRC,cfrrbs,limma,in_silico,top500,0.003
healthy_CRC_0.003_20000000_rep10,0.0,EpiDISH,CRC,cfrrbs,limma,in_silico,top500,0.003
healthy_CRC_0.003_20000000_rep2,0.0,EpiDISH,CRC,cfrrbs,limma,in_silico,top500,0.003
healthy_CRC_0.003_20000000_rep3,0.0,EpiDISH,CRC,cfrrbs,limma,in_silico,top500,0.003
healthy_CRC_0.003_20000000_rep4,0.0,EpiDISH,CRC,cfrrbs,limma,in_silico,top500,0.003
healthy_CRC_0.003_20000000_rep5,0.0,EpiDISH,CRC,cfrrbs,limma,in_silico,top500,0.003
healthy_CRC_0.003_20000000_rep6,0.0,EpiDISH,CRC,cfrrbs,limma,in_silico,top500,0.003
healthy_CRC_0.003_20000000_rep7,0.0,EpiDISH,CRC,cfrrbs,limma,in_silico,top500,0.003
healthy_CRC_0.003_20000000_rep8,0.0,EpiDISH,CRC,cfrrbs,limma,in_silico,top500,0.003
healthy_CRC_0.003_20000000_rep9,0.0,EpiDISH,CRC,cfrrbs,limma,in_silico,top500,0.003
healthy_CRC_0.007_20000000_rep1,0.0,EpiDISH,CRC,cfrrbs,limma,in_silico,top500,0.007
healthy_CRC_0.007_20000000_rep10,1.24992503330683e-05,EpiDISH,CRC,cfrrbs,limma,in_silico,top500,0.007
healthy_CRC_0.007_20000000_rep2,0.0,EpiDISH,CRC,cfrrbs,limma,in_silico,top500,0.007
healthy_CRC_0.007_20000000_rep3,0.0,EpiDISH,CRC,cfrrbs,limma,in_silico,top500,0.007
healthy_CRC_0.007_20000000_rep4,0.0,EpiDISH,CRC,cfrrbs,limma,in_silico,top500,0.007
healthy_CRC_0.007_20000000_rep5,0.0,EpiDISH,CRC,cfrrbs,limma,in_silico,top500,0.007
healthy_CRC_0.007_20000000_rep6,0.0,EpiDISH,CRC,cfrrbs,limma,in_silico,top500,0.007
healthy_CRC_0.007_20000000_rep7,0.0,EpiDISH,CRC,cfrrbs,limma,in_silico,top500,0.007
healthy_CRC_0.007_20000000_rep8,0.0,EpiDISH,CRC,cfrrbs,limma,in_silico,top500,0.007
healthy_CRC_0.007_20000000_rep9,0.0,EpiDISH,CRC,cfrrbs,limma,in_silico,top500,0.007
healthy_CRC_0.01_20000000_rep1,0.0,EpiDISH,CRC,cfrrbs,limma,in_silico,top500,0.01
healthy_CRC_0.01_20000000_rep10,0.0,EpiDISH,CRC,cfrrbs,limma,in_silico,top500,0.01
healthy_CRC_0.01_20000000_rep2,0.0,EpiDISH,CRC,cfrrbs,limma,in_silico,top500,0.01
healthy_CRC_0.01_20000000_rep3,0.0,EpiDISH,CRC,cfrrbs,limma,in_silico,top500,0.01
healthy_CRC_0.01_20000000_rep4,0.0,EpiDISH,CRC,cfrrbs,limma,in_silico,top500,0.01
healthy_CRC_0.01_20000000_rep5,0.0,EpiDISH,CRC,cfrrbs,limma,in_silico,top500,0.01
healthy_CRC_0.01_20000000_rep6,0.000227592029077,EpiDISH,CRC,cfrrbs,limma,in_silico,top500,0.01
healthy_CRC_0.01_20000000_rep7,0.0,EpiDISH,CRC,cfrrbs,limma,in_silico,top500,0.01
healthy_CRC_0.01_20000000_rep8,0.0,EpiDISH,CRC,cfrrbs,limma,in_silico,top500,0.01
healthy_CRC_0.01_20000000_rep9,0.0,EpiDISH,CRC,cfrrbs,limma,in_silico,top500,0.01
healthy_CRC_0.025_20000000_rep1,0.0,EpiDISH,CRC,cfrrbs,limma,in_silico,top500,0.025
healthy_CRC_0.025_20000000_rep10,0.0,EpiDISH,CRC,cfrrbs,limma,in_silico,top500,0.025
healthy_CRC_0.025_20000000_rep2,0.0038300202832261,EpiDISH,CRC,cfrrbs,limma,in_silico,top500,0.025
healthy_CRC_0.025_20000000_rep3,0.0,EpiDISH,CRC,cfrrbs,limma,in_silico,top500,0.025
healthy_CRC_0.025_20000000_rep4,0.0,EpiDISH,CRC,cfrrbs,limma,in_silico,top500,0.025
healthy_CRC_0.025_20000000_rep5,0.0,EpiDISH,CRC,cfrrbs,limma,in_silico,top500,0.025
healthy_CRC_0.025_20000000_rep6,0.0,EpiDISH,CRC,cfrrbs,limma,in_silico,top500,0.025
healthy_CRC_0.025_20000000_rep7,0.0,EpiDISH,CRC,cfrrbs,limma,in_silico,top500,0.025
healthy_CRC_0.025_20000000_rep8,0.002463149709899,EpiDISH,CRC,cfrrbs,limma,in_silico,top500,0.025
healthy_CRC_0.025_20000000_rep9,0.0,EpiDISH,CRC,cfrrbs,limma,in_silico,top500,0.025
healthy_CRC_0.05_20000000_rep1,0.0139096744008615,EpiDISH,CRC,cfrrbs,limma,in_silico,top500,0.05
healthy_CRC_0.05_20000000_rep10,0.0141874579611729,EpiDISH,CRC,cfrrbs,limma,in_silico,top500,0.05
healthy_CRC_0.05_20000000_rep2,0.0158181164112343,EpiDISH,CRC,cfrrbs,limma,in_silico,top500,0.05
healthy_CRC_0.05_20000000_rep3,0.0205521582439016,EpiDISH,CRC,cfrrbs,limma,in_silico,top500,0.05
healthy_CRC_0.05_20000000_rep4,0.0,EpiDISH,CRC,cfrrbs,limma,in_silico,top500,0.05
healthy_CRC_0.05_20000000_rep5,0.0095452724404754,EpiDISH,CRC,cfrrbs,limma,in_silico,top500,0.05
healthy_CRC_0.05_20000000_rep6,0.0013348046108002,EpiDISH,CRC,cfrrbs,limma,in_silico,top500,0.05
healthy_CRC_0.05_20000000_rep7,0.012703743045018,EpiDISH,CRC,cfrrbs,limma,in_silico,top500,0.05
healthy_CRC_0.05_20000000_rep8,0.0067098598151117,EpiDISH,CRC,cfrrbs,limma,in_silico,top500,0.05
healthy_CRC_0.05_20000000_rep9,0.0060137604600078,EpiDISH,CRC,cfrrbs,limma,in_silico,top500,0.05
healthy_CRC_0.1_20000000_rep1,0.0368014665381841,EpiDISH,CRC,cfrrbs,limma,in_silico,top500,0.1
healthy_CRC_0.1_20000000_rep10,0.0401883034734769,EpiDISH,CRC,cfrrbs,limma,in_silico,top500,0.1
healthy_CRC_0.1_20000000_rep2,0.0417019611466021,EpiDISH,CRC,cfrrbs,limma,in_silico,top500,0.1
healthy_CRC_0.1_20000000_rep3,0.0517173399851123,EpiDISH,CRC,cfrrbs,limma,in_silico,top500,0.1
healthy_CRC_0.1_20000000_rep4,0.0335090249637899,EpiDISH,CRC,cfrrbs,limma,in_silico,top500,0.1
healthy_CRC_0.1_20000000_rep5,0.0557966182878032,EpiDISH,CRC,cfrrbs,limma,in_silico,top500,0.1
healthy_CRC_0.1_20000000_rep6,0.0277564095298151,EpiDISH,CRC,cfrrbs,limma,in_silico,top500,0.1
healthy_CRC_0.1_20000000_rep7,0.0419529893416172,EpiDISH,CRC,cfrrbs,limma,in_silico,top500,0.1
healthy_CRC_0.1_20000000_rep8,0.044843719672264,EpiDISH,CRC,cfrrbs,limma,in_silico,top500,0.1
healthy_CRC_0.1_20000000_rep9,0.0368523746978298,EpiDISH,CRC,cfrrbs,limma,in_silico,top500,0.1
healthy_CRC_0.25_20000000_rep1,0.125219187396265,EpiDISH,CRC,cfrrbs,limma,in_silico,top500,0.25
healthy_CRC_0.25_20000000_rep10,0.135417402671155,EpiDISH,CRC,cfrrbs,limma,in_silico,top500,0.25
healthy_CRC_0.25_20000000_rep2,0.137215008135801,EpiDISH,CRC,cfrrbs,limma,in_silico,top500,0.25
healthy_CRC_0.25_20000000_rep3,0.138026346243034,EpiDISH,CRC,cfrrbs,limma,in_silico,top500,0.25
healthy_CRC_0.25_20000000_rep4,0.127419575440775,EpiDISH,CRC,cfrrbs,limma,in_silico,top500,0.25
healthy_CRC_0.25_20000000_rep5,0.140391597020716,EpiDISH,CRC,cfrrbs,limma,in_silico,top500,0.25
healthy_CRC_0.25_20000000_rep6,0.14117461688748,EpiDISH,CRC,cfrrbs,limma,in_silico,top500,0.25
healthy_CRC_0.25_20000000_rep7,0.132210329848815,EpiDISH,CRC,cfrrbs,limma,in_silico,top500,0.25
healthy_CRC_0.25_20000000_rep8,0.136972616258474,EpiDISH,CRC,cfrrbs,limma,in_silico,top500,0.25
healthy_CRC_0.25_20000000_rep9,0.135300630362024,EpiDISH,CRC,cfrrbs,limma,in_silico,top500,0.25
healthy_CRC_0.5_20000000_rep1,0.297197634031034,EpiDISH,CRC,cfrrbs,limma,in_silico,top500,0.5
healthy_CRC_0.5_20000000_rep10,0.323704674601496,EpiDISH,CRC,cfrrbs,limma,in_silico,top500,0.5
healthy_CRC_0.5_20000000_rep2,0.300254228816119,EpiDISH,CRC,cfrrbs,limma,in_silico,top500,0.5
healthy_CRC_0.5_20000000_rep3,0.313377989288222,EpiDISH,CRC,cfrrbs,limma,in_silico,top500,0.5
healthy_CRC_0.5_20000000_rep4,0.308027310152401,EpiDISH,CRC,cfrrbs,limma,in_silico,top500,0.5
healthy_CRC_0.5_20000000_rep5,0.299229389655182,EpiDISH,CRC,cfrrbs,limma,in_silico,top500,0.5
healthy_CRC_0.5_20000000_rep6,0.29492414277568,EpiDISH,CRC,cfrrbs,limma,in_silico,top500,0.5
healthy_CRC_0.5_20000000_rep7,0.304729456385781,EpiDISH,CRC,cfrrbs,limma,in_silico,top500,0.5
healthy_CRC_0.5_20000000_rep8,0.297726729768909,EpiDISH,CRC,cfrrbs,limma,in_silico,top500,0.5
healthy_CRC_0.5_20000000_rep9,0.300620514813839,EpiDISH,CRC,cfrrbs,limma,in_silico,top500,0.5
healthy_CRC_0_20000000_rep1,0.0,EpiDISH,CRC,cfrrbs,limma,in_silico,top500,0
healthy_CRC_0_20000000_rep10,0.0,EpiDISH,CRC,cfrrbs,limma,in_silico,top500,0
healthy_CRC_0_20000000_rep2,0.0,EpiDISH,CRC,cfrrbs,limma,in_silico,top500,0
healthy_CRC_0_20000000_rep3,0.0,EpiDISH,CRC,cfrrbs,limma,in_silico,top500,0
healthy_CRC_0_20000000_rep4,0.0,EpiDISH,CRC,cfrrbs,limma,in_silico,top500,0
healthy_CRC_0_20000000_rep5,0.0,EpiDISH,CRC,cfrrbs,limma,in_silico,top500,0
healthy_CRC_0_20000000_rep6,0.0,EpiDISH,CRC,cfrrbs,limma,in_silico,top500,0
healthy_CRC_0_20000000_rep7,0.0,EpiDISH,CRC,cfrrbs,limma,in_silico,top500,0
healthy_CRC_0_20000000_rep8,0.0,EpiDISH,CRC,cfrrbs,limma,in_silico,top500,0
healthy_CRC_0_20000000_rep9,0.0,EpiDISH,CRC,cfrrbs,limma,in_silico,top500,0
healthy_CRC_0.0001_20000000_rep1,0.0001,PRMeth,CRC,cfrrbs,limma,in_silico,top500,0.0001
healthy_CRC_0.0001_20000000_rep10,0.0,PRMeth,CRC,cfrrbs,limma,in_silico,top500,0.0001
healthy_CRC_0.0001_20000000_rep2,0.0,PRMeth,CRC,cfrrbs,limma,in_silico,top500,0.0001
healthy_CRC_0.0001_20000000_rep3,0.0,PRMeth,CRC,cfrrbs,limma,in_silico,top500,0.0001
healthy_CRC_0.0001_20000000_rep4,0.0,PRMeth,CRC,cfrrbs,limma,in_silico,top500,0.0001
healthy_CRC_0.0001_20000000_rep5,0.0,PRMeth,CRC,cfrrbs,limma,in_silico,top500,0.0001
healthy_CRC_0.0001_20000000_rep6,0.0,PRMeth,CRC,cfrrbs,limma,in_silico,top500,0.0001
healthy_CRC_0.0001_20000000_rep7,0.0,PRMeth,CRC,cfrrbs,limma,in_silico,top500,0.0001
healthy_CRC_0.0001_20000000_rep8,0.0022,PRMeth,CRC,cfrrbs,limma,in_silico,top500,0.0001
healthy_CRC_0.0001_20000000_rep9,0.0,PRMeth,CRC,cfrrbs,limma,in_silico,top500,0.0001
healthy_CRC_0.001_20000000_rep1,0.0,PRMeth,CRC,cfrrbs,limma,in_silico,top500,0.001
healthy_CRC_0.001_20000000_rep10,0.0,PRMeth,CRC,cfrrbs,limma,in_silico,top500,0.001
healthy_CRC_0.001_20000000_rep2,0.0,PRMeth,CRC,cfrrbs,limma,in_silico,top500,0.001
healthy_CRC_0.001_20000000_rep3,0.0,PRMeth,CRC,cfrrbs,limma,in_silico,top500,0.001
healthy_CRC_0.001_20000000_rep4,0.0,PRMeth,CRC,cfrrbs,limma,in_silico,top500,0.001
healthy_CRC_0.001_20000000_rep5,0.0005,PRMeth,CRC,cfrrbs,limma,in_silico,top500,0.001
healthy_CRC_0.001_20000000_rep6,0.0,PRMeth,CRC,cfrrbs,limma,in_silico,top500,0.001
healthy_CRC_0.001_20000000_rep7,0.0,PRMeth,CRC,cfrrbs,limma,in_silico,top500,0.001
healthy_CRC_0.001_20000000_rep8,0.0046,PRMeth,CRC,cfrrbs,limma,in_silico,top500,0.001
healthy_CRC_0.001_20000000_rep9,0.0,PRMeth,CRC,cfrrbs,limma,in_silico,top500,0.001
healthy_CRC_0.003_20000000_rep1,0.0,PRMeth,CRC,cfrrbs,limma,in_silico,top500,0.003
healthy_CRC_0.003_20000000_rep10,0.0005,PRMeth,CRC,cfrrbs,limma,in_silico,top500,0.003
healthy_CRC_0.003_20000000_rep2,0.0,PRMeth,CRC,cfrrbs,limma,in_silico,top500,0.003
healthy_CRC_0.003_20000000_rep3,0.0,PRMeth,CRC,cfrrbs,limma,in_silico,top500,0.003
healthy_CRC_0.003_20000000_rep4,0.0036,PRMeth,CRC,cfrrbs,limma,in_silico,top500,0.003
healthy_CRC_0.003_20000000_rep5,0.0032,PRMeth,CRC,cfrrbs,limma,in_silico,top500,0.003
healthy_CRC_0.003_20000000_rep6,0.0,PRMeth,CRC,cfrrbs,limma,in_silico,top500,0.003
healthy_CRC_0.003_20000000_rep7,0.0008,PRMeth,CRC,cfrrbs,limma,in_silico,top500,0.003
healthy_CRC_0.003_20000000_rep8,0.0018,PRMeth,CRC,cfrrbs,limma,in_silico,top500,0.003
healthy_CRC_0.003_20000000_rep9,0.0,PRMeth,CRC,cfrrbs,limma,in_silico,top500,0.003
healthy_CRC_0.007_20000000_rep1,0.0055,PRMeth,CRC,cfrrbs,limma,in_silico,top500,0.007
healthy_CRC_0.007_20000000_rep10,0.012,PRMeth,CRC,cfrrbs,limma,in_silico,top500,0.007
healthy_CRC_0.007_20000000_rep2,0.0134,PRMeth,CRC,cfrrbs,limma,in_silico,top500,0.007
healthy_CRC_0.007_20000000_rep3,0.0083,PRMeth,CRC,cfrrbs,limma,in_silico,top500,0.007
healthy_CRC_0.007_20000000_rep4,0.0058,PRMeth,CRC,cfrrbs,limma,in_silico,top500,0.007
healthy_CRC_0.007_20000000_rep5,0.0,PRMeth,CRC,cfrrbs,limma,in_silico,top500,0.007
healthy_CRC_0.007_20000000_rep6,0.0067,PRMeth,CRC,cfrrbs,limma,in_silico,top500,0.007
healthy_CRC_0.007_20000000_rep7,0.0073,PRMeth,CRC,cfrrbs,limma,in_silico,top500,0.007
healthy_CRC_0.007_20000000_rep8,0.0,PRMeth,CRC,cfrrbs,limma,in_silico,top500,0.007
healthy_CRC_0.007_20000000_rep9,0.0,PRMeth,CRC,cfrrbs,limma,in_silico,top500,0.007
healthy_CRC_0.01_20000000_rep1,0.0047,PRMeth,CRC,cfrrbs,limma,in_silico,top500,0.01
healthy_CRC_0.01_20000000_rep10,0.0,PRMeth,CRC,cfrrbs,limma,in_silico,top500,0.01
healthy_CRC_0.01_20000000_rep2,0.0056,PRMeth,CRC,cfrrbs,limma,in_silico,top500,0.01
healthy_CRC_0.01_20000000_rep3,0.0044,PRMeth,CRC,cfrrbs,limma,in_silico,top500,0.01
healthy_CRC_0.01_20000000_rep4,0.0051,PRMeth,CRC,cfrrbs,limma,in_silico,top500,0.01
healthy_CRC_0.01_20000000_rep5,0.0091,PRMeth,CRC,cfrrbs,limma,in_silico,top500,0.01
healthy_CRC_0.01_20000000_rep6,0.0078,PRMeth,CRC,cfrrbs,limma,in_silico,top500,0.01
healthy_CRC_0.01_20000000_rep7,0.0025,PRMeth,CRC,cfrrbs,limma,in_silico,top500,0.01
healthy_CRC_0.01_20000000_rep8,0.0025,PRMeth,CRC,cfrrbs,limma,in_silico,top500,0.01
healthy_CRC_0.01_20000000_rep9,0.0046,PRMeth,CRC,cfrrbs,limma,in_silico,top500,0.01
healthy_CRC_0.025_20000000_rep1,0.0064,PRMeth,CRC,cfrrbs,limma,in_silico,top500,0.025
healthy_CRC_0.025_20000000_rep10,0.0106,PRMeth,CRC,cfrrbs,limma,in_silico,top500,0.025
healthy_CRC_0.025_20000000_rep2,0.0218,PRMeth,CRC,cfrrbs,limma,in_silico,top500,0.025
healthy_CRC_0.025_20000000_rep3,0.0093,PRMeth,CRC,cfrrbs,limma,in_silico,top500,0.025
healthy_CRC_0.025_20000000_rep4,0.009,PRMeth,CRC,cfrrbs,limma,in_silico,top500,0.025
healthy_CRC_0.025_20000000_rep5,0.0167,PRMeth,CRC,cfrrbs,limma,in_silico,top500,0.025
healthy_CRC_0.025_20000000_rep6,0.0182,PRMeth,CRC,cfrrbs,limma,in_silico,top500,0.025
healthy_CRC_0.025_20000000_rep7,0.015,PRMeth,CRC,cfrrbs,limma,in_silico,top500,0.025
healthy_CRC_0.025_20000000_rep8,0.0118,PRMeth,CRC,cfrrbs,limma,in_silico,top500,0.025
healthy_CRC_0.025_20000000_rep9,0.0175,PRMeth,CRC,cfrrbs,limma,in_silico,top500,0.025
healthy_CRC_0.05_20000000_rep1,0.0306,PRMeth,CRC,cfrrbs,limma,in_silico,top500,0.05
healthy_CRC_0.05_20000000_rep10,0.0283,PRMeth,CRC,cfrrbs,limma,in_silico,top500,0.05
healthy_CRC_0.05_20000000_rep2,0.0239,PRMeth,CRC,cfrrbs,limma,in_silico,top500,0.05
healthy_CRC_0.05_20000000_rep3,0.0328,PRMeth,CRC,cfrrbs,limma,in_silico,top500,0.05
healthy_CRC_0.05_20000000_rep4,0.0194,PRMeth,CRC,cfrrbs,limma,in_silico,top500,0.05
healthy_CRC_0.05_20000000_rep5,0.0229,PRMeth,CRC,cfrrbs,limma,in_silico,top500,0.05
healthy_CRC_0.05_20000000_rep6,0.0273,PRMeth,CRC,cfrrbs,limma,in_silico,top500,0.05
healthy_CRC_0.05_20000000_rep7,0.0329,PRMeth,CRC,cfrrbs,limma,in_silico,top500,0.05
healthy_CRC_0.05_20000000_rep8,0.0264,PRMeth,CRC,cfrrbs,limma,in_silico,top500,0.05
healthy_CRC_0.05_20000000_rep9,0.0307,PRMeth,CRC,cfrrbs,limma,in_silico,top500,0.05
healthy_CRC_0.1_20000000_rep1,0.0585,PRMeth,CRC,cfrrbs,limma,in_silico,top500,0.1
healthy_CRC_0.1_20000000_rep10,0.0581,PRMeth,CRC,cfrrbs,limma,in_silico,top500,0.1
healthy_CRC_0.1_20000000_rep2,0.052,PRMeth,CRC,cfrrbs,limma,in_silico,top500,0.1
healthy_CRC_0.1_20000000_rep3,0.0649,PRMeth,CRC,cfrrbs,limma,in_silico,top500,0.1
healthy_CRC_0.1_20000000_rep4,0.0583,PRMeth,CRC,cfrrbs,limma,in_silico,top500,0.1
healthy_CRC_0.1_20000000_rep5,0.0622,PRMeth,CRC,cfrrbs,limma,in_silico,top500,0.1
healthy_CRC_0.1_20000000_rep6,0.0538,PRMeth,CRC,cfrrbs,limma,in_silico,top500,0.1
healthy_CRC_0.1_20000000_rep7,0.0541,PRMeth,CRC,cfrrbs,limma,in_silico,top500,0.1
healthy_CRC_0.1_20000000_rep8,0.0627,PRMeth,CRC,cfrrbs,limma,in_silico,top500,0.1
healthy_CRC_0.1_20000000_rep9,0.0525,PRMeth,CRC,cfrrbs,limma,in_silico,top500,0.1
healthy_CRC_0.25_20000000_rep1,0.1394,PRMeth,CRC,cfrrbs,limma,in_silico,top500,0.25
healthy_CRC_0.25_20000000_rep10,0.1455,PRMeth,CRC,cfrrbs,limma,in_silico,top500,0.25
healthy_CRC_0.25_20000000_rep2,0.1457,PRMeth,CRC,cfrrbs,limma,in_silico,top500,0.25
healthy_CRC_0.25_20000000_rep3,0.1552,PRMeth,CRC,cfrrbs,limma,in_silico,top500,0.25
healthy_CRC_0.25_20000000_rep4,0.1423,PRMeth,CRC,cfrrbs,limma,in_silico,top500,0.25
healthy_CRC_0.25_20000000_rep5,0.1479,PRMeth,CRC,cfrrbs,limma,in_silico,top500,0.25
healthy_CRC_0.25_20000000_rep6,0.1481,PRMeth,CRC,cfrrbs,limma,in_silico,top500,0.25
healthy_CRC_0.25_20000000_rep7,0.1441,PRMeth,CRC,cfrrbs,limma,in_silico,top500,0.25
healthy_CRC_0.25_20000000_rep8,0.1517,PRMeth,CRC,cfrrbs,limma,in_silico,top500,0.25
healthy_CRC_0.25_20000000_rep9,0.1452,PRMeth,CRC,cfrrbs,limma,in_silico,top500,0.25
healthy_CRC_0.5_20000000_rep1,0.3112,PRMeth,CRC,cfrrbs,limma,in_silico,top500,0.5
healthy_CRC_0.5_20000000_rep10,0.3139,PRMeth,CRC,cfrrbs,limma,in_silico,top500,0.5
healthy_CRC_0.5_20000000_rep2,0.3006,PRMeth,CRC,cfrrbs,limma,in_silico,top500,0.5
healthy_CRC_0.5_20000000_rep3,0.3108,PRMeth,CRC,cfrrbs,limma,in_silico,top500,0.5
healthy_CRC_0.5_20000000_rep4,0.3066,PRMeth,CRC,cfrrbs,limma,in_silico,top500,0.5
healthy_CRC_0.5_20000000_rep5,0.306,PRMeth,CRC,cfrrbs,limma,in_silico,top500,0.5
healthy_CRC_0.5_20000000_rep6,0.3054,PRMeth,CRC,cfrrbs,limma,in_silico,top500,0.5
healthy_CRC_0.5_20000000_rep7,0.3061,PRMeth,CRC,cfrrbs,limma,in_silico,top500,0.5
healthy_CRC_0.5_20000000_rep8,0.2984,PRMeth,CRC,cfrrbs,limma,in_silico,top500,0.5
healthy_CRC_0.5_20000000_rep9,0.3051,PRMeth,CRC,cfrrbs,limma,in_silico,top500,0.5
healthy_CRC_0_20000000_rep1,0.0049,PRMeth,CRC,cfrrbs,limma,in_silico,top500,0
healthy_CRC_0_20000000_rep10,0.0,PRMeth,CRC,cfrrbs,limma,in_silico,top500,0
healthy_CRC_0_20000000_rep2,0.0,PRMeth,CRC,cfrrbs,limma,in_silico,top500,0
healthy_CRC_0_20000000_rep3,0.0,PRMeth,CRC,cfrrbs,limma,in_silico,top500,0
healthy_CRC_0_20000000_rep4,0.0,PRMeth,CRC,cfrrbs,limma,in_silico,top500,0
healthy_CRC_0_20000000_rep5,0.0,PRMeth,CRC,cfrrbs,limma,in_silico,top500,0
healthy_CRC_0_20000000_rep6,0.0002,PRMeth,CRC,cfrrbs,limma,in_silico,top500,0
healthy_CRC_0_20000000_rep7,0.0,PRMeth,CRC,cfrrbs,limma,in_silico,top500,0
healthy_CRC_0_20000000_rep8,0.0036,PRMeth,CRC,cfrrbs,limma,in_silico,top500,0
healthy_CRC_0_20000000_rep9,0.0,PRMeth,CRC,cfrrbs,limma,in_silico,top500,0
healthy_CRC_0.0001_20000000_rep1,0.0091197276515126,EpiSCORE,CRC,cfrrbs,limma,in_silico,top500,0.0001
healthy_CRC_0.0001_20000000_rep10,0.0,EpiSCORE,CRC,cfrrbs,limma,in_silico,top500,0.0001
healthy_CRC_0.0001_20000000_rep2,0.0,EpiSCORE,CRC,cfrrbs,limma,in_silico,top500,0.0001
healthy_CRC_0.0001_20000000_rep3,0.0004584005838579,EpiSCORE,CRC,cfrrbs,limma,in_silico,top500,0.0001
healthy_CRC_0.0001_20000000_rep4,0.003063178963292,EpiSCORE,CRC,cfrrbs,limma,in_silico,top500,0.0001
healthy_CRC_0.0001_20000000_rep5,0.0,EpiSCORE,CRC,cfrrbs,limma,in_silico,top500,0.0001
healthy_CRC_0.0001_20000000_rep6,0.0,EpiSCORE,CRC,cfrrbs,limma,in_silico,top500,0.0001
healthy_CRC_0.0001_20000000_rep7,0.0,EpiSCORE,CRC,cfrrbs,limma,in_silico,top500,0.0001
healthy_CRC_0.0001_20000000_rep8,0.0,EpiSCORE,CRC,cfrrbs,limma,in_silico,top500,0.0001
healthy_CRC_0.0001_20000000_rep9,0.0044271175462886,EpiSCORE,CRC,cfrrbs,limma,in_silico,top500,0.0001
healthy_CRC_0.001_20000000_rep1,0.0,EpiSCORE,CRC,cfrrbs,limma,in_silico,top500,0.001
healthy_CRC_0.001_20000000_rep10,0.0,EpiSCORE,CRC,cfrrbs,limma,in_silico,top500,0.001
healthy_CRC_0.001_20000000_rep2,0.0,EpiSCORE,CRC,cfrrbs,limma,in_silico,top500,0.001
healthy_CRC_0.001_20000000_rep3,0.0,EpiSCORE,CRC,cfrrbs,limma,in_silico,top500,0.001
healthy_CRC_0.001_20000000_rep4,0.0,EpiSCORE,CRC,cfrrbs,limma,in_silico,top500,0.001
healthy_CRC_0.001_20000000_rep5,0.0036386369171897,EpiSCORE,CRC,cfrrbs,limma,in_silico,top500,0.001
healthy_CRC_0.001_20000000_rep6,0.0080368692450746,EpiSCORE,CRC,cfrrbs,limma,in_silico,top500,0.001
healthy_CRC_0.001_20000000_rep7,0.0,EpiSCORE,CRC,cfrrbs,limma,in_silico,top500,0.001
healthy_CRC_0.001_20000000_rep8,0.0,EpiSCORE,CRC,cfrrbs,limma,in_silico,top500,0.001
healthy_CRC_0.001_20000000_rep9,0.0,EpiSCORE,CRC,cfrrbs,limma,in_silico,top500,0.001
healthy_CRC_0.003_20000000_rep1,0.0,EpiSCORE,CRC,cfrrbs,limma,in_silico,top500,0.003
healthy_CRC_0.003_20000000_rep10,0.0,EpiSCORE,CRC,cfrrbs,limma,in_silico,top500,0.003
healthy_CRC_0.003_20000000_rep2,0.0,EpiSCORE,CRC,cfrrbs,limma,in_silico,top500,0.003
healthy_CRC_0.003_20000000_rep3,0.0,EpiSCORE,CRC,cfrrbs,limma,in_silico,top500,0.003
healthy_CRC_0.003_20000000_rep4,0.0111719464861532,EpiSCORE,CRC,cfrrbs,limma,in_silico,top500,0.003
healthy_CRC_0.003_20000000_rep5,0.0,EpiSCORE,CRC,cfrrbs,limma,in_silico,top500,0.003
healthy_CRC_0.003_20000000_rep6,0.0032428429835693,EpiSCORE,CRC,cfrrbs,limma,in_silico,top500,0.003
healthy_CRC_0.003_20000000_rep7,0.0050932923361817,EpiSCORE,CRC,cfrrbs,limma,in_silico,top500,0.003
healthy_CRC_0.003_20000000_rep8,0.0070623557397418,EpiSCORE,CRC,cfrrbs,limma,in_silico,top500,0.003
healthy_CRC_0.003_20000000_rep9,0.0,EpiSCORE,CRC,cfrrbs,limma,in_silico,top500,0.003
healthy_CRC_0.007_20000000_rep1,0.0052851758658874,EpiSCORE,CRC,cfrrbs,limma,in_silico,top500,0.007
healthy_CRC_0.007_20000000_rep10,0.0214532528620466,EpiSCORE,CRC,cfrrbs,limma,in_silico,top500,0.007
healthy_CRC_0.007_20000000_rep2,0.006812043635924,EpiSCORE,CRC,cfrrbs,limma,in_silico,top500,0.007
healthy_CRC_0.007_20000000_rep3,0.0021365995856521,EpiSCORE,CRC,cfrrbs,limma,in_silico,top500,0.007
healthy_CRC_0.007_20000000_rep4,0.0067830074181581,EpiSCORE,CRC,cfrrbs,limma,in_silico,top500,0.007
healthy_CRC_0.007_20000000_rep5,0.0,EpiSCORE,CRC,cfrrbs,limma,in_silico,top500,0.007
healthy_CRC_0.007_20000000_rep6,0.0122211738605772,EpiSCORE,CRC,cfrrbs,limma,in_silico,top500,0.007
healthy_CRC_0.007_20000000_rep7,0.0109059538292188,EpiSCORE,CRC,cfrrbs,limma,in_silico,top500,0.007
healthy_CRC_0.007_20000000_rep8,0.0,EpiSCORE,CRC,cfrrbs,limma,in_silico,top500,0.007
healthy_CRC_0.007_20000000_rep9,0.0,EpiSCORE,CRC,cfrrbs,limma,in_silico,top500,0.007
healthy_CRC_0.01_20000000_rep1,0.0,EpiSCORE,CRC,cfrrbs,limma,in_silico,top500,0.01
healthy_CRC_0.01_20000000_rep10,0.0,EpiSCORE,CRC,cfrrbs,limma,in_silico,top500,0.01
healthy_CRC_0.01_20000000_rep2,0.012540479829034,EpiSCORE,CRC,cfrrbs,limma,in_silico,top500,0.01
healthy_CRC_0.01_20000000_rep3,0.0,EpiSCORE,CRC,cfrrbs,limma,in_silico,top500,0.01
healthy_CRC_0.01_20000000_rep4,0.0027792082558176,EpiSCORE,CRC,cfrrbs,limma,in_silico,top500,0.01
healthy_CRC_0.01_20000000_rep5,0.0071887213275997,EpiSCORE,CRC,cfrrbs,limma,in_silico,top500,0.01
healthy_CRC_0.01_20000000_rep6,0.0213269279333151,EpiSCORE,CRC,cfrrbs,limma,in_silico,top500,0.01
healthy_CRC_0.01_20000000_rep7,0.0065034517636144,EpiSCORE,CRC,cfrrbs,limma,in_silico,top500,0.01
healthy_CRC_0.01_20000000_rep8,0.0,EpiSCORE,CRC,cfrrbs,limma,in_silico,top500,0.01
healthy_CRC_0.01_20000000_rep9,0.0088304107578105,EpiSCORE,CRC,cfrrbs,limma,in_silico,top500,0.01
healthy_CRC_0.025_20000000_rep1,0.0087918707237676,EpiSCORE,CRC,cfrrbs,limma,in_silico,top500,0.025
healthy_CRC_0.025_20000000_rep10,0.0261336425644489,EpiSCORE,CRC,cfrrbs,limma,in_silico,top500,0.025
healthy_CRC_0.025_20000000_rep2,0.0264655804055867,EpiSCORE,CRC,cfrrbs,limma,in_silico,top500,0.025
healthy_CRC_0.025_20000000_rep3,0.0,EpiSCORE,CRC,cfrrbs,limma,in_silico,top500,0.025
healthy_CRC_0.025_20000000_rep4,0.0135931554717045,EpiSCORE,CRC,cfrrbs,limma,in_silico,top500,0.025
healthy_CRC_0.025_20000000_rep5,0.0154953546840818,EpiSCORE,CRC,cfrrbs,limma,in_silico,top500,0.025
healthy_CRC_0.025_20000000_rep6,0.0251588223317639,EpiSCORE,CRC,cfrrbs,limma,in_silico,top500,0.025
healthy_CRC_0.025_20000000_rep7,0.006182498121919,EpiSCORE,CRC,cfrrbs,limma,in_silico,top500,0.025
healthy_CRC_0.025_20000000_rep8,0.016031399476118,EpiSCORE,CRC,cfrrbs,limma,in_silico,top500,0.025
healthy_CRC_0.025_20000000_rep9,0.0096385470746381,EpiSCORE,CRC,cfrrbs,limma,in_silico,top500,0.025
healthy_CRC_0.05_20000000_rep1,0.027426515394725,EpiSCORE,CRC,cfrrbs,limma,in_silico,top500,0.05
healthy_CRC_0.05_20000000_rep10,0.0380696430526028,EpiSCORE,CRC,cfrrbs,limma,in_silico,top500,0.05
healthy_CRC_0.05_20000000_rep2,0.0263385876515416,EpiSCORE,CRC,cfrrbs,limma,in_silico,top500,0.05
healthy_CRC_0.05_20000000_rep3,0.0467606044151637,EpiSCORE,CRC,cfrrbs,limma,in_silico,top500,0.05
healthy_CRC_0.05_20000000_rep4,0.0091858084397804,EpiSCORE,CRC,cfrrbs,limma,in_silico,top500,0.05
healthy_CRC_0.05_20000000_rep5,0.0252325895055114,EpiSCORE,CRC,cfrrbs,limma,in_silico,top500,0.05
healthy_CRC_0.05_20000000_rep6,0.011170288152415,EpiSCORE,CRC,cfrrbs,limma,in_silico,top500,0.05
healthy_CRC_0.05_20000000_rep7,0.0365311242096592,EpiSCORE,CRC,cfrrbs,limma,in_silico,top500,0.05
healthy_CRC_0.05_20000000_rep8,0.0278754774308079,EpiSCORE,CRC,cfrrbs,limma,in_silico,top500,0.05
healthy_CRC_0.05_20000000_rep9,0.0283376344934522,EpiSCORE,CRC,cfrrbs,limma,in_silico,top500,0.05
healthy_CRC_0.1_20000000_rep1,0.0622871127396839,EpiSCORE,CRC,cfrrbs,limma,in_silico,top500,0.1
healthy_CRC_0.1_20000000_rep10,0.0584630102456288,EpiSCORE,CRC,cfrrbs,limma,in_silico,top500,0.1
healthy_CRC_0.1_20000000_rep2,0.0436220076803384,EpiSCORE,CRC,cfrrbs,limma,in_silico,top500,0.1
healthy_CRC_0.1_20000000_rep3,0.06325664372754,EpiSCORE,CRC,cfrrbs,limma,in_silico,top500,0.1
healthy_CRC_0.1_20000000_rep4,0.0489312852959154,EpiSCORE,CRC,cfrrbs,limma,in_silico,top500,0.1
healthy_CRC_0.1_20000000_rep5,0.0773532583195346,EpiSCORE,CRC,cfrrbs,limma,in_silico,top500,0.1
healthy_CRC_0.1_20000000_rep6,0.0381431590849796,EpiSCORE,CRC,cfrrbs,limma,in_silico,top500,0.1
healthy_CRC_0.1_20000000_rep7,0.0561446653950624,EpiSCORE,CRC,cfrrbs,limma,in_silico,top500,0.1
healthy_CRC_0.1_20000000_rep8,0.0652240254028275,EpiSCORE,CRC,cfrrbs,limma,in_silico,top500,0.1
healthy_CRC_0.1_20000000_rep9,0.0513826378657331,EpiSCORE,CRC,cfrrbs,limma,in_silico,top500,0.1
healthy_CRC_0.25_20000000_rep1,0.153913040317498,EpiSCORE,CRC,cfrrbs,limma,in_silico,top500,0.25
healthy_CRC_0.25_20000000_rep10,0.149114835032247,EpiSCORE,CRC,cfrrbs,limma,in_silico,top500,0.25
healthy_CRC_0.25_20000000_rep2,0.166565749561349,EpiSCORE,CRC,cfrrbs,limma,in_silico,top500,0.25
healthy_CRC_0.25_20000000_rep3,0.133379632670337,EpiSCORE,CRC,cfrrbs,limma,in_silico,top500,0.25
healthy_CRC_0.25_20000000_rep4,0.151522886841627,EpiSCORE,CRC,cfrrbs,limma,in_silico,top500,0.25
healthy_CRC_0.25_20000000_rep5,0.164967002612088,EpiSCORE,CRC,cfrrbs,limma,in_silico,top500,0.25
healthy_CRC_0.25_20000000_rep6,0.163312061913962,EpiSCORE,CRC,cfrrbs,limma,in_silico,top500,0.25
healthy_CRC_0.25_20000000_rep7,0.158388068003445,EpiSCORE,CRC,cfrrbs,limma,in_silico,top500,0.25
healthy_CRC_0.25_20000000_rep8,0.153529032969733,EpiSCORE,CRC,cfrrbs,limma,in_silico,top500,0.25
healthy_CRC_0.25_20000000_rep9,0.155269526006838,EpiSCORE,CRC,cfrrbs,limma,in_silico,top500,0.25
healthy_CRC_0.5_20000000_rep1,0.303276981606965,EpiSCORE,CRC,cfrrbs,limma,in_silico,top500,0.5
healthy_CRC_0.5_20000000_rep10,0.306694288173574,EpiSCORE,CRC,cfrrbs,limma,in_silico,top500,0.5
healthy_CRC_0.5_20000000_rep2,0.318027401075689,EpiSCORE,CRC,cfrrbs,limma,in_silico,top500,0.5
healthy_CRC_0.5_20000000_rep3,0.300892208181186,EpiSCORE,CRC,cfrrbs,limma,in_silico,top500,0.5
healthy_CRC_0.5_20000000_rep4,0.302505248874786,EpiSCORE,CRC,cfrrbs,limma,in_silico,top500,0.5
healthy_CRC_0.5_20000000_rep5,0.288749040180056,EpiSCORE,CRC,cfrrbs,limma,in_silico,top500,0.5
healthy_CRC_0.5_20000000_rep6,0.304828708277281,EpiSCORE,CRC,cfrrbs,limma,in_silico,top500,0.5
healthy_CRC_0.5_20000000_rep7,0.306541408734531,EpiSCORE,CRC,cfrrbs,limma,in_silico,top500,0.5
healthy_CRC_0.5_20000000_rep8,0.285555053030414,EpiSCORE,CRC,cfrrbs,limma,in_silico,top500,0.5
healthy_CRC_0.5_20000000_rep9,0.301602010426588,EpiSCORE,CRC,cfrrbs,limma,in_silico,top500,0.5
healthy_CRC_0_20000000_rep1,0.0196326256835668,EpiSCORE,CRC,cfrrbs,limma,in_silico,top500,0
healthy_CRC_0_20000000_rep10,0.0035453822832698,EpiSCORE,CRC,cfrrbs,limma,in_silico,top500,0
healthy_CRC_0_20000000_rep2,0.0,EpiSCORE,CRC,cfrrbs,limma,in_silico,top500,0
healthy_CRC_0_20000000_rep3,0.0,EpiSCORE,CRC,cfrrbs,limma,in_silico,top500,0
healthy_CRC_0_20000000_rep4,0.0049171230562059,EpiSCORE,CRC,cfrrbs,limma,in_silico,top500,0
healthy_CRC_0_20000000_rep5,0.0010755947393243,EpiSCORE,CRC,cfrrbs,limma,in_silico,top500,0
healthy_CRC_0_20000000_rep6,0.0022776150218422,EpiSCORE,CRC,cfrrbs,limma,in_silico,top500,0
healthy_CRC_0_20000000_rep7,0.0,EpiSCORE,CRC,cfrrbs,limma,in_silico,top500,0
healthy_CRC_0_20000000_rep8,0.0,EpiSCORE,CRC,cfrrbs,limma,in_silico,top500,0
healthy_CRC_0_20000000_rep9,0.0,EpiSCORE,CRC,cfrrbs,limma,in_silico,top500,0
healthy_CRC_0.0001_20000000_rep1,0.006,meth_atlas,CRC,cfrrbs,limma,in_silico,top500,0.0001
healthy_CRC_0.0001_20000000_rep10,0.0,meth_atlas,CRC,cfrrbs,limma,in_silico,top500,0.0001
healthy_CRC_0.0001_20000000_rep2,0.0,meth_atlas,CRC,cfrrbs,limma,in_silico,top500,0.0001
healthy_CRC_0.0001_20000000_rep3,0.0,meth_atlas,CRC,cfrrbs,limma,in_silico,top500,0.0001
healthy_CRC_0.0001_20000000_rep4,0.0,meth_atlas,CRC,cfrrbs,limma,in_silico,top500,0.0001
healthy_CRC_0.0001_20000000_rep5,0.002,meth_atlas,CRC,cfrrbs,limma,in_silico,top500,0.0001
healthy_CRC_0.0001_20000000_rep6,0.0,meth_atlas,CRC,cfrrbs,limma,in_silico,top500,0.0001
healthy_CRC_0.0001_20000000_rep7,0.0,meth_atlas,CRC,cfrrbs,limma,in_silico,top500,0.0001
healthy_CRC_0.0001_20000000_rep8,0.0,meth_atlas,CRC,cfrrbs,limma,in_silico,top500,0.0001
healthy_CRC_0.0001_20000000_rep9,0.007,meth_atlas,CRC,cfrrbs,limma,in_silico,top500,0.0001
healthy_CRC_0.001_20000000_rep1,0.0,meth_atlas,CRC,cfrrbs,limma,in_silico,top500,0.001
healthy_CRC_0.001_20000000_rep10,0.0,meth_atlas,CRC,cfrrbs,limma,in_silico,top500,0.001
healthy_CRC_0.001_20000000_rep2,0.0,meth_atlas,CRC,cfrrbs,limma,in_silico,top500,0.001
healthy_CRC_0.001_20000000_rep3,0.006,meth_atlas,CRC,cfrrbs,limma,in_silico,top500,0.001
healthy_CRC_0.001_20000000_rep4,0.004,meth_atlas,CRC,cfrrbs,limma,in_silico,top500,0.001
healthy_CRC_0.001_20000000_rep5,0.0,meth_atlas,CRC,cfrrbs,limma,in_silico,top500,0.001
healthy_CRC_0.001_20000000_rep6,0.003,meth_atlas,CRC,cfrrbs,limma,in_silico,top500,0.001
healthy_CRC_0.001_20000000_rep7,0.0,meth_atlas,CRC,cfrrbs,limma,in_silico,top500,0.001
healthy_CRC_0.001_20000000_rep8,0.007,meth_atlas,CRC,cfrrbs,limma,in_silico,top500,0.001
healthy_CRC_0.001_20000000_rep9,0.0,meth_atlas,CRC,cfrrbs,limma,in_silico,top500,0.001
healthy_CRC_0.003_20000000_rep1,0.0,meth_atlas,CRC,cfrrbs,limma,in_silico,top500,0.003
healthy_CRC_0.003_20000000_rep10,0.0,meth_atlas,CRC,cfrrbs,limma,in_silico,top500,0.003
healthy_CRC_0.003_20000000_rep2,0.0,meth_atlas,CRC,cfrrbs,limma,in_silico,top500,0.003
healthy_CRC_0.003_20000000_rep3,0.0,meth_atlas,CRC,cfrrbs,limma,in_silico,top500,0.003
healthy_CRC_0.003_20000000_rep4,0.002,meth_atlas,CRC,cfrrbs,limma,in_silico,top500,0.003
healthy_CRC_0.003_20000000_rep5,0.001,meth_atlas,CRC,cfrrbs,limma,in_silico,top500,0.003
healthy_CRC_0.003_20000000_rep6,0.001,meth_atlas,CRC,cfrrbs,limma,in_silico,top500,0.003
healthy_CRC_0.003_20000000_rep7,0.008,meth_atlas,CRC,cfrrbs,limma,in_silico,top500,0.003
healthy_CRC_0.003_20000000_rep8,0.009,meth_atlas,CRC,cfrrbs,limma,in_silico,top500,0.003
healthy_CRC_0.003_20000000_rep9,0.0,meth_atlas,CRC,cfrrbs,limma,in_silico,top500,0.003
healthy_CRC_0.007_20000000_rep1,0.011,meth_atlas,CRC,cfrrbs,limma,in_silico,top500,0.007
healthy_CRC_0.007_20000000_rep10,0.021,meth_atlas,CRC,cfrrbs,limma,in_silico,top500,0.007
healthy_CRC_0.007_20000000_rep2,0.014,meth_atlas,CRC,cfrrbs,limma,in_silico,top500,0.007
healthy_CRC_0.007_20000000_rep3,0.007,meth_atlas,CRC,cfrrbs,limma,in_silico,top500,0.007
healthy_CRC_0.007_20000000_rep4,0.009,meth_atlas,CRC,cfrrbs,limma,in_silico,top500,0.007
healthy_CRC_0.007_20000000_rep5,0.0,meth_atlas,CRC,cfrrbs,limma,in_silico,top500,0.007
healthy_CRC_0.007_20000000_rep6,0.007,meth_atlas,CRC,cfrrbs,limma,in_silico,top500,0.007
healthy_CRC_0.007_20000000_rep7,0.005,meth_atlas,CRC,cfrrbs,limma,in_silico,top500,0.007
healthy_CRC_0.007_20000000_rep8,0.0,meth_atlas,CRC,cfrrbs,limma,in_silico,top500,0.007
healthy_CRC_0.007_20000000_rep9,0.0,meth_atlas,CRC,cfrrbs,limma,in_silico,top500,0.007
healthy_CRC_0.01_20000000_rep1,0.005,meth_atlas,CRC,cfrrbs,limma,in_silico,top500,0.01
healthy_CRC_0.01_20000000_rep10,0.0,meth_atlas,CRC,cfrrbs,limma,in_silico,top500,0.01
healthy_CRC_0.01_20000000_rep2,0.003,meth_atlas,CRC,cfrrbs,limma,in_silico,top500,0.01
healthy_CRC_0.01_20000000_rep3,0.001,meth_atlas,CRC,cfrrbs,limma,in_silico,top500,0.01
healthy_CRC_0.01_20000000_rep4,0.001,meth_atlas,CRC,cfrrbs,limma,in_silico,top500,0.01
healthy_CRC_0.01_20000000_rep5,0.01,meth_atlas,CRC,cfrrbs,limma,in_silico,top500,0.01
healthy_CRC_0.01_20000000_rep6,0.015,meth_atlas,CRC,cfrrbs,limma,in_silico,top500,0.01
healthy_CRC_0.01_20000000_rep7,0.01,meth_atlas,CRC,cfrrbs,limma,in_silico,top500,0.01
healthy_CRC_0.01_20000000_rep8,0.01,meth_atlas,CRC,cfrrbs,limma,in_silico,top500,0.01
healthy_CRC_0.01_20000000_rep9,0.011,meth_atlas,CRC,cfrrbs,limma,in_silico,top500,0.01
healthy_CRC_0.025_20000000_rep1,0.011,meth_atlas,CRC,cfrrbs,limma,in_silico,top500,0.025
healthy_CRC_0.025_20000000_rep10,0.019,meth_atlas,CRC,cfrrbs,limma,in_silico,top500,0.025
healthy_CRC_0.025_20000000_rep2,0.029,meth_atlas,CRC,cfrrbs,limma,in_silico,top500,0.025
healthy_CRC_0.025_20000000_rep3,0.013,meth_atlas,CRC,cfrrbs,limma,in_silico,top500,0.025
healthy_CRC_0.025_20000000_rep4,0.019,meth_atlas,CRC,cfrrbs,limma,in_silico,top500,0.025
healthy_CRC_0.025_20000000_rep5,0.026,meth_atlas,CRC,cfrrbs,limma,in_silico,top500,0.025
healthy_CRC_0.025_20000000_rep6,0.016,meth_atlas,CRC,cfrrbs,limma,in_silico,top500,0.025
healthy_CRC_0.025_20000000_rep7,0.014,meth_atlas,CRC,cfrrbs,limma,in_silico,top500,0.025
healthy_CRC_0.025_20000000_rep8,0.014,meth_atlas,CRC,cfrrbs,limma,in_silico,top500,0.025
healthy_CRC_0.025_20000000_rep9,0.022,meth_atlas,CRC,cfrrbs,limma,in_silico,top500,0.025
healthy_CRC_0.05_20000000_rep1,0.043,meth_atlas,CRC,cfrrbs,limma,in_silico,top500,0.05
healthy_CRC_0.05_20000000_rep10,0.037,meth_atlas,CRC,cfrrbs,limma,in_silico,top500,0.05
healthy_CRC_0.05_20000000_rep2,0.032,meth_atlas,CRC,cfrrbs,limma,in_silico,top500,0.05
healthy_CRC_0.05_20000000_rep3,0.042,meth_atlas,CRC,cfrrbs,limma,in_silico,top500,0.05
healthy_CRC_0.05_20000000_rep4,0.026,meth_atlas,CRC,cfrrbs,limma,in_silico,top500,0.05
healthy_CRC_0.05_20000000_rep5,0.029,meth_atlas,CRC,cfrrbs,limma,in_silico,top500,0.05
healthy_CRC_0.05_20000000_rep6,0.033,meth_atlas,CRC,cfrrbs,limma,in_silico,top500,0.05
healthy_CRC_0.05_20000000_rep7,0.039,meth_atlas,CRC,cfrrbs,limma,in_silico,top500,0.05
healthy_CRC_0.05_20000000_rep8,0.037,meth_atlas,CRC,cfrrbs,limma,in_silico,top500,0.05
healthy_CRC_0.05_20000000_rep9,0.037,meth_atlas,CRC,cfrrbs,limma,in_silico,top500,0.05
healthy_CRC_0.1_20000000_rep1,0.072,meth_atlas,CRC,cfrrbs,limma,in_silico,top500,0.1
healthy_CRC_0.1_20000000_rep10,0.071,meth_atlas,CRC,cfrrbs,limma,in_silico,top500,0.1
healthy_CRC_0.1_20000000_rep2,0.068,meth_atlas,CRC,cfrrbs,limma,in_silico,top500,0.1
healthy_CRC_0.1_20000000_rep3,0.075,meth_atlas,CRC,cfrrbs,limma,in_silico,top500,0.1
healthy_CRC_0.1_20000000_rep4,0.071,meth_atlas,CRC,cfrrbs,limma,in_silico,top500,0.1
healthy_CRC_0.1_20000000_rep5,0.081,meth_atlas,CRC,cfrrbs,limma,in_silico,top500,0.1
healthy_CRC_0.1_20000000_rep6,0.068,meth_atlas,CRC,cfrrbs,limma,in_silico,top500,0.1
healthy_CRC_0.1_20000000_rep7,0.071,meth_atlas,CRC,cfrrbs,limma,in_silico,top500,0.1
healthy_CRC_0.1_20000000_rep8,0.078,meth_atlas,CRC,cfrrbs,limma,in_silico,top500,0.1
healthy_CRC_0.1_20000000_rep9,0.067,meth_atlas,CRC,cfrrbs,limma,in_silico,top500,0.1
healthy_CRC_0.25_20000000_rep1,0.177,meth_atlas,CRC,cfrrbs,limma,in_silico,top500,0.25
healthy_CRC_0.25_20000000_rep10,0.175,meth_atlas,CRC,cfrrbs,limma,in_silico,top500,0.25
healthy_CRC_0.25_20000000_rep2,0.178,meth_atlas,CRC,cfrrbs,limma,in_silico,top500,0.25
healthy_CRC_0.25_20000000_rep3,0.186,meth_atlas,CRC,cfrrbs,limma,in_silico,top500,0.25
healthy_CRC_0.25_20000000_rep4,0.175,meth_atlas,CRC,cfrrbs,limma,in_silico,top500,0.25
healthy_CRC_0.25_20000000_rep5,0.185,meth_atlas,CRC,cfrrbs,limma,in_silico,top500,0.25
healthy_CRC_0.25_20000000_rep6,0.192,meth_atlas,CRC,cfrrbs,limma,in_silico,top500,0.25
healthy_CRC_0.25_20000000_rep7,0.174,meth_atlas,CRC,cfrrbs,limma,in_silico,top500,0.25
healthy_CRC_0.25_20000000_rep8,0.185,meth_atlas,CRC,cfrrbs,limma,in_silico,top500,0.25
healthy_CRC_0.25_20000000_rep9,0.183,meth_atlas,CRC,cfrrbs,limma,in_silico,top500,0.25
healthy_CRC_0.5_20000000_rep1,0.359,meth_atlas,CRC,cfrrbs,limma,in_silico,top500,0.5
healthy_CRC_0.5_20000000_rep10,0.37,meth_atlas,CRC,cfrrbs,limma,in_silico,top500,0.5
healthy_CRC_0.5_20000000_rep2,0.353,meth_atlas,CRC,cfrrbs,limma,in_silico,top500,0.5
healthy_CRC_0.5_20000000_rep3,0.358,meth_atlas,CRC,cfrrbs,limma,in_silico,top500,0.5
healthy_CRC_0.5_20000000_rep4,0.36,meth_atlas,CRC,cfrrbs,limma,in_silico,top500,0.5
healthy_CRC_0.5_20000000_rep5,0.36,meth_atlas,CRC,cfrrbs,limma,in_silico,top500,0.5
healthy_CRC_0.5_20000000_rep6,0.352,meth_atlas,CRC,cfrrbs,limma,in_silico,top500,0.5
healthy_CRC_0.5_20000000_rep7,0.362,meth_atlas,CRC,cfrrbs,limma,in_silico,top500,0.5
healthy_CRC_0.5_20000000_rep8,0.356,meth_atlas,CRC,cfrrbs,limma,in_silico,top500,0.5
healthy_CRC_0.5_20000000_rep9,0.351,meth_atlas,CRC,cfrrbs,limma,in_silico,top500,0.5
healthy_CRC_0_20000000_rep1,0.008,meth_atlas,CRC,cfrrbs,limma,in_silico,top500,0
healthy_CRC_0_20000000_rep10,0.007,meth_atlas,CRC,cfrrbs,limma,in_silico,top500,0
healthy_CRC_0_20000000_rep2,0.0,meth_atlas,CRC,cfrrbs,limma,in_silico,top500,0
healthy_CRC_0_20000000_rep3,0.002,meth_atlas,CRC,cfrrbs,limma,in_silico,top500,0
healthy_CRC_0_20000000_rep4,0.0,meth_atlas,CRC,cfrrbs,limma,in_silico,top500,0
healthy_CRC_0_20000000_rep5,0.003,meth_atlas,CRC,cfrrbs,limma,in_silico,top500,0
healthy_CRC_0_20000000_rep6,0.008,meth_atlas,CRC,cfrrbs,limma,in_silico,top500,0
healthy_CRC_0_20000000_rep7,0.001,meth_atlas,CRC,cfrrbs,limma,in_silico,top500,0
healthy_CRC_0_20000000_rep8,0.0,meth_atlas,CRC,cfrrbs,limma,in_silico,top500,0
healthy_CRC_0_20000000_rep9,0.001,meth_atlas,CRC,cfrrbs,limma,in_silico,top500,0
healthy_CRC_0.0001_20000000_rep1,0.0,CIBERSORT,CRC,cfrrbs,limma,in_silico,top500,0.0001
healthy_CRC_0.0001_20000000_rep10,0.0,CIBERSORT,CRC,cfrrbs,limma,in_silico,top500,0.0001
healthy_CRC_0.0001_20000000_rep2,0.0,CIBERSORT,CRC,cfrrbs,limma,in_silico,top500,0.0001
healthy_CRC_0.0001_20000000_rep3,0.0,CIBERSORT,CRC,cfrrbs,limma,in_silico,top500,0.0001
healthy_CRC_0.0001_20000000_rep4,0.0,CIBERSORT,CRC,cfrrbs,limma,in_silico,top500,0.0001
healthy_CRC_0.0001_20000000_rep5,0.0,CIBERSORT,CRC,cfrrbs,limma,in_silico,top500,0.0001
healthy_CRC_0.0001_20000000_rep6,0.0,CIBERSORT,CRC,cfrrbs,limma,in_silico,top500,0.0001
healthy_CRC_0.0001_20000000_rep7,0.0,CIBERSORT,CRC,cfrrbs,limma,in_silico,top500,0.0001
healthy_CRC_0.0001_20000000_rep8,0.0,CIBERSORT,CRC,cfrrbs,limma,in_silico,top500,0.0001
healthy_CRC_0.0001_20000000_rep9,0.0,CIBERSORT,CRC,cfrrbs,limma,in_silico,top500,0.0001
healthy_CRC_0.001_20000000_rep1,0.0,CIBERSORT,CRC,cfrrbs,limma,in_silico,top500,0.001
healthy_CRC_0.001_20000000_rep10,0.0,CIBERSORT,CRC,cfrrbs,limma,in_silico,top500,0.001
healthy_CRC_0.001_20000000_rep2,0.0,CIBERSORT,CRC,cfrrbs,limma,in_silico,top500,0.001
healthy_CRC_0.001_20000000_rep3,0.0,CIBERSORT,CRC,cfrrbs,limma,in_silico,top500,0.001
healthy_CRC_0.001_20000000_rep4,0.0,CIBERSORT,CRC,cfrrbs,limma,in_silico,top500,0.001
healthy_CRC_0.001_20000000_rep5,0.0,CIBERSORT,CRC,cfrrbs,limma,in_silico,top500,0.001
healthy_CRC_0.001_20000000_rep6,0.0,CIBERSORT,CRC,cfrrbs,limma,in_silico,top500,0.001
healthy_CRC_0.001_20000000_rep7,0.0,CIBERSORT,CRC,cfrrbs,limma,in_silico,top500,0.001
healthy_CRC_0.001_20000000_rep8,0.0,CIBERSORT,CRC,cfrrbs,limma,in_silico,top500,0.001
healthy_CRC_0.001_20000000_rep9,0.0,CIBERSORT,CRC,cfrrbs,limma,in_silico,top500,0.001
healthy_CRC_0.003_20000000_rep1,0.0,CIBERSORT,CRC,cfrrbs,limma,in_silico,top500,0.003
healthy_CRC_0.003_20000000_rep10,0.0,CIBERSORT,CRC,cfrrbs,limma,in_silico,top500,0.003
healthy_CRC_0.003_20000000_rep2,0.0,CIBERSORT,CRC,cfrrbs,limma,in_silico,top500,0.003
healthy_CRC_0.003_20000000_rep3,0.0,CIBERSORT,CRC,cfrrbs,limma,in_silico,top500,0.003
healthy_CRC_0.003_20000000_rep4,0.0,CIBERSORT,CRC,cfrrbs,limma,in_silico,top500,0.003
healthy_CRC_0.003_20000000_rep5,0.0,CIBERSORT,CRC,cfrrbs,limma,in_silico,top500,0.003
healthy_CRC_0.003_20000000_rep6,0.0,CIBERSORT,CRC,cfrrbs,limma,in_silico,top500,0.003
healthy_CRC_0.003_20000000_rep7,0.0,CIBERSORT,CRC,cfrrbs,limma,in_silico,top500,0.003
healthy_CRC_0.003_20000000_rep8,0.0,CIBERSORT,CRC,cfrrbs,limma,in_silico,top500,0.003
healthy_CRC_0.003_20000000_rep9,0.0,CIBERSORT,CRC,cfrrbs,limma,in_silico,top500,0.003
healthy_CRC_0.007_20000000_rep1,0.0,CIBERSORT,CRC,cfrrbs,limma,in_silico,top500,0.007
healthy_CRC_0.007_20000000_rep10,0.000569495983207,CIBERSORT,CRC,cfrrbs,limma,in_silico,top500,0.007
healthy_CRC_0.007_20000000_rep2,0.0,CIBERSORT,CRC,cfrrbs,limma,in_silico,top500,0.007
healthy_CRC_0.007_20000000_rep3,0.0,CIBERSORT,CRC,cfrrbs,limma,in_silico,top500,0.007
healthy_CRC_0.007_20000000_rep4,0.0,CIBERSORT,CRC,cfrrbs,limma,in_silico,top500,0.007
healthy_CRC_0.007_20000000_rep5,0.0,CIBERSORT,CRC,cfrrbs,limma,in_silico,top500,0.007
healthy_CRC_0.007_20000000_rep6,0.0,CIBERSORT,CRC,cfrrbs,limma,in_silico,top500,0.007
healthy_CRC_0.007_20000000_rep7,0.0,CIBERSORT,CRC,cfrrbs,limma,in_silico,top500,0.007
healthy_CRC_0.007_20000000_rep8,0.0,CIBERSORT,CRC,cfrrbs,limma,in_silico,top500,0.007
healthy_CRC_0.007_20000000_rep9,0.0,CIBERSORT,CRC,cfrrbs,limma,in_silico,top500,0.007
healthy_CRC_0.01_20000000_rep1,0.0,CIBERSORT,CRC,cfrrbs,limma,in_silico,top500,0.01
healthy_CRC_0.01_20000000_rep10,0.0,CIBERSORT,CRC,cfrrbs,limma,in_silico,top500,0.01
healthy_CRC_0.01_20000000_rep2,0.0021710577910659,CIBERSORT,CRC,cfrrbs,limma,in_silico,top500,0.01
healthy_CRC_0.01_20000000_rep3,0.0,CIBERSORT,CRC,cfrrbs,limma,in_silico,top500,0.01
healthy_CRC_0.01_20000000_rep4,0.0,CIBERSORT,CRC,cfrrbs,limma,in_silico,top500,0.01
healthy_CRC_0.01_20000000_rep5,0.0,CIBERSORT,CRC,cfrrbs,limma,in_silico,top500,0.01
healthy_CRC_0.01_20000000_rep6,0.0010360965788308,CIBERSORT,CRC,cfrrbs,limma,in_silico,top500,0.01
healthy_CRC_0.01_20000000_rep7,0.0,CIBERSORT,CRC,cfrrbs,limma,in_silico,top500,0.01
healthy_CRC_0.01_20000000_rep8,0.0,CIBERSORT,CRC,cfrrbs,limma,in_silico,top500,0.01
healthy_CRC_0.01_20000000_rep9,0.0,CIBERSORT,CRC,cfrrbs,limma,in_silico,top500,0.01
healthy_CRC_0.025_20000000_rep1,0.0,CIBERSORT,CRC,cfrrbs,limma,in_silico,top500,0.025
healthy_CRC_0.025_20000000_rep10,0.0010531053502532,CIBERSORT,CRC,cfrrbs,limma,in_silico,top500,0.025
healthy_CRC_0.025_20000000_rep2,0.0078525932902932,CIBERSORT,CRC,cfrrbs,limma,in_silico,top500,0.025
healthy_CRC_0.025_20000000_rep3,0.0015391515957553,CIBERSORT,CRC,cfrrbs,limma,in_silico,top500,0.025
healthy_CRC_0.025_20000000_rep4,0.0078522067408414,CIBERSORT,CRC,cfrrbs,limma,in_silico,top500,0.025
healthy_CRC_0.025_20000000_rep5,0.0006410029574549,CIBERSORT,CRC,cfrrbs,limma,in_silico,top500,0.025
healthy_CRC_0.025_20000000_rep6,0.0022444569684761,CIBERSORT,CRC,cfrrbs,limma,in_silico,top500,0.025
healthy_CRC_0.025_20000000_rep7,0.0,CIBERSORT,CRC,cfrrbs,limma,in_silico,top500,0.025
healthy_CRC_0.025_20000000_rep8,0.0025444356005701,CIBERSORT,CRC,cfrrbs,limma,in_silico,top500,0.025
healthy_CRC_0.025_20000000_rep9,0.0052898063559178,CIBERSORT,CRC,cfrrbs,limma,in_silico,top500,0.025
healthy_CRC_0.05_20000000_rep1,0.0168378116021225,CIBERSORT,CRC,cfrrbs,limma,in_silico,top500,0.05
healthy_CRC_0.05_20000000_rep10,0.017909026439983,CIBERSORT,CRC,cfrrbs,limma,in_silico,top500,0.05
healthy_CRC_0.05_20000000_rep2,0.0206535434499925,CIBERSORT,CRC,cfrrbs,limma,in_silico,top500,0.05
healthy_CRC_0.05_20000000_rep3,0.0206324603788638,CIBERSORT,CRC,cfrrbs,limma,in_silico,top500,0.05
healthy_CRC_0.05_20000000_rep4,0.0,CIBERSORT,CRC,cfrrbs,limma,in_silico,top500,0.05
healthy_CRC_0.05_20000000_rep5,0.0096761113696828,CIBERSORT,CRC,cfrrbs,limma,in_silico,top500,0.05
healthy_CRC_0.05_20000000_rep6,0.0165039226645199,CIBERSORT,CRC,cfrrbs,limma,in_silico,top500,0.05
healthy_CRC_0.05_20000000_rep7,0.020325405098177,CIBERSORT,CRC,cfrrbs,limma,in_silico,top500,0.05
healthy_CRC_0.05_20000000_rep8,0.0142650249222448,CIBERSORT,CRC,cfrrbs,limma,in_silico,top500,0.05
healthy_CRC_0.05_20000000_rep9,0.0088444134795262,CIBERSORT,CRC,cfrrbs,limma,in_silico,top500,0.05
healthy_CRC_0.1_20000000_rep1,0.046015425905412,CIBERSORT,CRC,cfrrbs,limma,in_silico,top500,0.1
healthy_CRC_0.1_20000000_rep10,0.0470013534912752,CIBERSORT,CRC,cfrrbs,limma,in_silico,top500,0.1
healthy_CRC_0.1_20000000_rep2,0.047552703211142,CIBERSORT,CRC,cfrrbs,limma,in_silico,top500,0.1
healthy_CRC_0.1_20000000_rep3,0.0552937869485116,CIBERSORT,CRC,cfrrbs,limma,in_silico,top500,0.1
healthy_CRC_0.1_20000000_rep4,0.0340539992395292,CIBERSORT,CRC,cfrrbs,limma,in_silico,top500,0.1
healthy_CRC_0.1_20000000_rep5,0.0659018303773968,CIBERSORT,CRC,cfrrbs,limma,in_silico,top500,0.1
healthy_CRC_0.1_20000000_rep6,0.0365599614011754,CIBERSORT,CRC,cfrrbs,limma,in_silico,top500,0.1
healthy_CRC_0.1_20000000_rep7,0.0432121323477023,CIBERSORT,CRC,cfrrbs,limma,in_silico,top500,0.1
healthy_CRC_0.1_20000000_rep8,0.0521121295383861,CIBERSORT,CRC,cfrrbs,limma,in_silico,top500,0.1
healthy_CRC_0.1_20000000_rep9,0.0399943462692169,CIBERSORT,CRC,cfrrbs,limma,in_silico,top500,0.1
healthy_CRC_0.25_20000000_rep1,0.144941306669744,CIBERSORT,CRC,cfrrbs,limma,in_silico,top500,0.25
healthy_CRC_0.25_20000000_rep10,0.145490322913626,CIBERSORT,CRC,cfrrbs,limma,in_silico,top500,0.25
healthy_CRC_0.25_20000000_rep2,0.136899422112454,CIBERSORT,CRC,cfrrbs,limma,in_silico,top500,0.25
healthy_CRC_0.25_20000000_rep3,0.13886427369504,CIBERSORT,CRC,cfrrbs,limma,in_silico,top500,0.25
healthy_CRC_0.25_20000000_rep4,0.13479261489844,CIBERSORT,CRC,cfrrbs,limma,in_silico,top500,0.25
healthy_CRC_0.25_20000000_rep5,0.155943805560276,CIBERSORT,CRC,cfrrbs,limma,in_silico,top500,0.25
healthy_CRC_0.25_20000000_rep6,0.143203249729495,CIBERSORT,CRC,cfrrbs,limma,in_silico,top500,0.25
healthy_CRC_0.25_20000000_rep7,0.138700946214306,CIBERSORT,CRC,cfrrbs,limma,in_silico,top500,0.25
healthy_CRC_0.25_20000000_rep8,0.140746920035297,CIBERSORT,CRC,cfrrbs,limma,in_silico,top500,0.25
healthy_CRC_0.25_20000000_rep9,0.136948187449763,CIBERSORT,CRC,cfrrbs,limma,in_silico,top500,0.25
healthy_CRC_0.5_20000000_rep1,0.300914048438671,CIBERSORT,CRC,cfrrbs,limma,in_silico,top500,0.5
healthy_CRC_0.5_20000000_rep10,0.33007266302757,CIBERSORT,CRC,cfrrbs,limma,in_silico,top500,0.5
healthy_CRC_0.5_20000000_rep2,0.30286599408411,CIBERSORT,CRC,cfrrbs,limma,in_silico,top500,0.5
healthy_CRC_0.5_20000000_rep3,0.320804574421847,CIBERSORT,CRC,cfrrbs,limma,in_silico,top500,0.5
healthy_CRC_0.5_20000000_rep4,0.315321442607738,CIBERSORT,CRC,cfrrbs,limma,in_silico,top500,0.5
healthy_CRC_0.5_20000000_rep5,0.310254095769921,CIBERSORT,CRC,cfrrbs,limma,in_silico,top500,0.5
healthy_CRC_0.5_20000000_rep6,0.295739905896953,CIBERSORT,CRC,cfrrbs,limma,in_silico,top500,0.5
healthy_CRC_0.5_20000000_rep7,0.307880337396454,CIBERSORT,CRC,cfrrbs,limma,in_silico,top500,0.5
healthy_CRC_0.5_20000000_rep8,0.305010379767012,CIBERSORT,CRC,cfrrbs,limma,in_silico,top500,0.5
healthy_CRC_0.5_20000000_rep9,0.312443392216011,CIBERSORT,CRC,cfrrbs,limma,in_silico,top500,0.5
healthy_CRC_0_20000000_rep1,0.0,CIBERSORT,CRC,cfrrbs,limma,in_silico,top500,0
healthy_CRC_0_20000000_rep10,0.0,CIBERSORT,CRC,cfrrbs,limma,in_silico,top500,0
healthy_CRC_0_20000000_rep2,0.0,CIBERSORT,CRC,cfrrbs,limma,in_silico,top500,0
healthy_CRC_0_20000000_rep3,0.0,CIBERSORT,CRC,cfrrbs,limma,in_silico,top500,0
healthy_CRC_0_20000000_rep4,0.0,CIBERSORT,CRC,cfrrbs,limma,in_silico,top500,0
healthy_CRC_0_20000000_rep5,0.0,CIBERSORT,CRC,cfrrbs,limma,in_silico,top500,0
healthy_CRC_0_20000000_rep6,0.0,CIBERSORT,CRC,cfrrbs,limma,in_silico,top500,0
healthy_CRC_0_20000000_rep7,0.0,CIBERSORT,CRC,cfrrbs,limma,in_silico,top500,0
healthy_CRC_0_20000000_rep8,0.0,CIBERSORT,CRC,cfrrbs,limma,in_silico,top500,0
healthy_CRC_0_20000000_rep9,0.0,CIBERSORT,CRC,cfrrbs,limma,in_silico,top500,0
healthy_CRC_0.0001_20000000_rep1,0.004,MetDecode,CRC,cfrrbs,limma,in_silico,top250,0.0001
healthy_CRC_0.0001_20000000_rep10,0.003,MetDecode,CRC,cfrrbs,limma,in_silico,top250,0.0001
healthy_CRC_0.0001_20000000_rep2,0.001,MetDecode,CRC,cfrrbs,limma,in_silico,top250,0.0001
healthy_CRC_0.0001_20000000_rep3,0.002,MetDecode,CRC,cfrrbs,limma,in_silico,top250,0.0001
healthy_CRC_0.0001_20000000_rep4,0.0,MetDecode,CRC,cfrrbs,limma,in_silico,top250,0.0001
healthy_CRC_0.0001_20000000_rep5,0.003,MetDecode,CRC,cfrrbs,limma,in_silico,top250,0.0001
healthy_CRC_0.0001_20000000_rep6,0.002,MetDecode,CRC,cfrrbs,limma,in_silico,top250,0.0001
healthy_CRC_0.0001_20000000_rep7,0.004,MetDecode,CRC,cfrrbs,limma,in_silico,top250,0.0001
healthy_CRC_0.0001_20000000_rep8,0.001,MetDecode,CRC,cfrrbs,limma,in_silico,top250,0.0001
healthy_CRC_0.0001_20000000_rep9,0.008,MetDecode,CRC,cfrrbs,limma,in_silico,top250,0.0001
healthy_CRC_0.001_20000000_rep1,0.006,MetDecode,CRC,cfrrbs,limma,in_silico,top250,0.001
healthy_CRC_0.001_20000000_rep10,0.007,MetDecode,CRC,cfrrbs,limma,in_silico,top250,0.001
healthy_CRC_0.001_20000000_rep2,0.006,MetDecode,CRC,cfrrbs,limma,in_silico,top250,0.001
healthy_CRC_0.001_20000000_rep3,0.004,MetDecode,CRC,cfrrbs,limma,in_silico,top250,0.001
healthy_CRC_0.001_20000000_rep4,0.005,MetDecode,CRC,cfrrbs,limma,in_silico,top250,0.001
healthy_CRC_0.001_20000000_rep5,0.003,MetDecode,CRC,cfrrbs,limma,in_silico,top250,0.001
healthy_CRC_0.001_20000000_rep6,0.005,MetDecode,CRC,cfrrbs,limma,in_silico,top250,0.001
healthy_CRC_0.001_20000000_rep7,0.002,MetDecode,CRC,cfrrbs,limma,in_silico,top250,0.001
healthy_CRC_0.001_20000000_rep8,0.005,MetDecode,CRC,cfrrbs,limma,in_silico,top250,0.001
healthy_CRC_0.001_20000000_rep9,0.001,MetDecode,CRC,cfrrbs,limma,in_silico,top250,0.001
healthy_CRC_0.003_20000000_rep1,0.006,MetDecode,CRC,cfrrbs,limma,in_silico,top250,0.003
healthy_CRC_0.003_20000000_rep10,0.006,MetDecode,CRC,cfrrbs,limma,in_silico,top250,0.003
healthy_CRC_0.003_20000000_rep2,0.005,MetDecode,CRC,cfrrbs,limma,in_silico,top250,0.003
healthy_CRC_0.003_20000000_rep3,0.006,MetDecode,CRC,cfrrbs,limma,in_silico,top250,0.003
healthy_CRC_0.003_20000000_rep4,0.007,MetDecode,CRC,cfrrbs,limma,in_silico,top250,0.003
healthy_CRC_0.003_20000000_rep5,0.003,MetDecode,CRC,cfrrbs,limma,in_silico,top250,0.003
healthy_CRC_0.003_20000000_rep6,0.003,MetDecode,CRC,cfrrbs,limma,in_silico,top250,0.003
healthy_CRC_0.003_20000000_rep7,0.004,MetDecode,CRC,cfrrbs,limma,in_silico,top250,0.003
healthy_CRC_0.003_20000000_rep8,0.012,MetDecode,CRC,cfrrbs,limma,in_silico,top250,0.003
healthy_CRC_0.003_20000000_rep9,0.003,MetDecode,CRC,cfrrbs,limma,in_silico,top250,0.003
healthy_CRC_0.007_20000000_rep1,0.005,MetDecode,CRC,cfrrbs,limma,in_silico,top250,0.007
healthy_CRC_0.007_20000000_rep10,0.017,MetDecode,CRC,cfrrbs,limma,in_silico,top250,0.007
healthy_CRC_0.007_20000000_rep2,0.007,MetDecode,CRC,cfrrbs,limma,in_silico,top250,0.007
healthy_CRC_0.007_20000000_rep3,0.005,MetDecode,CRC,cfrrbs,limma,in_silico,top250,0.007
healthy_CRC_0.007_20000000_rep4,0.003,MetDecode,CRC,cfrrbs,limma,in_silico,top250,0.007
healthy_CRC_0.007_20000000_rep5,0.003,MetDecode,CRC,cfrrbs,limma,in_silico,top250,0.007
healthy_CRC_0.007_20000000_rep6,0.008,MetDecode,CRC,cfrrbs,limma,in_silico,top250,0.007
healthy_CRC_0.007_20000000_rep7,0.008,MetDecode,CRC,cfrrbs,limma,in_silico,top250,0.007
healthy_CRC_0.007_20000000_rep8,0.006,MetDecode,CRC,cfrrbs,limma,in_silico,top250,0.007
healthy_CRC_0.007_20000000_rep9,0.005,MetDecode,CRC,cfrrbs,limma,in_silico,top250,0.007
healthy_CRC_0.01_20000000_rep1,0.003,MetDecode,CRC,cfrrbs,limma,in_silico,top250,0.01
healthy_CRC_0.01_20000000_rep10,0.003,MetDecode,CRC,cfrrbs,limma,in_silico,top250,0.01
healthy_CRC_0.01_20000000_rep2,0.005,MetDecode,CRC,cfrrbs,limma,in_silico,top250,0.01
healthy_CRC_0.01_20000000_rep3,0.006,MetDecode,CRC,cfrrbs,limma,in_silico,top250,0.01
healthy_CRC_0.01_20000000_rep4,0.007,MetDecode,CRC,cfrrbs,limma,in_silico,top250,0.01
healthy_CRC_0.01_20000000_rep5,0.008,MetDecode,CRC,cfrrbs,limma,in_silico,top250,0.01
healthy_CRC_0.01_20000000_rep6,0.01,MetDecode,CRC,cfrrbs,limma,in_silico,top250,0.01
healthy_CRC_0.01_20000000_rep7,0.01,MetDecode,CRC,cfrrbs,limma,in_silico,top250,0.01
healthy_CRC_0.01_20000000_rep8,0.006,MetDecode,CRC,cfrrbs,limma,in_silico,top250,0.01
healthy_CRC_0.01_20000000_rep9,0.008,MetDecode,CRC,cfrrbs,limma,in_silico,top250,0.01
healthy_CRC_0.025_20000000_rep1,0.021,MetDecode,CRC,cfrrbs,limma,in_silico,top250,0.025
healthy_CRC_0.025_20000000_rep10,0.013,MetDecode,CRC,cfrrbs,limma,in_silico,top250,0.025
healthy_CRC_0.025_20000000_rep2,0.037,MetDecode,CRC,cfrrbs,limma,in_silico,top250,0.025
healthy_CRC_0.025_20000000_rep3,0.02,MetDecode,CRC,cfrrbs,limma,in_silico,top250,0.025
healthy_CRC_0.025_20000000_rep4,0.019,MetDecode,CRC,cfrrbs,limma,in_silico,top250,0.025
healthy_CRC_0.025_20000000_rep5,0.03,MetDecode,CRC,cfrrbs,limma,in_silico,top250,0.025
healthy_CRC_0.025_20000000_rep6,0.024,MetDecode,CRC,cfrrbs,limma,in_silico,top250,0.025
healthy_CRC_0.025_20000000_rep7,0.031,MetDecode,CRC,cfrrbs,limma,in_silico,top250,0.025
healthy_CRC_0.025_20000000_rep8,0.02,MetDecode,CRC,cfrrbs,limma,in_silico,top250,0.025
healthy_CRC_0.025_20000000_rep9,0.022,MetDecode,CRC,cfrrbs,limma,in_silico,top250,0.025
healthy_CRC_0.05_20000000_rep1,0.046,MetDecode,CRC,cfrrbs,limma,in_silico,top250,0.05
healthy_CRC_0.05_20000000_rep10,0.045,MetDecode,CRC,cfrrbs,limma,in_silico,top250,0.05
healthy_CRC_0.05_20000000_rep2,0.049,MetDecode,CRC,cfrrbs,limma,in_silico,top250,0.05
healthy_CRC_0.05_20000000_rep3,0.043,MetDecode,CRC,cfrrbs,limma,in_silico,top250,0.05
healthy_CRC_0.05_20000000_rep4,0.038,MetDecode,CRC,cfrrbs,limma,in_silico,top250,0.05
healthy_CRC_0.05_20000000_rep5,0.036,MetDecode,CRC,cfrrbs,limma,in_silico,top250,0.05
healthy_CRC_0.05_20000000_rep6,0.042,MetDecode,CRC,cfrrbs,limma,in_silico,top250,0.05
healthy_CRC_0.05_20000000_rep7,0.048,MetDecode,CRC,cfrrbs,limma,in_silico,top250,0.05
healthy_CRC_0.05_20000000_rep8,0.056,MetDecode,CRC,cfrrbs,limma,in_silico,top250,0.05
healthy_CRC_0.05_20000000_rep9,0.048,MetDecode,CRC,cfrrbs,limma,in_silico,top250,0.05
healthy_CRC_0.1_20000000_rep1,0.096,MetDecode,CRC,cfrrbs,limma,in_silico,top250,0.1
healthy_CRC_0.1_20000000_rep10,0.091,MetDecode,CRC,cfrrbs,limma,in_silico,top250,0.1
healthy_CRC_0.1_20000000_rep2,0.092,MetDecode,CRC,cfrrbs,limma,in_silico,top250,0.1
healthy_CRC_0.1_20000000_rep3,0.102,MetDecode,CRC,cfrrbs,limma,in_silico,top250,0.1
healthy_CRC_0.1_20000000_rep4,0.086,MetDecode,CRC,cfrrbs,limma,in_silico,top250,0.1
healthy_CRC_0.1_20000000_rep5,0.113,MetDecode,CRC,cfrrbs,limma,in_silico,top250,0.1
healthy_CRC_0.1_20000000_rep6,0.1,MetDecode,CRC,cfrrbs,limma,in_silico,top250,0.1
healthy_CRC_0.1_20000000_rep7,0.094,MetDecode,CRC,cfrrbs,limma,in_silico,top250,0.1
healthy_CRC_0.1_20000000_rep8,0.109,MetDecode,CRC,cfrrbs,limma,in_silico,top250,0.1
healthy_CRC_0.1_20000000_rep9,0.093,MetDecode,CRC,cfrrbs,limma,in_silico,top250,0.1
healthy_CRC_0.25_20000000_rep1,0.245,MetDecode,CRC,cfrrbs,limma,in_silico,top250,0.25
healthy_CRC_0.25_20000000_rep10,0.24,MetDecode,CRC,cfrrbs,limma,in_silico,top250,0.25
healthy_CRC_0.25_20000000_rep2,0.229,MetDecode,CRC,cfrrbs,limma,in_silico,top250,0.25
healthy_CRC_0.25_20000000_rep3,0.232,MetDecode,CRC,cfrrbs,limma,in_silico,top250,0.25
healthy_CRC_0.25_20000000_rep4,0.221,MetDecode,CRC,cfrrbs,limma,in_silico,top250,0.25
healthy_CRC_0.25_20000000_rep5,0.258,MetDecode,CRC,cfrrbs,limma,in_silico,top250,0.25
healthy_CRC_0.25_20000000_rep6,0.253,MetDecode,CRC,cfrrbs,limma,in_silico,top250,0.25
healthy_CRC_0.25_20000000_rep7,0.242,MetDecode,CRC,cfrrbs,limma,in_silico,top250,0.25
healthy_CRC_0.25_20000000_rep8,0.236,MetDecode,CRC,cfrrbs,limma,in_silico,top250,0.25
healthy_CRC_0.25_20000000_rep9,0.248,MetDecode,CRC,cfrrbs,limma,in_silico,top250,0.25
healthy_CRC_0.5_20000000_rep1,0.477,MetDecode,CRC,cfrrbs,limma,in_silico,top250,0.5
healthy_CRC_0.5_20000000_rep10,0.463,MetDecode,CRC,cfrrbs,limma,in_silico,top250,0.5
healthy_CRC_0.5_20000000_rep2,0.463,MetDecode,CRC,cfrrbs,limma,in_silico,top250,0.5
healthy_CRC_0.5_20000000_rep3,0.469,MetDecode,CRC,cfrrbs,limma,in_silico,top250,0.5
healthy_CRC_0.5_20000000_rep4,0.467,MetDecode,CRC,cfrrbs,limma,in_silico,top250,0.5
healthy_CRC_0.5_20000000_rep5,0.469,MetDecode,CRC,cfrrbs,limma,in_silico,top250,0.5
healthy_CRC_0.5_20000000_rep6,0.463,MetDecode,CRC,cfrrbs,limma,in_silico,top250,0.5
healthy_CRC_0.5_20000000_rep7,0.476,MetDecode,CRC,cfrrbs,limma,in_silico,top250,0.5
healthy_CRC_0.5_20000000_rep8,0.455,MetDecode,CRC,cfrrbs,limma,in_silico,top250,0.5
healthy_CRC_0.5_20000000_rep9,0.473,MetDecode,CRC,cfrrbs,limma,in_silico,top250,0.5
healthy_CRC_0_20000000_rep1,0.004,MetDecode,CRC,cfrrbs,limma,in_silico,top250,0
healthy_CRC_0_20000000_rep10,0.006,MetDecode,CRC,cfrrbs,limma,in_silico,top250,0
healthy_CRC_0_20000000_rep2,0.004,MetDecode,CRC,cfrrbs,limma,in_silico,top250,0
healthy_CRC_0_20000000_rep3,0.003,MetDecode,CRC,cfrrbs,limma,in_silico,top250,0
healthy_CRC_0_20000000_rep4,0.002,MetDecode,CRC,cfrrbs,limma,in_silico,top250,0
healthy_CRC_0_20000000_rep5,0.003,MetDecode,CRC,cfrrbs,limma,in_silico,top250,0
healthy_CRC_0_20000000_rep6,0.002,MetDecode,CRC,cfrrbs,limma,in_silico,top250,0
healthy_CRC_0_20000000_rep7,0.003,MetDecode,CRC,cfrrbs,limma,in_silico,top250,0
healthy_CRC_0_20000000_rep8,0.002,MetDecode,CRC,cfrrbs,limma,in_silico,top250,0
healthy_CRC_0_20000000_rep9,0.005,MetDecode,CRC,cfrrbs,limma,in_silico,top250,0
healthy_CRC_0.0001_20000000_rep1,0.0057944839038328,CelFiE,CRC,cfrrbs,limma,in_silico,top250,0.0001
healthy_CRC_0.0001_20000000_rep10,0.0033852336372733,CelFiE,CRC,cfrrbs,limma,in_silico,top250,0.0001
healthy_CRC_0.0001_20000000_rep2,0.0032005600527666,CelFiE,CRC,cfrrbs,limma,in_silico,top250,0.0001
healthy_CRC_0.0001_20000000_rep3,0.0044929648320747,CelFiE,CRC,cfrrbs,limma,in_silico,top250,0.0001
healthy_CRC_0.0001_20000000_rep4,0.0012699078560368,CelFiE,CRC,cfrrbs,limma,in_silico,top250,0.0001
healthy_CRC_0.0001_20000000_rep5,0.003247049488664,CelFiE,CRC,cfrrbs,limma,in_silico,top250,0.0001
healthy_CRC_0.0001_20000000_rep6,0.0025780037921817,CelFiE,CRC,cfrrbs,limma,in_silico,top250,0.0001
healthy_CRC_0.0001_20000000_rep7,0.0030560171916795,CelFiE,CRC,cfrrbs,limma,in_silico,top250,0.0001
healthy_CRC_0.0001_20000000_rep8,0.0046594924210755,CelFiE,CRC,cfrrbs,limma,in_silico,top250,0.0001
healthy_CRC_0.0001_20000000_rep9,0.0054370997269372,CelFiE,CRC,cfrrbs,limma,in_silico,top250,0.0001
healthy_CRC_0.001_20000000_rep1,0.0041636882224614,CelFiE,CRC,cfrrbs,limma,in_silico,top250,0.001
healthy_CRC_0.001_20000000_rep10,0.0031351171781868,CelFiE,CRC,cfrrbs,limma,in_silico,top250,0.001
healthy_CRC_0.001_20000000_rep2,0.0059130580901858,CelFiE,CRC,cfrrbs,limma,in_silico,top250,0.001
healthy_CRC_0.001_20000000_rep3,0.0052396761207489,CelFiE,CRC,cfrrbs,limma,in_silico,top250,0.001
healthy_CRC_0.001_20000000_rep4,0.0028647529835123,CelFiE,CRC,cfrrbs,limma,in_silico,top250,0.001
healthy_CRC_0.001_20000000_rep5,0.0040940986206039,CelFiE,CRC,cfrrbs,limma,in_silico,top250,0.001
healthy_CRC_0.001_20000000_rep6,0.0042331129492395,CelFiE,CRC,cfrrbs,limma,in_silico,top250,0.001
healthy_CRC_0.001_20000000_rep7,0.0032438082582056,CelFiE,CRC,cfrrbs,limma,in_silico,top250,0.001
healthy_CRC_0.001_20000000_rep8,0.0051444832776387,CelFiE,CRC,cfrrbs,limma,in_silico,top250,0.001
healthy_CRC_0.001_20000000_rep9,0.0038723107839624,CelFiE,CRC,cfrrbs,limma,in_silico,top250,0.001
healthy_CRC_0.003_20000000_rep1,0.005149610433813,CelFiE,CRC,cfrrbs,limma,in_silico,top250,0.003
healthy_CRC_0.003_20000000_rep10,0.007474914853993,CelFiE,CRC,cfrrbs,limma,in_silico,top250,0.003
healthy_CRC_0.003_20000000_rep2,0.0040824175549891,CelFiE,CRC,cfrrbs,limma,in_silico,top250,0.003
healthy_CRC_0.003_20000000_rep3,0.0072403398450384,CelFiE,CRC,cfrrbs,limma,in_silico,top250,0.003
healthy_CRC_0.003_20000000_rep4,0.0061385468747272,CelFiE,CRC,cfrrbs,limma,in_silico,top250,0.003
healthy_CRC_0.003_20000000_rep5,0.0060816602343779,CelFiE,CRC,cfrrbs,limma,in_silico,top250,0.003
healthy_CRC_0.003_20000000_rep6,0.0054175025837697,CelFiE,CRC,cfrrbs,limma,in_silico,top250,0.003
healthy_CRC_0.003_20000000_rep7,0.0062902771073242,CelFiE,CRC,cfrrbs,limma,in_silico,top250,0.003
healthy_CRC_0.003_20000000_rep8,0.0058442626515826,CelFiE,CRC,cfrrbs,limma,in_silico,top250,0.003
healthy_CRC_0.003_20000000_rep9,0.0054368180073833,CelFiE,CRC,cfrrbs,limma,in_silico,top250,0.003
healthy_CRC_0.007_20000000_rep1,0.0068844578492041,CelFiE,CRC,cfrrbs,limma,in_silico,top250,0.007
healthy_CRC_0.007_20000000_rep10,0.0111813260946467,CelFiE,CRC,cfrrbs,limma,in_silico,top250,0.007
healthy_CRC_0.007_20000000_rep2,0.0076727516210453,CelFiE,CRC,cfrrbs,limma,in_silico,top250,0.007
healthy_CRC_0.007_20000000_rep3,0.0085678122563666,CelFiE,CRC,cfrrbs,limma,in_silico,top250,0.007
healthy_CRC_0.007_20000000_rep4,0.0055311719005472,CelFiE,CRC,cfrrbs,limma,in_silico,top250,0.007
healthy_CRC_0.007_20000000_rep5,0.0063226856191952,CelFiE,CRC,cfrrbs,limma,in_silico,top250,0.007
healthy_CRC_0.007_20000000_rep6,0.0149990958191402,CelFiE,CRC,cfrrbs,limma,in_silico,top250,0.007
healthy_CRC_0.007_20000000_rep7,0.0115389042182935,CelFiE,CRC,cfrrbs,limma,in_silico,top250,0.007
healthy_CRC_0.007_20000000_rep8,0.006412577703233,CelFiE,CRC,cfrrbs,limma,in_silico,top250,0.007
healthy_CRC_0.007_20000000_rep9,0.0056124388805842,CelFiE,CRC,cfrrbs,limma,in_silico,top250,0.007
healthy_CRC_0.01_20000000_rep1,0.0106325501174509,CelFiE,CRC,cfrrbs,limma,in_silico,top250,0.01
healthy_CRC_0.01_20000000_rep10,0.007913418065028,CelFiE,CRC,cfrrbs,limma,in_silico,top250,0.01
healthy_CRC_0.01_20000000_rep2,0.0062168349453578,CelFiE,CRC,cfrrbs,limma,in_silico,top250,0.01
healthy_CRC_0.01_20000000_rep3,0.013420143252451,CelFiE,CRC,cfrrbs,limma,in_silico,top250,0.01
healthy_CRC_0.01_20000000_rep4,0.0127595926189176,CelFiE,CRC,cfrrbs,limma,in_silico,top250,0.01
healthy_CRC_0.01_20000000_rep5,0.0138990961899286,CelFiE,CRC,cfrrbs,limma,in_silico,top250,0.01
healthy_CRC_0.01_20000000_rep6,0.0136423226846615,CelFiE,CRC,cfrrbs,limma,in_silico,top250,0.01
healthy_CRC_0.01_20000000_rep7,0.0086903623321847,CelFiE,CRC,cfrrbs,limma,in_silico,top250,0.01
healthy_CRC_0.01_20000000_rep8,0.0097662597677676,CelFiE,CRC,cfrrbs,limma,in_silico,top250,0.01
healthy_CRC_0.01_20000000_rep9,0.0118101216489257,CelFiE,CRC,cfrrbs,limma,in_silico,top250,0.01
healthy_CRC_0.025_20000000_rep1,0.024136460512995,CelFiE,CRC,cfrrbs,limma,in_silico,top250,0.025
healthy_CRC_0.025_20000000_rep10,0.0204169185669358,CelFiE,CRC,cfrrbs,limma,in_silico,top250,0.025
healthy_CRC_0.025_20000000_rep2,0.0307208048132652,CelFiE,CRC,cfrrbs,limma,in_silico,top250,0.025
healthy_CRC_0.025_20000000_rep3,0.021427631001138,CelFiE,CRC,cfrrbs,limma,in_silico,top250,0.025
healthy_CRC_0.025_20000000_rep4,0.0199193633964909,CelFiE,CRC,cfrrbs,limma,in_silico,top250,0.025
healthy_CRC_0.025_20000000_rep5,0.0307036128121503,CelFiE,CRC,cfrrbs,limma,in_silico,top250,0.025
healthy_CRC_0.025_20000000_rep6,0.0266939362496048,CelFiE,CRC,cfrrbs,limma,in_silico,top250,0.025
healthy_CRC_0.025_20000000_rep7,0.0244193148345491,CelFiE,CRC,cfrrbs,limma,in_silico,top250,0.025
healthy_CRC_0.025_20000000_rep8,0.0207382599140288,CelFiE,CRC,cfrrbs,limma,in_silico,top250,0.025
healthy_CRC_0.025_20000000_rep9,0.0263346432567632,CelFiE,CRC,cfrrbs,limma,in_silico,top250,0.025
healthy_CRC_0.05_20000000_rep1,0.0428822055173087,CelFiE,CRC,cfrrbs,limma,in_silico,top250,0.05
healthy_CRC_0.05_20000000_rep10,0.0430051856160809,CelFiE,CRC,cfrrbs,limma,in_silico,top250,0.05
healthy_CRC_0.05_20000000_rep2,0.0491763471163089,CelFiE,CRC,cfrrbs,limma,in_silico,top250,0.05
healthy_CRC_0.05_20000000_rep3,0.0535156392386975,CelFiE,CRC,cfrrbs,limma,in_silico,top250,0.05
healthy_CRC_0.05_20000000_rep4,0.036503241601272,CelFiE,CRC,cfrrbs,limma,in_silico,top250,0.05
healthy_CRC_0.05_20000000_rep5,0.0346005919680678,CelFiE,CRC,cfrrbs,limma,in_silico,top250,0.05
healthy_CRC_0.05_20000000_rep6,0.0462690772566981,CelFiE,CRC,cfrrbs,limma,in_silico,top250,0.05
healthy_CRC_0.05_20000000_rep7,0.0433713110289472,CelFiE,CRC,cfrrbs,limma,in_silico,top250,0.05
healthy_CRC_0.05_20000000_rep8,0.0509090154830633,CelFiE,CRC,cfrrbs,limma,in_silico,top250,0.05
healthy_CRC_0.05_20000000_rep9,0.0450046918506899,CelFiE,CRC,cfrrbs,limma,in_silico,top250,0.05
healthy_CRC_0.1_20000000_rep1,0.0872725684280504,CelFiE,CRC,cfrrbs,limma,in_silico,top250,0.1
healthy_CRC_0.1_20000000_rep10,0.0822559368413069,CelFiE,CRC,cfrrbs,limma,in_silico,top250,0.1
healthy_CRC_0.1_20000000_rep2,0.0771350598170632,CelFiE,CRC,cfrrbs,limma,in_silico,top250,0.1
healthy_CRC_0.1_20000000_rep3,0.0914807286117098,CelFiE,CRC,cfrrbs,limma,in_silico,top250,0.1
healthy_CRC_0.1_20000000_rep4,0.08417249809661,CelFiE,CRC,cfrrbs,limma,in_silico,top250,0.1
healthy_CRC_0.1_20000000_rep5,0.0927764864349836,CelFiE,CRC,cfrrbs,limma,in_silico,top250,0.1
healthy_CRC_0.1_20000000_rep6,0.0822596138449079,CelFiE,CRC,cfrrbs,limma,in_silico,top250,0.1
healthy_CRC_0.1_20000000_rep7,0.078949258402225,CelFiE,CRC,cfrrbs,limma,in_silico,top250,0.1
healthy_CRC_0.1_20000000_rep8,0.0839558255245849,CelFiE,CRC,cfrrbs,limma,in_silico,top250,0.1
healthy_CRC_0.1_20000000_rep9,0.084285836719009,CelFiE,CRC,cfrrbs,limma,in_silico,top250,0.1
healthy_CRC_0.25_20000000_rep1,0.2055303103117826,CelFiE,CRC,cfrrbs,limma,in_silico,top250,0.25
healthy_CRC_0.25_20000000_rep10,0.2105605998722596,CelFiE,CRC,cfrrbs,limma,in_silico,top250,0.25
healthy_CRC_0.25_20000000_rep2,0.2129464218198058,CelFiE,CRC,cfrrbs,limma,in_silico,top250,0.25
healthy_CRC_0.25_20000000_rep3,0.2142462810122381,CelFiE,CRC,cfrrbs,limma,in_silico,top250,0.25
healthy_CRC_0.25_20000000_rep4,0.203603278791559,CelFiE,CRC,cfrrbs,limma,in_silico,top250,0.25
healthy_CRC_0.25_20000000_rep5,0.2153305191745449,CelFiE,CRC,cfrrbs,limma,in_silico,top250,0.25
healthy_CRC_0.25_20000000_rep6,0.2176550028700081,CelFiE,CRC,cfrrbs,limma,in_silico,top250,0.25
healthy_CRC_0.25_20000000_rep7,0.2141018965447948,CelFiE,CRC,cfrrbs,limma,in_silico,top250,0.25
healthy_CRC_0.25_20000000_rep8,0.2169628630089959,CelFiE,CRC,cfrrbs,limma,in_silico,top250,0.25
healthy_CRC_0.25_20000000_rep9,0.2144802300649316,CelFiE,CRC,cfrrbs,limma,in_silico,top250,0.25
healthy_CRC_0.5_20000000_rep1,0.4404019161916556,CelFiE,CRC,cfrrbs,limma,in_silico,top250,0.5
healthy_CRC_0.5_20000000_rep10,0.437384429108543,CelFiE,CRC,cfrrbs,limma,in_silico,top250,0.5
healthy_CRC_0.5_20000000_rep2,0.4281882408459861,CelFiE,CRC,cfrrbs,limma,in_silico,top250,0.5
healthy_CRC_0.5_20000000_rep3,0.4324601942823026,CelFiE,CRC,cfrrbs,limma,in_silico,top250,0.5
healthy_CRC_0.5_20000000_rep4,0.4362819257801194,CelFiE,CRC,cfrrbs,limma,in_silico,top250,0.5
healthy_CRC_0.5_20000000_rep5,0.4357539101715472,CelFiE,CRC,cfrrbs,limma,in_silico,top250,0.5
healthy_CRC_0.5_20000000_rep6,0.4300267135760429,CelFiE,CRC,cfrrbs,limma,in_silico,top250,0.5
healthy_CRC_0.5_20000000_rep7,0.4431110665055328,CelFiE,CRC,cfrrbs,limma,in_silico,top250,0.5
healthy_CRC_0.5_20000000_rep8,0.434505833410323,CelFiE,CRC,cfrrbs,limma,in_silico,top250,0.5
healthy_CRC_0.5_20000000_rep9,0.4385770190717653,CelFiE,CRC,cfrrbs,limma,in_silico,top250,0.5
healthy_CRC_0_20000000_rep1,0.0058244674649246,CelFiE,CRC,cfrrbs,limma,in_silico,top250,0
healthy_CRC_0_20000000_rep10,0.0046747206440944,CelFiE,CRC,cfrrbs,limma,in_silico,top250,0
healthy_CRC_0_20000000_rep2,0.0038583296752762,CelFiE,CRC,cfrrbs,limma,in_silico,top250,0
healthy_CRC_0_20000000_rep3,0.0042687340201905,CelFiE,CRC,cfrrbs,limma,in_silico,top250,0
healthy_CRC_0_20000000_rep4,0.0060851478453278,CelFiE,CRC,cfrrbs,limma,in_silico,top250,0
healthy_CRC_0_20000000_rep5,0.003375655446329,CelFiE,CRC,cfrrbs,limma,in_silico,top250,0
healthy_CRC_0_20000000_rep6,0.0034517030822346,CelFiE,CRC,cfrrbs,limma,in_silico,top250,0
healthy_CRC_0_20000000_rep7,0.0034018574539653,CelFiE,CRC,cfrrbs,limma,in_silico,top250,0
healthy_CRC_0_20000000_rep8,0.0042742512563162,CelFiE,CRC,cfrrbs,limma,in_silico,top250,0
healthy_CRC_0_20000000_rep9,0.0062885611276822,CelFiE,CRC,cfrrbs,limma,in_silico,top250,0
healthy_CRC_0.0001_20000000_rep1,0.0423907,UXM,CRC,cfrrbs,limma,in_silico,top250,0.0001
healthy_CRC_0.0001_20000000_rep10,0.097618,UXM,CRC,cfrrbs,limma,in_silico,top250,0.0001
healthy_CRC_0.0001_20000000_rep2,0.0,UXM,CRC,cfrrbs,limma,in_silico,top250,0.0001
healthy_CRC_0.0001_20000000_rep3,0.0,UXM,CRC,cfrrbs,limma,in_silico,top250,0.0001
healthy_CRC_0.0001_20000000_rep4,0.030952,UXM,CRC,cfrrbs,limma,in_silico,top250,0.0001
healthy_CRC_0.0001_20000000_rep5,0.0,UXM,CRC,cfrrbs,limma,in_silico,top250,0.0001
healthy_CRC_0.0001_20000000_rep6,0.0427041,UXM,CRC,cfrrbs,limma,in_silico,top250,0.0001
healthy_CRC_0.0001_20000000_rep7,0.0742344,UXM,CRC,cfrrbs,limma,in_silico,top250,0.0001
healthy_CRC_0.0001_20000000_rep8,0.0,UXM,CRC,cfrrbs,limma,in_silico,top250,0.0001
healthy_CRC_0.0001_20000000_rep9,0.0,UXM,CRC,cfrrbs,limma,in_silico,top250,0.0001
healthy_CRC_0.001_20000000_rep1,0.016615,UXM,CRC,cfrrbs,limma,in_silico,top250,0.001
healthy_CRC_0.001_20000000_rep10,0.0573468,UXM,CRC,cfrrbs,limma,in_silico,top250,0.001
healthy_CRC_0.001_20000000_rep2,0.0,UXM,CRC,cfrrbs,limma,in_silico,top250,0.001
healthy_CRC_0.001_20000000_rep3,0.0,UXM,CRC,cfrrbs,limma,in_silico,top250,0.001
healthy_CRC_0.001_20000000_rep4,0.0,UXM,CRC,cfrrbs,limma,in_silico,top250,0.001
healthy_CRC_0.001_20000000_rep5,0.1056884,UXM,CRC,cfrrbs,limma,in_silico,top250,0.001
healthy_CRC_0.001_20000000_rep6,0.0,UXM,CRC,cfrrbs,limma,in_silico,top250,0.001
healthy_CRC_0.001_20000000_rep7,0.0,UXM,CRC,cfrrbs,limma,in_silico,top250,0.001
healthy_CRC_0.001_20000000_rep8,0.0,UXM,CRC,cfrrbs,limma,in_silico,top250,0.001
healthy_CRC_0.001_20000000_rep9,0.0,UXM,CRC,cfrrbs,limma,in_silico,top250,0.001
healthy_CRC_0.003_20000000_rep1,0.0,UXM,CRC,cfrrbs,limma,in_silico,top250,0.003
healthy_CRC_0.003_20000000_rep10,0.0,UXM,CRC,cfrrbs,limma,in_silico,top250,0.003
healthy_CRC_0.003_20000000_rep2,0.064047,UXM,CRC,cfrrbs,limma,in_silico,top250,0.003
healthy_CRC_0.003_20000000_rep3,0.0073972,UXM,CRC,cfrrbs,limma,in_silico,top250,0.003
healthy_CRC_0.003_20000000_rep4,0.0,UXM,CRC,cfrrbs,limma,in_silico,top250,0.003
healthy_CRC_0.003_20000000_rep5,0.0330034,UXM,CRC,cfrrbs,limma,in_silico,top250,0.003
healthy_CRC_0.003_20000000_rep6,0.0,UXM,CRC,cfrrbs,limma,in_silico,top250,0.003
healthy_CRC_0.003_20000000_rep7,0.0,UXM,CRC,cfrrbs,limma,in_silico,top250,0.003
healthy_CRC_0.003_20000000_rep8,0.0,UXM,CRC,cfrrbs,limma,in_silico,top250,0.003
healthy_CRC_0.003_20000000_rep9,0.0256456,UXM,CRC,cfrrbs,limma,in_silico,top250,0.003
healthy_CRC_0.007_20000000_rep1,0.0325871,UXM,CRC,cfrrbs,limma,in_silico,top250,0.007
healthy_CRC_0.007_20000000_rep10,0.0,UXM,CRC,cfrrbs,limma,in_silico,top250,0.007
healthy_CRC_0.007_20000000_rep2,0.0,UXM,CRC,cfrrbs,limma,in_silico,top250,0.007
healthy_CRC_0.007_20000000_rep3,0.07706,UXM,CRC,cfrrbs,limma,in_silico,top250,0.007
healthy_CRC_0.007_20000000_rep4,0.0,UXM,CRC,cfrrbs,limma,in_silico,top250,0.007
healthy_CRC_0.007_20000000_rep5,0.0,UXM,CRC,cfrrbs,limma,in_silico,top250,0.007
healthy_CRC_0.007_20000000_rep6,0.0498286,UXM,CRC,cfrrbs,limma,in_silico,top250,0.007
healthy_CRC_0.007_20000000_rep7,0.0655674,UXM,CRC,cfrrbs,limma,in_silico,top250,0.007
healthy_CRC_0.007_20000000_rep8,0.0,UXM,CRC,cfrrbs,limma,in_silico,top250,0.007
healthy_CRC_0.007_20000000_rep9,0.0887606,UXM,CRC,cfrrbs,limma,in_silico,top250,0.007
healthy_CRC_0.01_20000000_rep1,0.1180263,UXM,CRC,cfrrbs,limma,in_silico,top250,0.01
healthy_CRC_0.01_20000000_rep10,0.0,UXM,CRC,cfrrbs,limma,in_silico,top250,0.01
healthy_CRC_0.01_20000000_rep2,0.1309265,UXM,CRC,cfrrbs,limma,in_silico,top250,0.01
healthy_CRC_0.01_20000000_rep3,0.1156666,UXM,CRC,cfrrbs,limma,in_silico,top250,0.01
healthy_CRC_0.01_20000000_rep4,0.0383072,UXM,CRC,cfrrbs,limma,in_silico,top250,0.01
healthy_CRC_0.01_20000000_rep5,0.0579289,UXM,CRC,cfrrbs,limma,in_silico,top250,0.01
healthy_CRC_0.01_20000000_rep6,0.0,UXM,CRC,cfrrbs,limma,in_silico,top250,0.01
healthy_CRC_0.01_20000000_rep7,0.0,UXM,CRC,cfrrbs,limma,in_silico,top250,0.01
healthy_CRC_0.01_20000000_rep8,0.0547728,UXM,CRC,cfrrbs,limma,in_silico,top250,0.01
healthy_CRC_0.01_20000000_rep9,0.0222886,UXM,CRC,cfrrbs,limma,in_silico,top250,0.01
healthy_CRC_0.025_20000000_rep1,0.0200569,UXM,CRC,cfrrbs,limma,in_silico,top250,0.025
healthy_CRC_0.025_20000000_rep10,0.0,UXM,CRC,cfrrbs,limma,in_silico,top250,0.025
healthy_CRC_0.025_20000000_rep2,0.0759022,UXM,CRC,cfrrbs,limma,in_silico,top250,0.025
healthy_CRC_0.025_20000000_rep3,0.0,UXM,CRC,cfrrbs,limma,in_silico,top250,0.025
healthy_CRC_0.025_20000000_rep4,0.0,UXM,CRC,cfrrbs,limma,in_silico,top250,0.025
healthy_CRC_0.025_20000000_rep5,0.0518168,UXM,CRC,cfrrbs,limma,in_silico,top250,0.025
healthy_CRC_0.025_20000000_rep6,0.0271657,UXM,CRC,cfrrbs,limma,in_silico,top250,0.025
healthy_CRC_0.025_20000000_rep7,0.0957145,UXM,CRC,cfrrbs,limma,in_silico,top250,0.025
healthy_CRC_0.025_20000000_rep8,0.0,UXM,CRC,cfrrbs,limma,in_silico,top250,0.025
healthy_CRC_0.025_20000000_rep9,0.0,UXM,CRC,cfrrbs,limma,in_silico,top250,0.025
healthy_CRC_0.05_20000000_rep1,0.0,UXM,CRC,cfrrbs,limma,in_silico,top250,0.05
healthy_CRC_0.05_20000000_rep10,0.0,UXM,CRC,cfrrbs,limma,in_silico,top250,0.05
healthy_CRC_0.05_20000000_rep2,0.0558277,UXM,CRC,cfrrbs,limma,in_silico,top250,0.05
healthy_CRC_0.05_20000000_rep3,0.1109054,UXM,CRC,cfrrbs,limma,in_silico,top250,0.05
healthy_CRC_0.05_20000000_rep4,0.1031042,UXM,CRC,cfrrbs,limma,in_silico,top250,0.05
healthy_CRC_0.05_20000000_rep5,0.0826842,UXM,CRC,cfrrbs,limma,in_silico,top250,0.05
healthy_CRC_0.05_20000000_rep6,0.148189,UXM,CRC,cfrrbs,limma,in_silico,top250,0.05
healthy_CRC_0.05_20000000_rep7,0.095721,UXM,CRC,cfrrbs,limma,in_silico,top250,0.05
healthy_CRC_0.05_20000000_rep8,0.0,UXM,CRC,cfrrbs,limma,in_silico,top250,0.05
healthy_CRC_0.05_20000000_rep9,0.0490246,UXM,CRC,cfrrbs,limma,in_silico,top250,0.05
healthy_CRC_0.1_20000000_rep1,0.058699,UXM,CRC,cfrrbs,limma,in_silico,top250,0.1
healthy_CRC_0.1_20000000_rep10,0.1390694,UXM,CRC,cfrrbs,limma,in_silico,top250,0.1
healthy_CRC_0.1_20000000_rep2,0.2079102,UXM,CRC,cfrrbs,limma,in_silico,top250,0.1
healthy_CRC_0.1_20000000_rep3,0.0793298,UXM,CRC,cfrrbs,limma,in_silico,top250,0.1
healthy_CRC_0.1_20000000_rep4,0.1005581,UXM,CRC,cfrrbs,limma,in_silico,top250,0.1
healthy_CRC_0.1_20000000_rep5,0.1317394,UXM,CRC,cfrrbs,limma,in_silico,top250,0.1
healthy_CRC_0.1_20000000_rep6,0.1188669,UXM,CRC,cfrrbs,limma,in_silico,top250,0.1
healthy_CRC_0.1_20000000_rep7,0.22631,UXM,CRC,cfrrbs,limma,in_silico,top250,0.1
healthy_CRC_0.1_20000000_rep8,0.1532355,UXM,CRC,cfrrbs,limma,in_silico,top250,0.1
healthy_CRC_0.1_20000000_rep9,0.1088737,UXM,CRC,cfrrbs,limma,in_silico,top250,0.1
healthy_CRC_0.25_20000000_rep1,0.2134606,UXM,CRC,cfrrbs,limma,in_silico,top250,0.25
healthy_CRC_0.25_20000000_rep10,0.2729339,UXM,CRC,cfrrbs,limma,in_silico,top250,0.25
healthy_CRC_0.25_20000000_rep2,0.3206946,UXM,CRC,cfrrbs,limma,in_silico,top250,0.25
healthy_CRC_0.25_20000000_rep3,0.2028777,UXM,CRC,cfrrbs,limma,in_silico,top250,0.25
healthy_CRC_0.25_20000000_rep4,0.2075844,UXM,CRC,cfrrbs,limma,in_silico,top250,0.25
healthy_CRC_0.25_20000000_rep5,0.1479697,UXM,CRC,cfrrbs,limma,in_silico,top250,0.25
healthy_CRC_0.25_20000000_rep6,0.1567569,UXM,CRC,cfrrbs,limma,in_silico,top250,0.25
healthy_CRC_0.25_20000000_rep7,0.224353,UXM,CRC,cfrrbs,limma,in_silico,top250,0.25
healthy_CRC_0.25_20000000_rep8,0.1436829,UXM,CRC,cfrrbs,limma,in_silico,top250,0.25
healthy_CRC_0.25_20000000_rep9,0.2840798,UXM,CRC,cfrrbs,limma,in_silico,top250,0.25
healthy_CRC_0.5_20000000_rep1,0.4996231,UXM,CRC,cfrrbs,limma,in_silico,top250,0.5
healthy_CRC_0.5_20000000_rep10,0.5946343,UXM,CRC,cfrrbs,limma,in_silico,top250,0.5
healthy_CRC_0.5_20000000_rep2,0.4744599,UXM,CRC,cfrrbs,limma,in_silico,top250,0.5
healthy_CRC_0.5_20000000_rep3,0.4178279,UXM,CRC,cfrrbs,limma,in_silico,top250,0.5
healthy_CRC_0.5_20000000_rep4,0.3809089,UXM,CRC,cfrrbs,limma,in_silico,top250,0.5
healthy_CRC_0.5_20000000_rep5,0.472161,UXM,CRC,cfrrbs,limma,in_silico,top250,0.5
healthy_CRC_0.5_20000000_rep6,0.3623962,UXM,CRC,cfrrbs,limma,in_silico,top250,0.5
healthy_CRC_0.5_20000000_rep7,0.290453,UXM,CRC,cfrrbs,limma,in_silico,top250,0.5
healthy_CRC_0.5_20000000_rep8,0.4316838,UXM,CRC,cfrrbs,limma,in_silico,top250,0.5
healthy_CRC_0.5_20000000_rep9,0.3657559,UXM,CRC,cfrrbs,limma,in_silico,top250,0.5
healthy_NBL_0_20000000_rep1,0.1070595,UXM,CRC,cfrrbs,limma,in_silico,top250,0
healthy_NBL_0_20000000_rep10,0.006654,UXM,CRC,cfrrbs,limma,in_silico,top250,0
healthy_NBL_0_20000000_rep2,0.028478,UXM,CRC,cfrrbs,limma,in_silico,top250,0
healthy_NBL_0_20000000_rep3,0.0013879,UXM,CRC,cfrrbs,limma,in_silico,top250,0
healthy_NBL_0_20000000_rep4,0.0146201,UXM,CRC,cfrrbs,limma,in_silico,top250,0
healthy_NBL_0_20000000_rep5,0.0447222,UXM,CRC,cfrrbs,limma,in_silico,top250,0
healthy_NBL_0_20000000_rep6,0.0182282,UXM,CRC,cfrrbs,limma,in_silico,top250,0
healthy_NBL_0_20000000_rep7,0.0202848,UXM,CRC,cfrrbs,limma,in_silico,top250,0
healthy_NBL_0_20000000_rep8,0.0254563,UXM,CRC,cfrrbs,limma,in_silico,top250,0
healthy_NBL_0_20000000_rep9,0.0,UXM,CRC,cfrrbs,limma,in_silico,top250,0
healthy_CRC_0.0001_20000000_rep1,0.005568502796048,EpiDISH,CRC,cfrrbs,limma,in_silico,top250,0.0001
healthy_CRC_0.0001_20000000_rep10,0.0,EpiDISH,CRC,cfrrbs,limma,in_silico,top250,0.0001
healthy_CRC_0.0001_20000000_rep2,0.0,EpiDISH,CRC,cfrrbs,limma,in_silico,top250,0.0001
healthy_CRC_0.0001_20000000_rep3,0.0,EpiDISH,CRC,cfrrbs,limma,in_silico,top250,0.0001
healthy_CRC_0.0001_20000000_rep4,0.0,EpiDISH,CRC,cfrrbs,limma,in_silico,top250,0.0001
healthy_CRC_0.0001_20000000_rep5,0.0,EpiDISH,CRC,cfrrbs,limma,in_silico,top250,0.0001
healthy_CRC_0.0001_20000000_rep6,0.0031714616729385,EpiDISH,CRC,cfrrbs,limma,in_silico,top250,0.0001
healthy_CRC_0.0001_20000000_rep7,0.0045397542353559,EpiDISH,CRC,cfrrbs,limma,in_silico,top250,0.0001
healthy_CRC_0.0001_20000000_rep8,0.0,EpiDISH,CRC,cfrrbs,limma,in_silico,top250,0.0001
healthy_CRC_0.0001_20000000_rep9,0.0113552579821809,EpiDISH,CRC,cfrrbs,limma,in_silico,top250,0.0001
healthy_CRC_0.001_20000000_rep1,0.0015786370512017,EpiDISH,CRC,cfrrbs,limma,in_silico,top250,0.001
healthy_CRC_0.001_20000000_rep10,0.0069227930600478,EpiDISH,CRC,cfrrbs,limma,in_silico,top250,0.001
healthy_CRC_0.001_20000000_rep2,0.0027256185898827,EpiDISH,CRC,cfrrbs,limma,in_silico,top250,0.001
healthy_CRC_0.001_20000000_rep3,0.0,EpiDISH,CRC,cfrrbs,limma,in_silico,top250,0.001
healthy_CRC_0.001_20000000_rep4,0.0147290675861596,EpiDISH,CRC,cfrrbs,limma,in_silico,top250,0.001
healthy_CRC_0.001_20000000_rep5,0.0,EpiDISH,CRC,cfrrbs,limma,in_silico,top250,0.001
healthy_CRC_0.001_20000000_rep6,0.0036593708890536,EpiDISH,CRC,cfrrbs,limma,in_silico,top250,0.001
healthy_CRC_0.001_20000000_rep7,0.0,EpiDISH,CRC,cfrrbs,limma,in_silico,top250,0.001
healthy_CRC_0.001_20000000_rep8,0.002244561861046,EpiDISH,CRC,cfrrbs,limma,in_silico,top250,0.001
healthy_CRC_0.001_20000000_rep9,0.0,EpiDISH,CRC,cfrrbs,limma,in_silico,top250,0.001
healthy_CRC_0.003_20000000_rep1,0.0,EpiDISH,CRC,cfrrbs,limma,in_silico,top250,0.003
healthy_CRC_0.003_20000000_rep10,0.0,EpiDISH,CRC,cfrrbs,limma,in_silico,top250,0.003
healthy_CRC_0.003_20000000_rep2,0.0,EpiDISH,CRC,cfrrbs,limma,in_silico,top250,0.003
healthy_CRC_0.003_20000000_rep3,0.0,EpiDISH,CRC,cfrrbs,limma,in_silico,top250,0.003
healthy_CRC_0.003_20000000_rep4,0.0148148309054644,EpiDISH,CRC,cfrrbs,limma,in_silico,top250,0.003
healthy_CRC_0.003_20000000_rep5,0.0,EpiDISH,CRC,cfrrbs,limma,in_silico,top250,0.003
healthy_CRC_0.003_20000000_rep6,0.0055090220007382,EpiDISH,CRC,cfrrbs,limma,in_silico,top250,0.003
healthy_CRC_0.003_20000000_rep7,0.0,EpiDISH,CRC,cfrrbs,limma,in_silico,top250,0.003
healthy_CRC_0.003_20000000_rep8,0.021137591973991,EpiDISH,CRC,cfrrbs,limma,in_silico,top250,0.003
healthy_CRC_0.003_20000000_rep9,0.0,EpiDISH,CRC,cfrrbs,limma,in_silico,top250,0.003
healthy_CRC_0.007_20000000_rep1,0.0062514999724321,EpiDISH,CRC,cfrrbs,limma,in_silico,top250,0.007
healthy_CRC_0.007_20000000_rep10,0.0308955609624093,EpiDISH,CRC,cfrrbs,limma,in_silico,top250,0.007
healthy_CRC_0.007_20000000_rep2,0.0187059832323424,EpiDISH,CRC,cfrrbs,limma,in_silico,top250,0.007
healthy_CRC_0.007_20000000_rep3,0.0006032745723616,EpiDISH,CRC,cfrrbs,limma,in_silico,top250,0.007
healthy_CRC_0.007_20000000_rep4,0.0046368053054714,EpiDISH,CRC,cfrrbs,limma,in_silico,top250,0.007
healthy_CRC_0.007_20000000_rep5,0.0,EpiDISH,CRC,cfrrbs,limma,in_silico,top250,0.007
healthy_CRC_0.007_20000000_rep6,0.0,EpiDISH,CRC,cfrrbs,limma,in_silico,top250,0.007
healthy_CRC_0.007_20000000_rep7,0.0050006538080827,EpiDISH,CRC,cfrrbs,limma,in_silico,top250,0.007
healthy_CRC_0.007_20000000_rep8,0.0,EpiDISH,CRC,cfrrbs,limma,in_silico,top250,0.007
healthy_CRC_0.007_20000000_rep9,0.0,EpiDISH,CRC,cfrrbs,limma,in_silico,top250,0.007
healthy_CRC_0.01_20000000_rep1,0.0,EpiDISH,CRC,cfrrbs,limma,in_silico,top250,0.01
healthy_CRC_0.01_20000000_rep10,0.0,EpiDISH,CRC,cfrrbs,limma,in_silico,top250,0.01
healthy_CRC_0.01_20000000_rep2,0.0209059917076625,EpiDISH,CRC,cfrrbs,limma,in_silico,top250,0.01
healthy_CRC_0.01_20000000_rep3,0.0,EpiDISH,CRC,cfrrbs,limma,in_silico,top250,0.01
healthy_CRC_0.01_20000000_rep4,0.0,EpiDISH,CRC,cfrrbs,limma,in_silico,top250,0.01
healthy_CRC_0.01_20000000_rep5,0.0074788022546345,EpiDISH,CRC,cfrrbs,limma,in_silico,top250,0.01
healthy_CRC_0.01_20000000_rep6,0.0204750143880715,EpiDISH,CRC,cfrrbs,limma,in_silico,top250,0.01
healthy_CRC_0.01_20000000_rep7,0.0187856117617838,EpiDISH,CRC,cfrrbs,limma,in_silico,top250,0.01
healthy_CRC_0.01_20000000_rep8,0.0128390187695681,EpiDISH,CRC,cfrrbs,limma,in_silico,top250,0.01
healthy_CRC_0.01_20000000_rep9,0.0194362187273826,EpiDISH,CRC,cfrrbs,limma,in_silico,top250,0.01
healthy_CRC_0.025_20000000_rep1,0.0,EpiDISH,CRC,cfrrbs,limma,in_silico,top250,0.025
healthy_CRC_0.025_20000000_rep10,0.0093760726861421,EpiDISH,CRC,cfrrbs,limma,in_silico,top250,0.025
healthy_CRC_0.025_20000000_rep2,0.02293720201926,EpiDISH,CRC,cfrrbs,limma,in_silico,top250,0.025
healthy_CRC_0.025_20000000_rep3,0.0119993090161855,EpiDISH,CRC,cfrrbs,limma,in_silico,top250,0.025
healthy_CRC_0.025_20000000_rep4,0.0109573601627921,EpiDISH,CRC,cfrrbs,limma,in_silico,top250,0.025
healthy_CRC_0.025_20000000_rep5,0.0100324746548563,EpiDISH,CRC,cfrrbs,limma,in_silico,top250,0.025
healthy_CRC_0.025_20000000_rep6,0.0116071373913081,EpiDISH,CRC,cfrrbs,limma,in_silico,top250,0.025
healthy_CRC_0.025_20000000_rep7,0.0092754903364857,EpiDISH,CRC,cfrrbs,limma,in_silico,top250,0.025
healthy_CRC_0.025_20000000_rep8,0.0128929088962395,EpiDISH,CRC,cfrrbs,limma,in_silico,top250,0.025
healthy_CRC_0.025_20000000_rep9,0.0182932116604611,EpiDISH,CRC,cfrrbs,limma,in_silico,top250,0.025
healthy_CRC_0.05_20000000_rep1,0.0324834226331566,EpiDISH,CRC,cfrrbs,limma,in_silico,top250,0.05
healthy_CRC_0.05_20000000_rep10,0.0384848332950423,EpiDISH,CRC,cfrrbs,limma,in_silico,top250,0.05
healthy_CRC_0.05_20000000_rep2,0.0411087624144148,EpiDISH,CRC,cfrrbs,limma,in_silico,top250,0.05
healthy_CRC_0.05_20000000_rep3,0.0425529472119202,EpiDISH,CRC,cfrrbs,limma,in_silico,top250,0.05
healthy_CRC_0.05_20000000_rep4,0.0186513648121175,EpiDISH,CRC,cfrrbs,limma,in_silico,top250,0.05
healthy_CRC_0.05_20000000_rep5,0.0256930787693425,EpiDISH,CRC,cfrrbs,limma,in_silico,top250,0.05
healthy_CRC_0.05_20000000_rep6,0.0314852709532438,EpiDISH,CRC,cfrrbs,limma,in_silico,top250,0.05
healthy_CRC_0.05_20000000_rep7,0.0292999893494007,EpiDISH,CRC,cfrrbs,limma,in_silico,top250,0.05
healthy_CRC_0.05_20000000_rep8,0.0328905438986047,EpiDISH,CRC,cfrrbs,limma,in_silico,top250,0.05
healthy_CRC_0.05_20000000_rep9,0.021276903949253,EpiDISH,CRC,cfrrbs,limma,in_silico,top250,0.05
healthy_CRC_0.1_20000000_rep1,0.0640326955549471,EpiDISH,CRC,cfrrbs,limma,in_silico,top250,0.1
healthy_CRC_0.1_20000000_rep10,0.066935622593702,EpiDISH,CRC,cfrrbs,limma,in_silico,top250,0.1
healthy_CRC_0.1_20000000_rep2,0.0635799560214117,EpiDISH,CRC,cfrrbs,limma,in_silico,top250,0.1
healthy_CRC_0.1_20000000_rep3,0.0661871750408499,EpiDISH,CRC,cfrrbs,limma,in_silico,top250,0.1
healthy_CRC_0.1_20000000_rep4,0.0482753231609012,EpiDISH,CRC,cfrrbs,limma,in_silico,top250,0.1
healthy_CRC_0.1_20000000_rep5,0.0783082213249013,EpiDISH,CRC,cfrrbs,limma,in_silico,top250,0.1
healthy_CRC_0.1_20000000_rep6,0.0451185389641379,EpiDISH,CRC,cfrrbs,limma,in_silico,top250,0.1
healthy_CRC_0.1_20000000_rep7,0.0709931698221813,EpiDISH,CRC,cfrrbs,limma,in_silico,top250,0.1
healthy_CRC_0.1_20000000_rep8,0.0767743104256308,EpiDISH,CRC,cfrrbs,limma,in_silico,top250,0.1
healthy_CRC_0.1_20000000_rep9,0.0584093788134693,EpiDISH,CRC,cfrrbs,limma,in_silico,top250,0.1
healthy_CRC_0.25_20000000_rep1,0.154021197588899,EpiDISH,CRC,cfrrbs,limma,in_silico,top250,0.25
healthy_CRC_0.25_20000000_rep10,0.146594937624447,EpiDISH,CRC,cfrrbs,limma,in_silico,top250,0.25
healthy_CRC_0.25_20000000_rep2,0.155531847704328,EpiDISH,CRC,cfrrbs,limma,in_silico,top250,0.25
healthy_CRC_0.25_20000000_rep3,0.152346921258677,EpiDISH,CRC,cfrrbs,limma,in_silico,top250,0.25
healthy_CRC_0.25_20000000_rep4,0.149938535253988,EpiDISH,CRC,cfrrbs,limma,in_silico,top250,0.25
healthy_CRC_0.25_20000000_rep5,0.163270651265022,EpiDISH,CRC,cfrrbs,limma,in_silico,top250,0.25
healthy_CRC_0.25_20000000_rep6,0.16458882528634,EpiDISH,CRC,cfrrbs,limma,in_silico,top250,0.25
healthy_CRC_0.25_20000000_rep7,0.140678885126144,EpiDISH,CRC,cfrrbs,limma,in_silico,top250,0.25
healthy_CRC_0.25_20000000_rep8,0.154059010609451,EpiDISH,CRC,cfrrbs,limma,in_silico,top250,0.25
healthy_CRC_0.25_20000000_rep9,0.160654797563911,EpiDISH,CRC,cfrrbs,limma,in_silico,top250,0.25
healthy_CRC_0.5_20000000_rep1,0.307643792597428,EpiDISH,CRC,cfrrbs,limma,in_silico,top250,0.5
healthy_CRC_0.5_20000000_rep10,0.339224451797471,EpiDISH,CRC,cfrrbs,limma,in_silico,top250,0.5
healthy_CRC_0.5_20000000_rep2,0.310733980008955,EpiDISH,CRC,cfrrbs,limma,in_silico,top250,0.5
healthy_CRC_0.5_20000000_rep3,0.322355321571869,EpiDISH,CRC,cfrrbs,limma,in_silico,top250,0.5
healthy_CRC_0.5_20000000_rep4,0.321101615015643,EpiDISH,CRC,cfrrbs,limma,in_silico,top250,0.5
healthy_CRC_0.5_20000000_rep5,0.313428651232808,EpiDISH,CRC,cfrrbs,limma,in_silico,top250,0.5
healthy_CRC_0.5_20000000_rep6,0.308274116016907,EpiDISH,CRC,cfrrbs,limma,in_silico,top250,0.5
healthy_CRC_0.5_20000000_rep7,0.325848593034008,EpiDISH,CRC,cfrrbs,limma,in_silico,top250,0.5
healthy_CRC_0.5_20000000_rep8,0.312221234500341,EpiDISH,CRC,cfrrbs,limma,in_silico,top250,0.5
healthy_CRC_0.5_20000000_rep9,0.299805789693982,EpiDISH,CRC,cfrrbs,limma,in_silico,top250,0.5
healthy_CRC_0_20000000_rep1,0.0038788818208923,EpiDISH,CRC,cfrrbs,limma,in_silico,top250,0
healthy_CRC_0_20000000_rep10,0.0043566985956569,EpiDISH,CRC,cfrrbs,limma,in_silico,top250,0
healthy_CRC_0_20000000_rep2,0.0017491428699643,EpiDISH,CRC,cfrrbs,limma,in_silico,top250,0
healthy_CRC_0_20000000_rep3,0.0001102706857984,EpiDISH,CRC,cfrrbs,limma,in_silico,top250,0
healthy_CRC_0_20000000_rep4,0.0,EpiDISH,CRC,cfrrbs,limma,in_silico,top250,0
healthy_CRC_0_20000000_rep5,0.0055835747414431,EpiDISH,CRC,cfrrbs,limma,in_silico,top250,0
healthy_CRC_0_20000000_rep6,0.0110750915161798,EpiDISH,CRC,cfrrbs,limma,in_silico,top250,0
healthy_CRC_0_20000000_rep7,0.0019265590310358,EpiDISH,CRC,cfrrbs,limma,in_silico,top250,0
healthy_CRC_0_20000000_rep8,0.0,EpiDISH,CRC,cfrrbs,limma,in_silico,top250,0
healthy_CRC_0_20000000_rep9,0.0,EpiDISH,CRC,cfrrbs,limma,in_silico,top250,0
healthy_CRC_0.0001_20000000_rep1,0.018,meth_atlas,CRC,cfrrbs,limma,in_silico,top250,0.0001
healthy_CRC_0.0001_20000000_rep10,0.002,meth_atlas,CRC,cfrrbs,limma,in_silico,top250,0.0001
healthy_CRC_0.0001_20000000_rep2,0.009,meth_atlas,CRC,cfrrbs,limma,in_silico,top250,0.0001
healthy_CRC_0.0001_20000000_rep3,0.009,meth_atlas,CRC,cfrrbs,limma,in_silico,top250,0.0001
healthy_CRC_0.0001_20000000_rep4,0.0,meth_atlas,CRC,cfrrbs,limma,in_silico,top250,0.0001
healthy_CRC_0.0001_20000000_rep5,0.016,meth_atlas,CRC,cfrrbs,limma,in_silico,top250,0.0001
healthy_CRC_0.0001_20000000_rep6,0.009,meth_atlas,CRC,cfrrbs,limma,in_silico,top250,0.0001
healthy_CRC_0.0001_20000000_rep7,0.013,meth_atlas,CRC,cfrrbs,limma,in_silico,top250,0.0001
healthy_CRC_0.0001_20000000_rep8,0.011,meth_atlas,CRC,cfrrbs,limma,in_silico,top250,0.0001
healthy_CRC_0.0001_20000000_rep9,0.02,meth_atlas,CRC,cfrrbs,limma,in_silico,top250,0.0001
healthy_CRC_0.001_20000000_rep1,0.016,meth_atlas,CRC,cfrrbs,limma,in_silico,top250,0.001
healthy_CRC_0.001_20000000_rep10,0.015,meth_atlas,CRC,cfrrbs,limma,in_silico,top250,0.001
healthy_CRC_0.001_20000000_rep2,0.014,meth_atlas,CRC,cfrrbs,limma,in_silico,top250,0.001
healthy_CRC_0.001_20000000_rep3,0.021,meth_atlas,CRC,cfrrbs,limma,in_silico,top250,0.001
healthy_CRC_0.001_20000000_rep4,0.021,meth_atlas,CRC,cfrrbs,limma,in_silico,top250,0.001
healthy_CRC_0.001_20000000_rep5,0.011,meth_atlas,CRC,cfrrbs,limma,in_silico,top250,0.001
healthy_CRC_0.001_20000000_rep6,0.018,meth_atlas,CRC,cfrrbs,limma,in_silico,top250,0.001
healthy_CRC_0.001_20000000_rep7,0.002,meth_atlas,CRC,cfrrbs,limma,in_silico,top250,0.001
healthy_CRC_0.001_20000000_rep8,0.022,meth_atlas,CRC,cfrrbs,limma,in_silico,top250,0.001
healthy_CRC_0.001_20000000_rep9,0.008,meth_atlas,CRC,cfrrbs,limma,in_silico,top250,0.001
healthy_CRC_0.003_20000000_rep1,0.011,meth_atlas,CRC,cfrrbs,limma,in_silico,top250,0.003
healthy_CRC_0.003_20000000_rep10,0.016,meth_atlas,CRC,cfrrbs,limma,in_silico,top250,0.003
healthy_CRC_0.003_20000000_rep2,0.013,meth_atlas,CRC,cfrrbs,limma,in_silico,top250,0.003
healthy_CRC_0.003_20000000_rep3,0.011,meth_atlas,CRC,cfrrbs,limma,in_silico,top250,0.003
healthy_CRC_0.003_20000000_rep4,0.016,meth_atlas,CRC,cfrrbs,limma,in_silico,top250,0.003
healthy_CRC_0.003_20000000_rep5,0.014,meth_atlas,CRC,cfrrbs,limma,in_silico,top250,0.003
healthy_CRC_0.003_20000000_rep6,0.016,meth_atlas,CRC,cfrrbs,limma,in_silico,top250,0.003
healthy_CRC_0.003_20000000_rep7,0.02,meth_atlas,CRC,cfrrbs,limma,in_silico,top250,0.003
healthy_CRC_0.003_20000000_rep8,0.024,meth_atlas,CRC,cfrrbs,limma,in_silico,top250,0.003
healthy_CRC_0.003_20000000_rep9,0.007,meth_atlas,CRC,cfrrbs,limma,in_silico,top250,0.003
healthy_CRC_0.007_20000000_rep1,0.025,meth_atlas,CRC,cfrrbs,limma,in_silico,top250,0.007
healthy_CRC_0.007_20000000_rep10,0.037,meth_atlas,CRC,cfrrbs,limma,in_silico,top250,0.007
healthy_CRC_0.007_20000000_rep2,0.028,meth_atlas,CRC,cfrrbs,limma,in_silico,top250,0.007
healthy_CRC_0.007_20000000_rep3,0.02,meth_atlas,CRC,cfrrbs,limma,in_silico,top250,0.007
healthy_CRC_0.007_20000000_rep4,0.021,meth_atlas,CRC,cfrrbs,limma,in_silico,top250,0.007
healthy_CRC_0.007_20000000_rep5,0.007,meth_atlas,CRC,cfrrbs,limma,in_silico,top250,0.007
healthy_CRC_0.007_20000000_rep6,0.02,meth_atlas,CRC,cfrrbs,limma,in_silico,top250,0.007
healthy_CRC_0.007_20000000_rep7,0.016,meth_atlas,CRC,cfrrbs,limma,in_silico,top250,0.007
healthy_CRC_0.007_20000000_rep8,0.01,meth_atlas,CRC,cfrrbs,limma,in_silico,top250,0.007
healthy_CRC_0.007_20000000_rep9,0.01,meth_atlas,CRC,cfrrbs,limma,in_silico,top250,0.007
healthy_CRC_0.01_20000000_rep1,0.015,meth_atlas,CRC,cfrrbs,limma,in_silico,top250,0.01
healthy_CRC_0.01_20000000_rep10,0.013,meth_atlas,CRC,cfrrbs,limma,in_silico,top250,0.01
healthy_CRC_0.01_20000000_rep2,0.017,meth_atlas,CRC,cfrrbs,limma,in_silico,top250,0.01
healthy_CRC_0.01_20000000_rep3,0.01,meth_atlas,CRC,cfrrbs,limma,in_silico,top250,0.01
healthy_CRC_0.01_20000000_rep4,0.014,meth_atlas,CRC,cfrrbs,limma,in_silico,top250,0.01
healthy_CRC_0.01_20000000_rep5,0.023,meth_atlas,CRC,cfrrbs,limma,in_silico,top250,0.01
healthy_CRC_0.01_20000000_rep6,0.028,meth_atlas,CRC,cfrrbs,limma,in_silico,top250,0.01
healthy_CRC_0.01_20000000_rep7,0.026,meth_atlas,CRC,cfrrbs,limma,in_silico,top250,0.01
healthy_CRC_0.01_20000000_rep8,0.026,meth_atlas,CRC,cfrrbs,limma,in_silico,top250,0.01
healthy_CRC_0.01_20000000_rep9,0.023,meth_atlas,CRC,cfrrbs,limma,in_silico,top250,0.01
healthy_CRC_0.025_20000000_rep1,0.024,meth_atlas,CRC,cfrrbs,limma,in_silico,top250,0.025
healthy_CRC_0.025_20000000_rep10,0.032,meth_atlas,CRC,cfrrbs,limma,in_silico,top250,0.025
healthy_CRC_0.025_20000000_rep2,0.043,meth_atlas,CRC,cfrrbs,limma,in_silico,top250,0.025
healthy_CRC_0.025_20000000_rep3,0.027,meth_atlas,CRC,cfrrbs,limma,in_silico,top250,0.025
healthy_CRC_0.025_20000000_rep4,0.033,meth_atlas,CRC,cfrrbs,limma,in_silico,top250,0.025
healthy_CRC_0.025_20000000_rep5,0.041,meth_atlas,CRC,cfrrbs,limma,in_silico,top250,0.025
healthy_CRC_0.025_20000000_rep6,0.031,meth_atlas,CRC,cfrrbs,limma,in_silico,top250,0.025
healthy_CRC_0.025_20000000_rep7,0.029,meth_atlas,CRC,cfrrbs,limma,in_silico,top250,0.025
healthy_CRC_0.025_20000000_rep8,0.022,meth_atlas,CRC,cfrrbs,limma,in_silico,top250,0.025
healthy_CRC_0.025_20000000_rep9,0.038,meth_atlas,CRC,cfrrbs,limma,in_silico,top250,0.025
healthy_CRC_0.05_20000000_rep1,0.06,meth_atlas,CRC,cfrrbs,limma,in_silico,top250,0.05
healthy_CRC_0.05_20000000_rep10,0.055,meth_atlas,CRC,cfrrbs,limma,in_silico,top250,0.05
healthy_CRC_0.05_20000000_rep2,0.045,meth_atlas,CRC,cfrrbs,limma,in_silico,top250,0.05
healthy_CRC_0.05_20000000_rep3,0.058,meth_atlas,CRC,cfrrbs,limma,in_silico,top250,0.05
healthy_CRC_0.05_20000000_rep4,0.043,meth_atlas,CRC,cfrrbs,limma,in_silico,top250,0.05
healthy_CRC_0.05_20000000_rep5,0.041,meth_atlas,CRC,cfrrbs,limma,in_silico,top250,0.05
healthy_CRC_0.05_20000000_rep6,0.053,meth_atlas,CRC,cfrrbs,limma,in_silico,top250,0.05
healthy_CRC_0.05_20000000_rep7,0.053,meth_atlas,CRC,cfrrbs,limma,in_silico,top250,0.05
healthy_CRC_0.05_20000000_rep8,0.056,meth_atlas,CRC,cfrrbs,limma,in_silico,top250,0.05
healthy_CRC_0.05_20000000_rep9,0.052,meth_atlas,CRC,cfrrbs,limma,in_silico,top250,0.05
healthy_CRC_0.1_20000000_rep1,0.093,meth_atlas,CRC,cfrrbs,limma,in_silico,top250,0.1
healthy_CRC_0.1_20000000_rep10,0.09,meth_atlas,CRC,cfrrbs,limma,in_silico,top250,0.1
healthy_CRC_0.1_20000000_rep2,0.087,meth_atlas,CRC,cfrrbs,limma,in_silico,top250,0.1
healthy_CRC_0.1_20000000_rep3,0.09,meth_atlas,CRC,cfrrbs,limma,in_silico,top250,0.1
healthy_CRC_0.1_20000000_rep4,0.086,meth_atlas,CRC,cfrrbs,limma,in_silico,top250,0.1
healthy_CRC_0.1_20000000_rep5,0.099,meth_atlas,CRC,cfrrbs,limma,in_silico,top250,0.1
healthy_CRC_0.1_20000000_rep6,0.086,meth_atlas,CRC,cfrrbs,limma,in_silico,top250,0.1
healthy_CRC_0.1_20000000_rep7,0.091,meth_atlas,CRC,cfrrbs,limma,in_silico,top250,0.1
healthy_CRC_0.1_20000000_rep8,0.097,meth_atlas,CRC,cfrrbs,limma,in_silico,top250,0.1
healthy_CRC_0.1_20000000_rep9,0.086,meth_atlas,CRC,cfrrbs,limma,in_silico,top250,0.1
healthy_CRC_0.25_20000000_rep1,0.199,meth_atlas,CRC,cfrrbs,limma,in_silico,top250,0.25
healthy_CRC_0.25_20000000_rep10,0.191,meth_atlas,CRC,cfrrbs,limma,in_silico,top250,0.25
healthy_CRC_0.25_20000000_rep2,0.199,meth_atlas,CRC,cfrrbs,limma,in_silico,top250,0.25
healthy_CRC_0.25_20000000_rep3,0.208,meth_atlas,CRC,cfrrbs,limma,in_silico,top250,0.25
healthy_CRC_0.25_20000000_rep4,0.195,meth_atlas,CRC,cfrrbs,limma,in_silico,top250,0.25
healthy_CRC_0.25_20000000_rep5,0.207,meth_atlas,CRC,cfrrbs,limma,in_silico,top250,0.25
healthy_CRC_0.25_20000000_rep6,0.215,meth_atlas,CRC,cfrrbs,limma,in_silico,top250,0.25
healthy_CRC_0.25_20000000_rep7,0.191,meth_atlas,CRC,cfrrbs,limma,in_silico,top250,0.25
healthy_CRC_0.25_20000000_rep8,0.206,meth_atlas,CRC,cfrrbs,limma,in_silico,top250,0.25
healthy_CRC_0.25_20000000_rep9,0.205,meth_atlas,CRC,cfrrbs,limma,in_silico,top250,0.25
healthy_CRC_0.5_20000000_rep1,0.38,meth_atlas,CRC,cfrrbs,limma,in_silico,top250,0.5
healthy_CRC_0.5_20000000_rep10,0.391,meth_atlas,CRC,cfrrbs,limma,in_silico,top250,0.5
healthy_CRC_0.5_20000000_rep2,0.375,meth_atlas,CRC,cfrrbs,limma,in_silico,top250,0.5
healthy_CRC_0.5_20000000_rep3,0.378,meth_atlas,CRC,cfrrbs,limma,in_silico,top250,0.5
healthy_CRC_0.5_20000000_rep4,0.385,meth_atlas,CRC,cfrrbs,limma,in_silico,top250,0.5
healthy_CRC_0.5_20000000_rep5,0.383,meth_atlas,CRC,cfrrbs,limma,in_silico,top250,0.5
healthy_CRC_0.5_20000000_rep6,0.377,meth_atlas,CRC,cfrrbs,limma,in_silico,top250,0.5
healthy_CRC_0.5_20000000_rep7,0.39,meth_atlas,CRC,cfrrbs,limma,in_silico,top250,0.5
healthy_CRC_0.5_20000000_rep8,0.383,meth_atlas,CRC,cfrrbs,limma,in_silico,top250,0.5
healthy_CRC_0.5_20000000_rep9,0.373,meth_atlas,CRC,cfrrbs,limma,in_silico,top250,0.5
healthy_CRC_0_20000000_rep1,0.021,meth_atlas,CRC,cfrrbs,limma,in_silico,top250,0
healthy_CRC_0_20000000_rep10,0.02,meth_atlas,CRC,cfrrbs,limma,in_silico,top250,0
healthy_CRC_0_20000000_rep2,0.011,meth_atlas,CRC,cfrrbs,limma,in_silico,top250,0
healthy_CRC_0_20000000_rep3,0.018,meth_atlas,CRC,cfrrbs,limma,in_silico,top250,0
healthy_CRC_0_20000000_rep4,0.009,meth_atlas,CRC,cfrrbs,limma,in_silico,top250,0
healthy_CRC_0_20000000_rep5,0.018,meth_atlas,CRC,cfrrbs,limma,in_silico,top250,0
healthy_CRC_0_20000000_rep6,0.019,meth_atlas,CRC,cfrrbs,limma,in_silico,top250,0
healthy_CRC_0_20000000_rep7,0.017,meth_atlas,CRC,cfrrbs,limma,in_silico,top250,0
healthy_CRC_0_20000000_rep8,0.013,meth_atlas,CRC,cfrrbs,limma,in_silico,top250,0
healthy_CRC_0_20000000_rep9,0.015,meth_atlas,CRC,cfrrbs,limma,in_silico,top250,0
healthy_CRC_0.0001_20000000_rep1,0.0,PRMeth,CRC,cfrrbs,limma,in_silico,top250,0.0001
healthy_CRC_0.0001_20000000_rep10,0.0,PRMeth,CRC,cfrrbs,limma,in_silico,top250,0.0001
healthy_CRC_0.0001_20000000_rep2,0.0,PRMeth,CRC,cfrrbs,limma,in_silico,top250,0.0001
healthy_CRC_0.0001_20000000_rep3,0.0011,PRMeth,CRC,cfrrbs,limma,in_silico,top250,0.0001
healthy_CRC_0.0001_20000000_rep4,0.0,PRMeth,CRC,cfrrbs,limma,in_silico,top250,0.0001
healthy_CRC_0.0001_20000000_rep5,0.0,PRMeth,CRC,cfrrbs,limma,in_silico,top250,0.0001
healthy_CRC_0.0001_20000000_rep6,0.0,PRMeth,CRC,cfrrbs,limma,in_silico,top250,0.0001
healthy_CRC_0.0001_20000000_rep7,0.0,PRMeth,CRC,cfrrbs,limma,in_silico,top250,0.0001
healthy_CRC_0.0001_20000000_rep8,0.0011,PRMeth,CRC,cfrrbs,limma,in_silico,top250,0.0001
healthy_CRC_0.0001_20000000_rep9,0.0,PRMeth,CRC,cfrrbs,limma,in_silico,top250,0.0001
healthy_CRC_0.001_20000000_rep1,0.0,PRMeth,CRC,cfrrbs,limma,in_silico,top250,0.001
healthy_CRC_0.001_20000000_rep10,0.0,PRMeth,CRC,cfrrbs,limma,in_silico,top250,0.001
healthy_CRC_0.001_20000000_rep2,0.0,PRMeth,CRC,cfrrbs,limma,in_silico,top250,0.001
healthy_CRC_0.001_20000000_rep3,0.0,PRMeth,CRC,cfrrbs,limma,in_silico,top250,0.001
healthy_CRC_0.001_20000000_rep4,0.0,PRMeth,CRC,cfrrbs,limma,in_silico,top250,0.001
healthy_CRC_0.001_20000000_rep5,0.0006,PRMeth,CRC,cfrrbs,limma,in_silico,top250,0.001
healthy_CRC_0.001_20000000_rep6,0.0,PRMeth,CRC,cfrrbs,limma,in_silico,top250,0.001
healthy_CRC_0.001_20000000_rep7,0.0,PRMeth,CRC,cfrrbs,limma,in_silico,top250,0.001
healthy_CRC_0.001_20000000_rep8,0.0026,PRMeth,CRC,cfrrbs,limma,in_silico,top250,0.001
healthy_CRC_0.001_20000000_rep9,0.0,PRMeth,CRC,cfrrbs,limma,in_silico,top250,0.001
healthy_CRC_0.003_20000000_rep1,0.0,PRMeth,CRC,cfrrbs,limma,in_silico,top250,0.003
healthy_CRC_0.003_20000000_rep10,0.0,PRMeth,CRC,cfrrbs,limma,in_silico,top250,0.003
healthy_CRC_0.003_20000000_rep2,0.0,PRMeth,CRC,cfrrbs,limma,in_silico,top250,0.003
healthy_CRC_0.003_20000000_rep3,0.0,PRMeth,CRC,cfrrbs,limma,in_silico,top250,0.003
healthy_CRC_0.003_20000000_rep4,0.0012,PRMeth,CRC,cfrrbs,limma,in_silico,top250,0.003
healthy_CRC_0.003_20000000_rep5,0.001,PRMeth,CRC,cfrrbs,limma,in_silico,top250,0.003
healthy_CRC_0.003_20000000_rep6,0.0,PRMeth,CRC,cfrrbs,limma,in_silico,top250,0.003
healthy_CRC_0.003_20000000_rep7,0.001,PRMeth,CRC,cfrrbs,limma,in_silico,top250,0.003
healthy_CRC_0.003_20000000_rep8,0.0023,PRMeth,CRC,cfrrbs,limma,in_silico,top250,0.003
healthy_CRC_0.003_20000000_rep9,0.0,PRMeth,CRC,cfrrbs,limma,in_silico,top250,0.003
healthy_CRC_0.007_20000000_rep1,0.0047,PRMeth,CRC,cfrrbs,limma,in_silico,top250,0.007
healthy_CRC_0.007_20000000_rep10,0.0124,PRMeth,CRC,cfrrbs,limma,in_silico,top250,0.007
healthy_CRC_0.007_20000000_rep2,0.0128,PRMeth,CRC,cfrrbs,limma,in_silico,top250,0.007
healthy_CRC_0.007_20000000_rep3,0.0057,PRMeth,CRC,cfrrbs,limma,in_silico,top250,0.007
healthy_CRC_0.007_20000000_rep4,0.0064,PRMeth,CRC,cfrrbs,limma,in_silico,top250,0.007
healthy_CRC_0.007_20000000_rep5,0.0,PRMeth,CRC,cfrrbs,limma,in_silico,top250,0.007
healthy_CRC_0.007_20000000_rep6,0.0048,PRMeth,CRC,cfrrbs,limma,in_silico,top250,0.007
healthy_CRC_0.007_20000000_rep7,0.006,PRMeth,CRC,cfrrbs,limma,in_silico,top250,0.007
healthy_CRC_0.007_20000000_rep8,0.0,PRMeth,CRC,cfrrbs,limma,in_silico,top250,0.007
healthy_CRC_0.007_20000000_rep9,0.0,PRMeth,CRC,cfrrbs,limma,in_silico,top250,0.007
healthy_CRC_0.01_20000000_rep1,0.0056,PRMeth,CRC,cfrrbs,limma,in_silico,top250,0.01
healthy_CRC_0.01_20000000_rep10,0.0,PRMeth,CRC,cfrrbs,limma,in_silico,top250,0.01
healthy_CRC_0.01_20000000_rep2,0.0015,PRMeth,CRC,cfrrbs,limma,in_silico,top250,0.01
healthy_CRC_0.01_20000000_rep3,0.0029,PRMeth,CRC,cfrrbs,limma,in_silico,top250,0.01
healthy_CRC_0.01_20000000_rep4,0.0028,PRMeth,CRC,cfrrbs,limma,in_silico,top250,0.01
healthy_CRC_0.01_20000000_rep5,0.0084,PRMeth,CRC,cfrrbs,limma,in_silico,top250,0.01
healthy_CRC_0.01_20000000_rep6,0.0089,PRMeth,CRC,cfrrbs,limma,in_silico,top250,0.01
healthy_CRC_0.01_20000000_rep7,0.0021,PRMeth,CRC,cfrrbs,limma,in_silico,top250,0.01
healthy_CRC_0.01_20000000_rep8,0.0022,PRMeth,CRC,cfrrbs,limma,in_silico,top250,0.01
healthy_CRC_0.01_20000000_rep9,0.004,PRMeth,CRC,cfrrbs,limma,in_silico,top250,0.01
healthy_CRC_0.025_20000000_rep1,0.0069,PRMeth,CRC,cfrrbs,limma,in_silico,top250,0.025
healthy_CRC_0.025_20000000_rep10,0.0114,PRMeth,CRC,cfrrbs,limma,in_silico,top250,0.025
healthy_CRC_0.025_20000000_rep2,0.021,PRMeth,CRC,cfrrbs,limma,in_silico,top250,0.025
healthy_CRC_0.025_20000000_rep3,0.0082,PRMeth,CRC,cfrrbs,limma,in_silico,top250,0.025
healthy_CRC_0.025_20000000_rep4,0.0092,PRMeth,CRC,cfrrbs,limma,in_silico,top250,0.025
healthy_CRC_0.025_20000000_rep5,0.0171,PRMeth,CRC,cfrrbs,limma,in_silico,top250,0.025
healthy_CRC_0.025_20000000_rep6,0.0149,PRMeth,CRC,cfrrbs,limma,in_silico,top250,0.025
healthy_CRC_0.025_20000000_rep7,0.0135,PRMeth,CRC,cfrrbs,limma,in_silico,top250,0.025
healthy_CRC_0.025_20000000_rep8,0.0124,PRMeth,CRC,cfrrbs,limma,in_silico,top250,0.025
healthy_CRC_0.025_20000000_rep9,0.0153,PRMeth,CRC,cfrrbs,limma,in_silico,top250,0.025
healthy_CRC_0.05_20000000_rep1,0.0291,PRMeth,CRC,cfrrbs,limma,in_silico,top250,0.05
healthy_CRC_0.05_20000000_rep10,0.0273,PRMeth,CRC,cfrrbs,limma,in_silico,top250,0.05
healthy_CRC_0.05_20000000_rep2,0.0244,PRMeth,CRC,cfrrbs,limma,in_silico,top250,0.05
healthy_CRC_0.05_20000000_rep3,0.034,PRMeth,CRC,cfrrbs,limma,in_silico,top250,0.05
healthy_CRC_0.05_20000000_rep4,0.0166,PRMeth,CRC,cfrrbs,limma,in_silico,top250,0.05
healthy_CRC_0.05_20000000_rep5,0.0235,PRMeth,CRC,cfrrbs,limma,in_silico,top250,0.05
healthy_CRC_0.05_20000000_rep6,0.0265,PRMeth,CRC,cfrrbs,limma,in_silico,top250,0.05
healthy_CRC_0.05_20000000_rep7,0.0338,PRMeth,CRC,cfrrbs,limma,in_silico,top250,0.05
healthy_CRC_0.05_20000000_rep8,0.0257,PRMeth,CRC,cfrrbs,limma,in_silico,top250,0.05
healthy_CRC_0.05_20000000_rep9,0.0306,PRMeth,CRC,cfrrbs,limma,in_silico,top250,0.05
healthy_CRC_0.1_20000000_rep1,0.0585,PRMeth,CRC,cfrrbs,limma,in_silico,top250,0.1
healthy_CRC_0.1_20000000_rep10,0.0592,PRMeth,CRC,cfrrbs,limma,in_silico,top250,0.1
healthy_CRC_0.1_20000000_rep2,0.0525,PRMeth,CRC,cfrrbs,limma,in_silico,top250,0.1
healthy_CRC_0.1_20000000_rep3,0.0631,PRMeth,CRC,cfrrbs,limma,in_silico,top250,0.1
healthy_CRC_0.1_20000000_rep4,0.0563,PRMeth,CRC,cfrrbs,limma,in_silico,top250,0.1
healthy_CRC_0.1_20000000_rep5,0.0638,PRMeth,CRC,cfrrbs,limma,in_silico,top250,0.1
healthy_CRC_0.1_20000000_rep6,0.0521,PRMeth,CRC,cfrrbs,limma,in_silico,top250,0.1
healthy_CRC_0.1_20000000_rep7,0.0529,PRMeth,CRC,cfrrbs,limma,in_silico,top250,0.1
healthy_CRC_0.1_20000000_rep8,0.0613,PRMeth,CRC,cfrrbs,limma,in_silico,top250,0.1
healthy_CRC_0.1_20000000_rep9,0.0517,PRMeth,CRC,cfrrbs,limma,in_silico,top250,0.1
healthy_CRC_0.25_20000000_rep1,0.1426,PRMeth,CRC,cfrrbs,limma,in_silico,top250,0.25
healthy_CRC_0.25_20000000_rep10,0.1483,PRMeth,CRC,cfrrbs,limma,in_silico,top250,0.25
healthy_CRC_0.25_20000000_rep2,0.1474,PRMeth,CRC,cfrrbs,limma,in_silico,top250,0.25
healthy_CRC_0.25_20000000_rep3,0.158,PRMeth,CRC,cfrrbs,limma,in_silico,top250,0.25
healthy_CRC_0.25_20000000_rep4,0.144,PRMeth,CRC,cfrrbs,limma,in_silico,top250,0.25
healthy_CRC_0.25_20000000_rep5,0.15,PRMeth,CRC,cfrrbs,limma,in_silico,top250,0.25
healthy_CRC_0.25_20000000_rep6,0.1547,PRMeth,CRC,cfrrbs,limma,in_silico,top250,0.25
healthy_CRC_0.25_20000000_rep7,0.1479,PRMeth,CRC,cfrrbs,limma,in_silico,top250,0.25
healthy_CRC_0.25_20000000_rep8,0.1536,PRMeth,CRC,cfrrbs,limma,in_silico,top250,0.25
healthy_CRC_0.25_20000000_rep9,0.1509,PRMeth,CRC,cfrrbs,limma,in_silico,top250,0.25
healthy_CRC_0.5_20000000_rep1,0.3158,PRMeth,CRC,cfrrbs,limma,in_silico,top250,0.5
healthy_CRC_0.5_20000000_rep10,0.3245,PRMeth,CRC,cfrrbs,limma,in_silico,top250,0.5
healthy_CRC_0.5_20000000_rep2,0.3077,PRMeth,CRC,cfrrbs,limma,in_silico,top250,0.5
healthy_CRC_0.5_20000000_rep3,0.3157,PRMeth,CRC,cfrrbs,limma,in_silico,top250,0.5
healthy_CRC_0.5_20000000_rep4,0.3127,PRMeth,CRC,cfrrbs,limma,in_silico,top250,0.5
healthy_CRC_0.5_20000000_rep5,0.3129,PRMeth,CRC,cfrrbs,limma,in_silico,top250,0.5
healthy_CRC_0.5_20000000_rep6,0.3099,PRMeth,CRC,cfrrbs,limma,in_silico,top250,0.5
healthy_CRC_0.5_20000000_rep7,0.3109,PRMeth,CRC,cfrrbs,limma,in_silico,top250,0.5
healthy_CRC_0.5_20000000_rep8,0.3023,PRMeth,CRC,cfrrbs,limma,in_silico,top250,0.5
healthy_CRC_0.5_20000000_rep9,0.3079,PRMeth,CRC,cfrrbs,limma,in_silico,top250,0.5
healthy_CRC_0_20000000_rep1,0.0055,PRMeth,CRC,cfrrbs,limma,in_silico,top250,0
healthy_CRC_0_20000000_rep10,0.0,PRMeth,CRC,cfrrbs,limma,in_silico,top250,0
healthy_CRC_0_20000000_rep2,0.0,PRMeth,CRC,cfrrbs,limma,in_silico,top250,0
healthy_CRC_0_20000000_rep3,0.0,PRMeth,CRC,cfrrbs,limma,in_silico,top250,0
healthy_CRC_0_20000000_rep4,0.0,PRMeth,CRC,cfrrbs,limma,in_silico,top250,0
healthy_CRC_0_20000000_rep5,0.0,PRMeth,CRC,cfrrbs,limma,in_silico,top250,0
healthy_CRC_0_20000000_rep6,0.001,PRMeth,CRC,cfrrbs,limma,in_silico,top250,0
healthy_CRC_0_20000000_rep7,0.0,PRMeth,CRC,cfrrbs,limma,in_silico,top250,0
healthy_CRC_0_20000000_rep8,0.002,PRMeth,CRC,cfrrbs,limma,in_silico,top250,0
healthy_CRC_0_20000000_rep9,0.0,PRMeth,CRC,cfrrbs,limma,in_silico,top250,0
healthy_CRC_0.0001_20000000_rep1,0.0038545208631453,EpiSCORE,CRC,cfrrbs,limma,in_silico,top250,0.0001
healthy_CRC_0.0001_20000000_rep10,0.0,EpiSCORE,CRC,cfrrbs,limma,in_silico,top250,0.0001
healthy_CRC_0.0001_20000000_rep2,0.0,EpiSCORE,CRC,cfrrbs,limma,in_silico,top250,0.0001
healthy_CRC_0.0001_20000000_rep3,0.0,EpiSCORE,CRC,cfrrbs,limma,in_silico,top250,0.0001
healthy_CRC_0.0001_20000000_rep4,0.0074909409254479,EpiSCORE,CRC,cfrrbs,limma,in_silico,top250,0.0001
healthy_CRC_0.0001_20000000_rep5,0.0026589359684339,EpiSCORE,CRC,cfrrbs,limma,in_silico,top250,0.0001
healthy_CRC_0.0001_20000000_rep6,0.0031330152701754,EpiSCORE,CRC,cfrrbs,limma,in_silico,top250,0.0001
healthy_CRC_0.0001_20000000_rep7,0.0007961311180423,EpiSCORE,CRC,cfrrbs,limma,in_silico,top250,0.0001
healthy_CRC_0.0001_20000000_rep8,0.0,EpiSCORE,CRC,cfrrbs,limma,in_silico,top250,0.0001
healthy_CRC_0.0001_20000000_rep9,0.0133378368538556,EpiSCORE,CRC,cfrrbs,limma,in_silico,top250,0.0001
healthy_CRC_0.001_20000000_rep1,0.0161351964247678,EpiSCORE,CRC,cfrrbs,limma,in_silico,top250,0.001
healthy_CRC_0.001_20000000_rep10,0.0096675074156605,EpiSCORE,CRC,cfrrbs,limma,in_silico,top250,0.001
healthy_CRC_0.001_20000000_rep2,0.0,EpiSCORE,CRC,cfrrbs,limma,in_silico,top250,0.001
healthy_CRC_0.001_20000000_rep3,0.0,EpiSCORE,CRC,cfrrbs,limma,in_silico,top250,0.001
healthy_CRC_0.001_20000000_rep4,0.0,EpiSCORE,CRC,cfrrbs,limma,in_silico,top250,0.001
healthy_CRC_0.001_20000000_rep5,0.0052778198224283,EpiSCORE,CRC,cfrrbs,limma,in_silico,top250,0.001
healthy_CRC_0.001_20000000_rep6,0.0124038179226544,EpiSCORE,CRC,cfrrbs,limma,in_silico,top250,0.001
healthy_CRC_0.001_20000000_rep7,0.0,EpiSCORE,CRC,cfrrbs,limma,in_silico,top250,0.001
healthy_CRC_0.001_20000000_rep8,0.0,EpiSCORE,CRC,cfrrbs,limma,in_silico,top250,0.001
healthy_CRC_0.001_20000000_rep9,0.0,EpiSCORE,CRC,cfrrbs,limma,in_silico,top250,0.001
healthy_CRC_0.003_20000000_rep1,0.0021493176850468,EpiSCORE,CRC,cfrrbs,limma,in_silico,top250,0.003
healthy_CRC_0.003_20000000_rep10,0.0,EpiSCORE,CRC,cfrrbs,limma,in_silico,top250,0.003
healthy_CRC_0.003_20000000_rep2,0.0004055411174121,EpiSCORE,CRC,cfrrbs,limma,in_silico,top250,0.003
healthy_CRC_0.003_20000000_rep3,0.0,EpiSCORE,CRC,cfrrbs,limma,in_silico,top250,0.003
healthy_CRC_0.003_20000000_rep4,0.0207168289980549,EpiSCORE,CRC,cfrrbs,limma,in_silico,top250,0.003
healthy_CRC_0.003_20000000_rep5,0.0,EpiSCORE,CRC,cfrrbs,limma,in_silico,top250,0.003
healthy_CRC_0.003_20000000_rep6,0.0159986785902708,EpiSCORE,CRC,cfrrbs,limma,in_silico,top250,0.003
healthy_CRC_0.003_20000000_rep7,0.0,EpiSCORE,CRC,cfrrbs,limma,in_silico,top250,0.003
healthy_CRC_0.003_20000000_rep8,0.0216925128627203,EpiSCORE,CRC,cfrrbs,limma,in_silico,top250,0.003
healthy_CRC_0.003_20000000_rep9,0.0,EpiSCORE,CRC,cfrrbs,limma,in_silico,top250,0.003
healthy_CRC_0.007_20000000_rep1,0.0053636332411954,EpiSCORE,CRC,cfrrbs,limma,in_silico,top250,0.007
healthy_CRC_0.007_20000000_rep10,0.0335895354436804,EpiSCORE,CRC,cfrrbs,limma,in_silico,top250,0.007
healthy_CRC_0.007_20000000_rep2,0.0089255216776397,EpiSCORE,CRC,cfrrbs,limma,in_silico,top250,0.007
healthy_CRC_0.007_20000000_rep3,0.0096141285623605,EpiSCORE,CRC,cfrrbs,limma,in_silico,top250,0.007
healthy_CRC_0.007_20000000_rep4,0.010416536435408,EpiSCORE,CRC,cfrrbs,limma,in_silico,top250,0.007
healthy_CRC_0.007_20000000_rep5,0.0,EpiSCORE,CRC,cfrrbs,limma,in_silico,top250,0.007
healthy_CRC_0.007_20000000_rep6,0.0114128392140417,EpiSCORE,CRC,cfrrbs,limma,in_silico,top250,0.007
healthy_CRC_0.007_20000000_rep7,0.0052334176297063,EpiSCORE,CRC,cfrrbs,limma,in_silico,top250,0.007
healthy_CRC_0.007_20000000_rep8,0.0,EpiSCORE,CRC,cfrrbs,limma,in_silico,top250,0.007
healthy_CRC_0.007_20000000_rep9,0.0,EpiSCORE,CRC,cfrrbs,limma,in_silico,top250,0.007
healthy_CRC_0.01_20000000_rep1,0.0,EpiSCORE,CRC,cfrrbs,limma,in_silico,top250,0.01
healthy_CRC_0.01_20000000_rep10,0.0026173543279414,EpiSCORE,CRC,cfrrbs,limma,in_silico,top250,0.01
healthy_CRC_0.01_20000000_rep2,0.0271962195630967,EpiSCORE,CRC,cfrrbs,limma,in_silico,top250,0.01
healthy_CRC_0.01_20000000_rep3,0.0,EpiSCORE,CRC,cfrrbs,limma,in_silico,top250,0.01
healthy_CRC_0.01_20000000_rep4,0.0,EpiSCORE,CRC,cfrrbs,limma,in_silico,top250,0.01
healthy_CRC_0.01_20000000_rep5,0.0128985477742383,EpiSCORE,CRC,cfrrbs,limma,in_silico,top250,0.01
healthy_CRC_0.01_20000000_rep6,0.026986310226056,EpiSCORE,CRC,cfrrbs,limma,in_silico,top250,0.01
healthy_CRC_0.01_20000000_rep7,0.0275632848213935,EpiSCORE,CRC,cfrrbs,limma,in_silico,top250,0.01
healthy_CRC_0.01_20000000_rep8,0.0151235167266883,EpiSCORE,CRC,cfrrbs,limma,in_silico,top250,0.01
healthy_CRC_0.01_20000000_rep9,0.0122644960306924,EpiSCORE,CRC,cfrrbs,limma,in_silico,top250,0.01
healthy_CRC_0.025_20000000_rep1,0.013446974127562,EpiSCORE,CRC,cfrrbs,limma,in_silico,top250,0.025
healthy_CRC_0.025_20000000_rep10,0.0257208025370139,EpiSCORE,CRC,cfrrbs,limma,in_silico,top250,0.025
healthy_CRC_0.025_20000000_rep2,0.0303695319932984,EpiSCORE,CRC,cfrrbs,limma,in_silico,top250,0.025
healthy_CRC_0.025_20000000_rep3,0.0028582534668854,EpiSCORE,CRC,cfrrbs,limma,in_silico,top250,0.025
healthy_CRC_0.025_20000000_rep4,0.0100114571062793,EpiSCORE,CRC,cfrrbs,limma,in_silico,top250,0.025
healthy_CRC_0.025_20000000_rep5,0.0177027459541318,EpiSCORE,CRC,cfrrbs,limma,in_silico,top250,0.025
healthy_CRC_0.025_20000000_rep6,0.026682958952299,EpiSCORE,CRC,cfrrbs,limma,in_silico,top250,0.025
healthy_CRC_0.025_20000000_rep7,0.0049238183592347,EpiSCORE,CRC,cfrrbs,limma,in_silico,top250,0.025
healthy_CRC_0.025_20000000_rep8,0.0112314741194754,EpiSCORE,CRC,cfrrbs,limma,in_silico,top250,0.025
healthy_CRC_0.025_20000000_rep9,0.0190743576123067,EpiSCORE,CRC,cfrrbs,limma,in_silico,top250,0.025
healthy_CRC_0.05_20000000_rep1,0.0390429769310052,EpiSCORE,CRC,cfrrbs,limma,in_silico,top250,0.05
healthy_CRC_0.05_20000000_rep10,0.046360269132603,EpiSCORE,CRC,cfrrbs,limma,in_silico,top250,0.05
healthy_CRC_0.05_20000000_rep2,0.0447299758278909,EpiSCORE,CRC,cfrrbs,limma,in_silico,top250,0.05
healthy_CRC_0.05_20000000_rep3,0.054517373091251,EpiSCORE,CRC,cfrrbs,limma,in_silico,top250,0.05
healthy_CRC_0.05_20000000_rep4,0.0100569867135868,EpiSCORE,CRC,cfrrbs,limma,in_silico,top250,0.05
healthy_CRC_0.05_20000000_rep5,0.0309043014144856,EpiSCORE,CRC,cfrrbs,limma,in_silico,top250,0.05
healthy_CRC_0.05_20000000_rep6,0.0186606626402133,EpiSCORE,CRC,cfrrbs,limma,in_silico,top250,0.05
healthy_CRC_0.05_20000000_rep7,0.040028275581572,EpiSCORE,CRC,cfrrbs,limma,in_silico,top250,0.05
healthy_CRC_0.05_20000000_rep8,0.0367669461347365,EpiSCORE,CRC,cfrrbs,limma,in_silico,top250,0.05
healthy_CRC_0.05_20000000_rep9,0.0296063167755453,EpiSCORE,CRC,cfrrbs,limma,in_silico,top250,0.05
healthy_CRC_0.1_20000000_rep1,0.0770522499626041,EpiSCORE,CRC,cfrrbs,limma,in_silico,top250,0.1
healthy_CRC_0.1_20000000_rep10,0.0640133207801068,EpiSCORE,CRC,cfrrbs,limma,in_silico,top250,0.1
healthy_CRC_0.1_20000000_rep2,0.0429673045975047,EpiSCORE,CRC,cfrrbs,limma,in_silico,top250,0.1
healthy_CRC_0.1_20000000_rep3,0.0703268674093587,EpiSCORE,CRC,cfrrbs,limma,in_silico,top250,0.1
healthy_CRC_0.1_20000000_rep4,0.0486749762696438,EpiSCORE,CRC,cfrrbs,limma,in_silico,top250,0.1
healthy_CRC_0.1_20000000_rep5,0.0868301057524545,EpiSCORE,CRC,cfrrbs,limma,in_silico,top250,0.1
healthy_CRC_0.1_20000000_rep6,0.0386556682705017,EpiSCORE,CRC,cfrrbs,limma,in_silico,top250,0.1
healthy_CRC_0.1_20000000_rep7,0.0581657888964533,EpiSCORE,CRC,cfrrbs,limma,in_silico,top250,0.1
healthy_CRC_0.1_20000000_rep8,0.0839610112360045,EpiSCORE,CRC,cfrrbs,limma,in_silico,top250,0.1
healthy_CRC_0.1_20000000_rep9,0.0620063082694269,EpiSCORE,CRC,cfrrbs,limma,in_silico,top250,0.1
healthy_CRC_0.25_20000000_rep1,0.170716206572046,EpiSCORE,CRC,cfrrbs,limma,in_silico,top250,0.25
healthy_CRC_0.25_20000000_rep10,0.156727724157505,EpiSCORE,CRC,cfrrbs,limma,in_silico,top250,0.25
healthy_CRC_0.25_20000000_rep2,0.175337182223204,EpiSCORE,CRC,cfrrbs,limma,in_silico,top250,0.25
healthy_CRC_0.25_20000000_rep3,0.144342231114097,EpiSCORE,CRC,cfrrbs,limma,in_silico,top250,0.25
healthy_CRC_0.25_20000000_rep4,0.163241544022339,EpiSCORE,CRC,cfrrbs,limma,in_silico,top250,0.25
healthy_CRC_0.25_20000000_rep5,0.177374456333749,EpiSCORE,CRC,cfrrbs,limma,in_silico,top250,0.25
healthy_CRC_0.25_20000000_rep6,0.170099298581374,EpiSCORE,CRC,cfrrbs,limma,in_silico,top250,0.25
healthy_CRC_0.25_20000000_rep7,0.15808961127828,EpiSCORE,CRC,cfrrbs,limma,in_silico,top250,0.25
healthy_CRC_0.25_20000000_rep8,0.167325248739732,EpiSCORE,CRC,cfrrbs,limma,in_silico,top250,0.25
healthy_CRC_0.25_20000000_rep9,0.170457749375834,EpiSCORE,CRC,cfrrbs,limma,in_silico,top250,0.25
healthy_CRC_0.5_20000000_rep1,0.315582132562033,EpiSCORE,CRC,cfrrbs,limma,in_silico,top250,0.5
healthy_CRC_0.5_20000000_rep10,0.324346133207899,EpiSCORE,CRC,cfrrbs,limma,in_silico,top250,0.5
healthy_CRC_0.5_20000000_rep2,0.33285218240876,EpiSCORE,CRC,cfrrbs,limma,in_silico,top250,0.5
healthy_CRC_0.5_20000000_rep3,0.321138582641331,EpiSCORE,CRC,cfrrbs,limma,in_silico,top250,0.5
healthy_CRC_0.5_20000000_rep4,0.324100831726342,EpiSCORE,CRC,cfrrbs,limma,in_silico,top250,0.5
healthy_CRC_0.5_20000000_rep5,0.30701348572273,EpiSCORE,CRC,cfrrbs,limma,in_silico,top250,0.5
healthy_CRC_0.5_20000000_rep6,0.322162745439219,EpiSCORE,CRC,cfrrbs,limma,in_silico,top250,0.5
healthy_CRC_0.5_20000000_rep7,0.329487092564056,EpiSCORE,CRC,cfrrbs,limma,in_silico,top250,0.5
healthy_CRC_0.5_20000000_rep8,0.310681891863219,EpiSCORE,CRC,cfrrbs,limma,in_silico,top250,0.5
healthy_CRC_0.5_20000000_rep9,0.316793568625188,EpiSCORE,CRC,cfrrbs,limma,in_silico,top250,0.5
healthy_CRC_0_20000000_rep1,0.0240612550489279,EpiSCORE,CRC,cfrrbs,limma,in_silico,top250,0
healthy_CRC_0_20000000_rep10,0.0091936837919878,EpiSCORE,CRC,cfrrbs,limma,in_silico,top250,0
healthy_CRC_0_20000000_rep2,0.0015132671605497,EpiSCORE,CRC,cfrrbs,limma,in_silico,top250,0
healthy_CRC_0_20000000_rep3,0.0,EpiSCORE,CRC,cfrrbs,limma,in_silico,top250,0
healthy_CRC_0_20000000_rep4,0.0076844834305754,EpiSCORE,CRC,cfrrbs,limma,in_silico,top250,0
healthy_CRC_0_20000000_rep5,0.0112223129605983,EpiSCORE,CRC,cfrrbs,limma,in_silico,top250,0
healthy_CRC_0_20000000_rep6,0.0101746945961258,EpiSCORE,CRC,cfrrbs,limma,in_silico,top250,0
healthy_CRC_0_20000000_rep7,0.017305596237724,EpiSCORE,CRC,cfrrbs,limma,in_silico,top250,0
healthy_CRC_0_20000000_rep8,0.0,EpiSCORE,CRC,cfrrbs,limma,in_silico,top250,0
healthy_CRC_0_20000000_rep9,0.0,EpiSCORE,CRC,cfrrbs,limma,in_silico,top250,0
healthy_CRC_0.0001_20000000_rep1,0.0065012842063788,CIBERSORT,CRC,cfrrbs,limma,in_silico,top250,0.0001
healthy_CRC_0.0001_20000000_rep10,0.0,CIBERSORT,CRC,cfrrbs,limma,in_silico,top250,0.0001
healthy_CRC_0.0001_20000000_rep2,0.0,CIBERSORT,CRC,cfrrbs,limma,in_silico,top250,0.0001
healthy_CRC_0.0001_20000000_rep3,0.0,CIBERSORT,CRC,cfrrbs,limma,in_silico,top250,0.0001
healthy_CRC_0.0001_20000000_rep4,0.0,CIBERSORT,CRC,cfrrbs,limma,in_silico,top250,0.0001
healthy_CRC_0.0001_20000000_rep5,0.0181022458984424,CIBERSORT,CRC,cfrrbs,limma,in_silico,top250,0.0001
healthy_CRC_0.0001_20000000_rep6,0.0072193104804725,CIBERSORT,CRC,cfrrbs,limma,in_silico,top250,0.0001
healthy_CRC_0.0001_20000000_rep7,0.0086168239701785,CIBERSORT,CRC,cfrrbs,limma,in_silico,top250,0.0001
healthy_CRC_0.0001_20000000_rep8,0.0,CIBERSORT,CRC,cfrrbs,limma,in_silico,top250,0.0001
healthy_CRC_0.0001_20000000_rep9,0.0129794167349285,CIBERSORT,CRC,cfrrbs,limma,in_silico,top250,0.0001
healthy_CRC_0.001_20000000_rep1,0.0016347557257931,CIBERSORT,CRC,cfrrbs,limma,in_silico,top250,0.001
healthy_CRC_0.001_20000000_rep10,0.0115266235592676,CIBERSORT,CRC,cfrrbs,limma,in_silico,top250,0.001
healthy_CRC_0.001_20000000_rep2,0.0030954468610406,CIBERSORT,CRC,cfrrbs,limma,in_silico,top250,0.001
healthy_CRC_0.001_20000000_rep3,0.0,CIBERSORT,CRC,cfrrbs,limma,in_silico,top250,0.001
healthy_CRC_0.001_20000000_rep4,0.0163006852257801,CIBERSORT,CRC,cfrrbs,limma,in_silico,top250,0.001
healthy_CRC_0.001_20000000_rep5,0.0,CIBERSORT,CRC,cfrrbs,limma,in_silico,top250,0.001
healthy_CRC_0.001_20000000_rep6,0.0078604595235906,CIBERSORT,CRC,cfrrbs,limma,in_silico,top250,0.001
healthy_CRC_0.001_20000000_rep7,0.0,CIBERSORT,CRC,cfrrbs,limma,in_silico,top250,0.001
healthy_CRC_0.001_20000000_rep8,0.0200393269199261,CIBERSORT,CRC,cfrrbs,limma,in_silico,top250,0.001
healthy_CRC_0.001_20000000_rep9,0.0,CIBERSORT,CRC,cfrrbs,limma,in_silico,top250,0.001
healthy_CRC_0.003_20000000_rep1,0.0039928458667033,CIBERSORT,CRC,cfrrbs,limma,in_silico,top250,0.003
healthy_CRC_0.003_20000000_rep10,0.0054661651169694,CIBERSORT,CRC,cfrrbs,limma,in_silico,top250,0.003
healthy_CRC_0.003_20000000_rep2,0.0,CIBERSORT,CRC,cfrrbs,limma,in_silico,top250,0.003
healthy_CRC_0.003_20000000_rep3,0.0,CIBERSORT,CRC,cfrrbs,limma,in_silico,top250,0.003
healthy_CRC_0.003_20000000_rep4,0.0211555393017195,CIBERSORT,CRC,cfrrbs,limma,in_silico,top250,0.003
healthy_CRC_0.003_20000000_rep5,0.0,CIBERSORT,CRC,cfrrbs,limma,in_silico,top250,0.003
healthy_CRC_0.003_20000000_rep6,0.015800114631897,CIBERSORT,CRC,cfrrbs,limma,in_silico,top250,0.003
healthy_CRC_0.003_20000000_rep7,0.008073372150033,CIBERSORT,CRC,cfrrbs,limma,in_silico,top250,0.003
healthy_CRC_0.003_20000000_rep8,0.0227350379952104,CIBERSORT,CRC,cfrrbs,limma,in_silico,top250,0.003
healthy_CRC_0.003_20000000_rep9,0.0,CIBERSORT,CRC,cfrrbs,limma,in_silico,top250,0.003
healthy_CRC_0.007_20000000_rep1,0.0067555097969384,CIBERSORT,CRC,cfrrbs,limma,in_silico,top250,0.007
healthy_CRC_0.007_20000000_rep10,0.0340274925304695,CIBERSORT,CRC,cfrrbs,limma,in_silico,top250,0.007
healthy_CRC_0.007_20000000_rep2,0.0354887969124501,CIBERSORT,CRC,cfrrbs,limma,in_silico,top250,0.007
healthy_CRC_0.007_20000000_rep3,0.0223424763127784,CIBERSORT,CRC,cfrrbs,limma,in_silico,top250,0.007
healthy_CRC_0.007_20000000_rep4,0.0139839101843338,CIBERSORT,CRC,cfrrbs,limma,in_silico,top250,0.007
healthy_CRC_0.007_20000000_rep5,0.0049888663912987,CIBERSORT,CRC,cfrrbs,limma,in_silico,top250,0.007
healthy_CRC_0.007_20000000_rep6,0.0145605509370892,CIBERSORT,CRC,cfrrbs,limma,in_silico,top250,0.007
healthy_CRC_0.007_20000000_rep7,0.0051945505513872,CIBERSORT,CRC,cfrrbs,limma,in_silico,top250,0.007
healthy_CRC_0.007_20000000_rep8,0.0,CIBERSORT,CRC,cfrrbs,limma,in_silico,top250,0.007
healthy_CRC_0.007_20000000_rep9,0.0,CIBERSORT,CRC,cfrrbs,limma,in_silico,top250,0.007
healthy_CRC_0.01_20000000_rep1,0.0175352693925413,CIBERSORT,CRC,cfrrbs,limma,in_silico,top250,0.01
healthy_CRC_0.01_20000000_rep10,0.0,CIBERSORT,CRC,cfrrbs,limma,in_silico,top250,0.01
healthy_CRC_0.01_20000000_rep2,0.02753603387298,CIBERSORT,CRC,cfrrbs,limma,in_silico,top250,0.01
healthy_CRC_0.01_20000000_rep3,0.0,CIBERSORT,CRC,cfrrbs,limma,in_silico,top250,0.01
healthy_CRC_0.01_20000000_rep4,0.005845962917171,CIBERSORT,CRC,cfrrbs,limma,in_silico,top250,0.01
healthy_CRC_0.01_20000000_rep5,0.0070130296408015,CIBERSORT,CRC,cfrrbs,limma,in_silico,top250,0.01
healthy_CRC_0.01_20000000_rep6,0.0222469152932106,CIBERSORT,CRC,cfrrbs,limma,in_silico,top250,0.01
healthy_CRC_0.01_20000000_rep7,0.0265684969030713,CIBERSORT,CRC,cfrrbs,limma,in_silico,top250,0.01
healthy_CRC_0.01_20000000_rep8,0.0299467283586273,CIBERSORT,CRC,cfrrbs,limma,in_silico,top250,0.01
healthy_CRC_0.01_20000000_rep9,0.0222132789437962,CIBERSORT,CRC,cfrrbs,limma,in_silico,top250,0.01
healthy_CRC_0.025_20000000_rep1,0.0186106052279055,CIBERSORT,CRC,cfrrbs,limma,in_silico,top250,0.025
healthy_CRC_0.025_20000000_rep10,0.0086767645572206,CIBERSORT,CRC,cfrrbs,limma,in_silico,top250,0.025
healthy_CRC_0.025_20000000_rep2,0.0218059482396347,CIBERSORT,CRC,cfrrbs,limma,in_silico,top250,0.025
healthy_CRC_0.025_20000000_rep3,0.0186470557295979,CIBERSORT,CRC,cfrrbs,limma,in_silico,top250,0.025
healthy_CRC_0.025_20000000_rep4,0.0228214942558439,CIBERSORT,CRC,cfrrbs,limma,in_silico,top250,0.025
healthy_CRC_0.025_20000000_rep5,0.0253709390752798,CIBERSORT,CRC,cfrrbs,limma,in_silico,top250,0.025
healthy_CRC_0.025_20000000_rep6,0.0110316459127387,CIBERSORT,CRC,cfrrbs,limma,in_silico,top250,0.025
healthy_CRC_0.025_20000000_rep7,0.0134927413623516,CIBERSORT,CRC,cfrrbs,limma,in_silico,top250,0.025
healthy_CRC_0.025_20000000_rep8,0.0243319403670542,CIBERSORT,CRC,cfrrbs,limma,in_silico,top250,0.025
healthy_CRC_0.025_20000000_rep9,0.0282238624576523,CIBERSORT,CRC,cfrrbs,limma,in_silico,top250,0.025
healthy_CRC_0.05_20000000_rep1,0.0391522981901694,CIBERSORT,CRC,cfrrbs,limma,in_silico,top250,0.05
healthy_CRC_0.05_20000000_rep10,0.0403704336050493,CIBERSORT,CRC,cfrrbs,limma,in_silico,top250,0.05
healthy_CRC_0.05_20000000_rep2,0.0404972444765183,CIBERSORT,CRC,cfrrbs,limma,in_silico,top250,0.05
healthy_CRC_0.05_20000000_rep3,0.0453984803994069,CIBERSORT,CRC,cfrrbs,limma,in_silico,top250,0.05
healthy_CRC_0.05_20000000_rep4,0.0273964730044894,CIBERSORT,CRC,cfrrbs,limma,in_silico,top250,0.05
healthy_CRC_0.05_20000000_rep5,0.0311576772877438,CIBERSORT,CRC,cfrrbs,limma,in_silico,top250,0.05
healthy_CRC_0.05_20000000_rep6,0.0396659743250103,CIBERSORT,CRC,cfrrbs,limma,in_silico,top250,0.05
healthy_CRC_0.05_20000000_rep7,0.0631588101661417,CIBERSORT,CRC,cfrrbs,limma,in_silico,top250,0.05
healthy_CRC_0.05_20000000_rep8,0.0360544845562048,CIBERSORT,CRC,cfrrbs,limma,in_silico,top250,0.05
healthy_CRC_0.05_20000000_rep9,0.0249757378876213,CIBERSORT,CRC,cfrrbs,limma,in_silico,top250,0.05
healthy_CRC_0.1_20000000_rep1,0.0695044214931586,CIBERSORT,CRC,cfrrbs,limma,in_silico,top250,0.1
healthy_CRC_0.1_20000000_rep10,0.0716340363628535,CIBERSORT,CRC,cfrrbs,limma,in_silico,top250,0.1
healthy_CRC_0.1_20000000_rep2,0.0628422268924674,CIBERSORT,CRC,cfrrbs,limma,in_silico,top250,0.1
healthy_CRC_0.1_20000000_rep3,0.0678086516628027,CIBERSORT,CRC,cfrrbs,limma,in_silico,top250,0.1
healthy_CRC_0.1_20000000_rep4,0.0561194264138491,CIBERSORT,CRC,cfrrbs,limma,in_silico,top250,0.1
healthy_CRC_0.1_20000000_rep5,0.0799385544217421,CIBERSORT,CRC,cfrrbs,limma,in_silico,top250,0.1
healthy_CRC_0.1_20000000_rep6,0.0481589751447161,CIBERSORT,CRC,cfrrbs,limma,in_silico,top250,0.1
healthy_CRC_0.1_20000000_rep7,0.0831265349133444,CIBERSORT,CRC,cfrrbs,limma,in_silico,top250,0.1
healthy_CRC_0.1_20000000_rep8,0.080493605365038,CIBERSORT,CRC,cfrrbs,limma,in_silico,top250,0.1
healthy_CRC_0.1_20000000_rep9,0.0627061911313356,CIBERSORT,CRC,cfrrbs,limma,in_silico,top250,0.1
healthy_CRC_0.25_20000000_rep1,0.158016318317644,CIBERSORT,CRC,cfrrbs,limma,in_silico,top250,0.25
healthy_CRC_0.25_20000000_rep10,0.153746940896786,CIBERSORT,CRC,cfrrbs,limma,in_silico,top250,0.25
healthy_CRC_0.25_20000000_rep2,0.165000314663439,CIBERSORT,CRC,cfrrbs,limma,in_silico,top250,0.25
healthy_CRC_0.25_20000000_rep3,0.159855996455002,CIBERSORT,CRC,cfrrbs,limma,in_silico,top250,0.25
healthy_CRC_0.25_20000000_rep4,0.151608905373509,CIBERSORT,CRC,cfrrbs,limma,in_silico,top250,0.25
healthy_CRC_0.25_20000000_rep5,0.168819178263067,CIBERSORT,CRC,cfrrbs,limma,in_silico,top250,0.25
healthy_CRC_0.25_20000000_rep6,0.169984800638585,CIBERSORT,CRC,cfrrbs,limma,in_silico,top250,0.25
healthy_CRC_0.25_20000000_rep7,0.148488883137589,CIBERSORT,CRC,cfrrbs,limma,in_silico,top250,0.25
healthy_CRC_0.25_20000000_rep8,0.162654018876611,CIBERSORT,CRC,cfrrbs,limma,in_silico,top250,0.25
healthy_CRC_0.25_20000000_rep9,0.16920114292566,CIBERSORT,CRC,cfrrbs,limma,in_silico,top250,0.25
healthy_CRC_0.5_20000000_rep1,0.344233050077978,CIBERSORT,CRC,cfrrbs,limma,in_silico,top250,0.5
healthy_CRC_0.5_20000000_rep10,0.345400787724033,CIBERSORT,CRC,cfrrbs,limma,in_silico,top250,0.5
healthy_CRC_0.5_20000000_rep2,0.314847745495594,CIBERSORT,CRC,cfrrbs,limma,in_silico,top250,0.5
healthy_CRC_0.5_20000000_rep3,0.34142272554418,CIBERSORT,CRC,cfrrbs,limma,in_silico,top250,0.5
healthy_CRC_0.5_20000000_rep4,0.338257327755924,CIBERSORT,CRC,cfrrbs,limma,in_silico,top250,0.5
healthy_CRC_0.5_20000000_rep5,0.323778075236264,CIBERSORT,CRC,cfrrbs,limma,in_silico,top250,0.5
healthy_CRC_0.5_20000000_rep6,0.325307111321239,CIBERSORT,CRC,cfrrbs,limma,in_silico,top250,0.5
healthy_CRC_0.5_20000000_rep7,0.338265487583934,CIBERSORT,CRC,cfrrbs,limma,in_silico,top250,0.5
healthy_CRC_0.5_20000000_rep8,0.337070882748397,CIBERSORT,CRC,cfrrbs,limma,in_silico,top250,0.5
healthy_CRC_0.5_20000000_rep9,0.31509669394801,CIBERSORT,CRC,cfrrbs,limma,in_silico,top250,0.5
healthy_CRC_0_20000000_rep1,0.0152262607056926,CIBERSORT,CRC,cfrrbs,limma,in_silico,top250,0
healthy_CRC_0_20000000_rep10,0.0094442550079914,CIBERSORT,CRC,cfrrbs,limma,in_silico,top250,0
healthy_CRC_0_20000000_rep2,0.0246211707399417,CIBERSORT,CRC,cfrrbs,limma,in_silico,top250,0
healthy_CRC_0_20000000_rep3,0.0032954165449206,CIBERSORT,CRC,cfrrbs,limma,in_silico,top250,0
healthy_CRC_0_20000000_rep4,0.0001230444862073,CIBERSORT,CRC,cfrrbs,limma,in_silico,top250,0
healthy_CRC_0_20000000_rep5,0.0119392869819691,CIBERSORT,CRC,cfrrbs,limma,in_silico,top250,0
healthy_CRC_0_20000000_rep6,0.0293962812389187,CIBERSORT,CRC,cfrrbs,limma,in_silico,top250,0
healthy_CRC_0_20000000_rep7,0.0106844998351643,CIBERSORT,CRC,cfrrbs,limma,in_silico,top250,0
healthy_CRC_0_20000000_rep8,0.0,CIBERSORT,CRC,cfrrbs,limma,in_silico,top250,0
healthy_CRC_0_20000000_rep9,0.0007548670986961,CIBERSORT,CRC,cfrrbs,limma,in_silico,top250,0
healthy_CRC_0.0001_20000000_rep1,0.007,MetDecode,CRC,cfrrbs,limma,in_silico,top25,0.0001
healthy_CRC_0.0001_20000000_rep10,0.002,MetDecode,CRC,cfrrbs,limma,in_silico,top25,0.0001
healthy_CRC_0.0001_20000000_rep2,0.002,MetDecode,CRC,cfrrbs,limma,in_silico,top25,0.0001
healthy_CRC_0.0001_20000000_rep3,0.021,MetDecode,CRC,cfrrbs,limma,in_silico,top25,0.0001
healthy_CRC_0.0001_20000000_rep4,0.0,MetDecode,CRC,cfrrbs,limma,in_silico,top25,0.0001
healthy_CRC_0.0001_20000000_rep5,0.008,MetDecode,CRC,cfrrbs,limma,in_silico,top25,0.0001
healthy_CRC_0.0001_20000000_rep6,0.002,MetDecode,CRC,cfrrbs,limma,in_silico,top25,0.0001
healthy_CRC_0.0001_20000000_rep7,0.003,MetDecode,CRC,cfrrbs,limma,in_silico,top25,0.0001
healthy_CRC_0.0001_20000000_rep8,0.0,MetDecode,CRC,cfrrbs,limma,in_silico,top25,0.0001
healthy_CRC_0.0001_20000000_rep9,0.032,MetDecode,CRC,cfrrbs,limma,in_silico,top25,0.0001
healthy_CRC_0.001_20000000_rep1,0.011,MetDecode,CRC,cfrrbs,limma,in_silico,top25,0.001
healthy_CRC_0.001_20000000_rep10,0.006,MetDecode,CRC,cfrrbs,limma,in_silico,top25,0.001
healthy_CRC_0.001_20000000_rep2,0.005,MetDecode,CRC,cfrrbs,limma,in_silico,top25,0.001
healthy_CRC_0.001_20000000_rep3,0.014,MetDecode,CRC,cfrrbs,limma,in_silico,top25,0.001
healthy_CRC_0.001_20000000_rep4,0.009,MetDecode,CRC,cfrrbs,limma,in_silico,top25,0.001
healthy_CRC_0.001_20000000_rep5,0.007,MetDecode,CRC,cfrrbs,limma,in_silico,top25,0.001
healthy_CRC_0.001_20000000_rep6,0.009,MetDecode,CRC,cfrrbs,limma,in_silico,top25,0.001
healthy_CRC_0.001_20000000_rep7,0.001,MetDecode,CRC,cfrrbs,limma,in_silico,top25,0.001
healthy_CRC_0.001_20000000_rep8,0.021,MetDecode,CRC,cfrrbs,limma,in_silico,top25,0.001
healthy_CRC_0.001_20000000_rep9,0.0,MetDecode,CRC,cfrrbs,limma,in_silico,top25,0.001
healthy_CRC_0.003_20000000_rep1,0.004,MetDecode,CRC,cfrrbs,limma,in_silico,top25,0.003
healthy_CRC_0.003_20000000_rep10,0.007,MetDecode,CRC,cfrrbs,limma,in_silico,top25,0.003
healthy_CRC_0.003_20000000_rep2,0.004,MetDecode,CRC,cfrrbs,limma,in_silico,top25,0.003
healthy_CRC_0.003_20000000_rep3,0.004,MetDecode,CRC,cfrrbs,limma,in_silico,top25,0.003
healthy_CRC_0.003_20000000_rep4,0.009,MetDecode,CRC,cfrrbs,limma,in_silico,top25,0.003
healthy_CRC_0.003_20000000_rep5,0.01,MetDecode,CRC,cfrrbs,limma,in_silico,top25,0.003
healthy_CRC_0.003_20000000_rep6,0.006,MetDecode,CRC,cfrrbs,limma,in_silico,top25,0.003
healthy_CRC_0.003_20000000_rep7,0.011,MetDecode,CRC,cfrrbs,limma,in_silico,top25,0.003
healthy_CRC_0.003_20000000_rep8,0.017,MetDecode,CRC,cfrrbs,limma,in_silico,top25,0.003
healthy_CRC_0.003_20000000_rep9,0.001,MetDecode,CRC,cfrrbs,limma,in_silico,top25,0.003
healthy_CRC_0.007_20000000_rep1,0.05,MetDecode,CRC,cfrrbs,limma,in_silico,top25,0.007
healthy_CRC_0.007_20000000_rep10,0.041,MetDecode,CRC,cfrrbs,limma,in_silico,top25,0.007
healthy_CRC_0.007_20000000_rep2,0.013,MetDecode,CRC,cfrrbs,limma,in_silico,top25,0.007
healthy_CRC_0.007_20000000_rep3,0.009,MetDecode,CRC,cfrrbs,limma,in_silico,top25,0.007
healthy_CRC_0.007_20000000_rep4,0.01,MetDecode,CRC,cfrrbs,limma,in_silico,top25,0.007
healthy_CRC_0.007_20000000_rep5,0.004,MetDecode,CRC,cfrrbs,limma,in_silico,top25,0.007
healthy_CRC_0.007_20000000_rep6,0.004,MetDecode,CRC,cfrrbs,limma,in_silico,top25,0.007
healthy_CRC_0.007_20000000_rep7,0.019,MetDecode,CRC,cfrrbs,limma,in_silico,top25,0.007
healthy_CRC_0.007_20000000_rep8,0.008,MetDecode,CRC,cfrrbs,limma,in_silico,top25,0.007
healthy_CRC_0.007_20000000_rep9,0.007,MetDecode,CRC,cfrrbs,limma,in_silico,top25,0.007
healthy_CRC_0.01_20000000_rep1,0.002,MetDecode,CRC,cfrrbs,limma,in_silico,top25,0.01
healthy_CRC_0.01_20000000_rep10,0.002,MetDecode,CRC,cfrrbs,limma,in_silico,top25,0.01
healthy_CRC_0.01_20000000_rep2,0.015,MetDecode,CRC,cfrrbs,limma,in_silico,top25,0.01
healthy_CRC_0.01_20000000_rep3,0.001,MetDecode,CRC,cfrrbs,limma,in_silico,top25,0.01
healthy_CRC_0.01_20000000_rep4,0.002,MetDecode,CRC,cfrrbs,limma,in_silico,top25,0.01
healthy_CRC_0.01_20000000_rep5,0.009,MetDecode,CRC,cfrrbs,limma,in_silico,top25,0.01
healthy_CRC_0.01_20000000_rep6,0.015,MetDecode,CRC,cfrrbs,limma,in_silico,top25,0.01
healthy_CRC_0.01_20000000_rep7,0.009,MetDecode,CRC,cfrrbs,limma,in_silico,top25,0.01
healthy_CRC_0.01_20000000_rep8,0.007,MetDecode,CRC,cfrrbs,limma,in_silico,top25,0.01
healthy_CRC_0.01_20000000_rep9,0.008,MetDecode,CRC,cfrrbs,limma,in_silico,top25,0.01
healthy_CRC_0.025_20000000_rep1,0.007,MetDecode,CRC,cfrrbs,limma,in_silico,top25,0.025
healthy_CRC_0.025_20000000_rep10,0.012,MetDecode,CRC,cfrrbs,limma,in_silico,top25,0.025
healthy_CRC_0.025_20000000_rep2,0.05,MetDecode,CRC,cfrrbs,limma,in_silico,top25,0.025
healthy_CRC_0.025_20000000_rep3,0.021,MetDecode,CRC,cfrrbs,limma,in_silico,top25,0.025
healthy_CRC_0.025_20000000_rep4,0.031,MetDecode,CRC,cfrrbs,limma,in_silico,top25,0.025
healthy_CRC_0.025_20000000_rep5,0.015,MetDecode,CRC,cfrrbs,limma,in_silico,top25,0.025
healthy_CRC_0.025_20000000_rep6,0.042,MetDecode,CRC,cfrrbs,limma,in_silico,top25,0.025
healthy_CRC_0.025_20000000_rep7,0.02,MetDecode,CRC,cfrrbs,limma,in_silico,top25,0.025
healthy_CRC_0.025_20000000_rep8,0.008,MetDecode,CRC,cfrrbs,limma,in_silico,top25,0.025
healthy_CRC_0.025_20000000_rep9,0.013,MetDecode,CRC,cfrrbs,limma,in_silico,top25,0.025
healthy_CRC_0.05_20000000_rep1,0.047,MetDecode,CRC,cfrrbs,limma,in_silico,top25,0.05
healthy_CRC_0.05_20000000_rep10,0.067,MetDecode,CRC,cfrrbs,limma,in_silico,top25,0.05
healthy_CRC_0.05_20000000_rep2,0.073,MetDecode,CRC,cfrrbs,limma,in_silico,top25,0.05
healthy_CRC_0.05_20000000_rep3,0.098,MetDecode,CRC,cfrrbs,limma,in_silico,top25,0.05
healthy_CRC_0.05_20000000_rep4,0.044,MetDecode,CRC,cfrrbs,limma,in_silico,top25,0.05
healthy_CRC_0.05_20000000_rep5,0.056,MetDecode,CRC,cfrrbs,limma,in_silico,top25,0.05
healthy_CRC_0.05_20000000_rep6,0.097,MetDecode,CRC,cfrrbs,limma,in_silico,top25,0.05
healthy_CRC_0.05_20000000_rep7,0.061,MetDecode,CRC,cfrrbs,limma,in_silico,top25,0.05
healthy_CRC_0.05_20000000_rep8,0.092,MetDecode,CRC,cfrrbs,limma,in_silico,top25,0.05
healthy_CRC_0.05_20000000_rep9,0.059,MetDecode,CRC,cfrrbs,limma,in_silico,top25,0.05
healthy_CRC_0.1_20000000_rep1,0.127,MetDecode,CRC,cfrrbs,limma,in_silico,top25,0.1
healthy_CRC_0.1_20000000_rep10,0.155,MetDecode,CRC,cfrrbs,limma,in_silico,top25,0.1
healthy_CRC_0.1_20000000_rep2,0.115,MetDecode,CRC,cfrrbs,limma,in_silico,top25,0.1
healthy_CRC_0.1_20000000_rep3,0.117,MetDecode,CRC,cfrrbs,limma,in_silico,top25,0.1
healthy_CRC_0.1_20000000_rep4,0.093,MetDecode,CRC,cfrrbs,limma,in_silico,top25,0.1
healthy_CRC_0.1_20000000_rep5,0.133,MetDecode,CRC,cfrrbs,limma,in_silico,top25,0.1
healthy_CRC_0.1_20000000_rep6,0.107,MetDecode,CRC,cfrrbs,limma,in_silico,top25,0.1
healthy_CRC_0.1_20000000_rep7,0.154,MetDecode,CRC,cfrrbs,limma,in_silico,top25,0.1
healthy_CRC_0.1_20000000_rep8,0.145,MetDecode,CRC,cfrrbs,limma,in_silico,top25,0.1
healthy_CRC_0.1_20000000_rep9,0.081,MetDecode,CRC,cfrrbs,limma,in_silico,top25,0.1
healthy_CRC_0.25_20000000_rep1,0.268,MetDecode,CRC,cfrrbs,limma,in_silico,top25,0.25
healthy_CRC_0.25_20000000_rep10,0.237,MetDecode,CRC,cfrrbs,limma,in_silico,top25,0.25
healthy_CRC_0.25_20000000_rep2,0.293,MetDecode,CRC,cfrrbs,limma,in_silico,top25,0.25
healthy_CRC_0.25_20000000_rep3,0.318,MetDecode,CRC,cfrrbs,limma,in_silico,top25,0.25
healthy_CRC_0.25_20000000_rep4,0.23,MetDecode,CRC,cfrrbs,limma,in_silico,top25,0.25
healthy_CRC_0.25_20000000_rep5,0.307,MetDecode,CRC,cfrrbs,limma,in_silico,top25,0.25
healthy_CRC_0.25_20000000_rep6,0.296,MetDecode,CRC,cfrrbs,limma,in_silico,top25,0.25
healthy_CRC_0.25_20000000_rep7,0.263,MetDecode,CRC,cfrrbs,limma,in_silico,top25,0.25
healthy_CRC_0.25_20000000_rep8,0.239,MetDecode,CRC,cfrrbs,limma,in_silico,top25,0.25
healthy_CRC_0.25_20000000_rep9,0.302,MetDecode,CRC,cfrrbs,limma,in_silico,top25,0.25
healthy_CRC_0.5_20000000_rep1,0.567,MetDecode,CRC,cfrrbs,limma,in_silico,top25,0.5
healthy_CRC_0.5_20000000_rep10,0.564,MetDecode,CRC,cfrrbs,limma,in_silico,top25,0.5
healthy_CRC_0.5_20000000_rep2,0.576,MetDecode,CRC,cfrrbs,limma,in_silico,top25,0.5
healthy_CRC_0.5_20000000_rep3,0.512,MetDecode,CRC,cfrrbs,limma,in_silico,top25,0.5
healthy_CRC_0.5_20000000_rep4,0.536,MetDecode,CRC,cfrrbs,limma,in_silico,top25,0.5
healthy_CRC_0.5_20000000_rep5,0.56,MetDecode,CRC,cfrrbs,limma,in_silico,top25,0.5
healthy_CRC_0.5_20000000_rep6,0.555,MetDecode,CRC,cfrrbs,limma,in_silico,top25,0.5
healthy_CRC_0.5_20000000_rep7,0.576,MetDecode,CRC,cfrrbs,limma,in_silico,top25,0.5
healthy_CRC_0.5_20000000_rep8,0.511,MetDecode,CRC,cfrrbs,limma,in_silico,top25,0.5
healthy_CRC_0.5_20000000_rep9,0.546,MetDecode,CRC,cfrrbs,limma,in_silico,top25,0.5
healthy_CRC_0_20000000_rep1,0.004,MetDecode,CRC,cfrrbs,limma,in_silico,top25,0
healthy_CRC_0_20000000_rep10,0.004,MetDecode,CRC,cfrrbs,limma,in_silico,top25,0
healthy_CRC_0_20000000_rep2,0.016,MetDecode,CRC,cfrrbs,limma,in_silico,top25,0
healthy_CRC_0_20000000_rep3,0.009,MetDecode,CRC,cfrrbs,limma,in_silico,top25,0
healthy_CRC_0_20000000_rep4,0.006,MetDecode,CRC,cfrrbs,limma,in_silico,top25,0
healthy_CRC_0_20000000_rep5,0.003,MetDecode,CRC,cfrrbs,limma,in_silico,top25,0
healthy_CRC_0_20000000_rep6,0.001,MetDecode,CRC,cfrrbs,limma,in_silico,top25,0
healthy_CRC_0_20000000_rep7,0.001,MetDecode,CRC,cfrrbs,limma,in_silico,top25,0
healthy_CRC_0_20000000_rep8,0.003,MetDecode,CRC,cfrrbs,limma,in_silico,top25,0
healthy_CRC_0_20000000_rep9,0.004,MetDecode,CRC,cfrrbs,limma,in_silico,top25,0
healthy_CRC_0.0001_20000000_rep1,0.0065446673929105,CelFiE,CRC,cfrrbs,limma,in_silico,top25,0.0001
healthy_CRC_0.0001_20000000_rep10,0.0009745053316975,CelFiE,CRC,cfrrbs,limma,in_silico,top25,0.0001
healthy_CRC_0.0001_20000000_rep2,0.0012511749740306,CelFiE,CRC,cfrrbs,limma,in_silico,top25,0.0001
healthy_CRC_0.0001_20000000_rep3,0.0107358054052856,CelFiE,CRC,cfrrbs,limma,in_silico,top25,0.0001
healthy_CRC_0.0001_20000000_rep4,4.688792507420183e-05,CelFiE,CRC,cfrrbs,limma,in_silico,top25,0.0001
healthy_CRC_0.0001_20000000_rep5,0.0032353062729652,CelFiE,CRC,cfrrbs,limma,in_silico,top25,0.0001
healthy_CRC_0.0001_20000000_rep6,0.0026553637907546,CelFiE,CRC,cfrrbs,limma,in_silico,top25,0.0001
healthy_CRC_0.0001_20000000_rep7,0.0003082174157642,CelFiE,CRC,cfrrbs,limma,in_silico,top25,0.0001
healthy_CRC_0.0001_20000000_rep8,0.0016803013879947,CelFiE,CRC,cfrrbs,limma,in_silico,top25,0.0001
healthy_CRC_0.0001_20000000_rep9,0.0158662081182954,CelFiE,CRC,cfrrbs,limma,in_silico,top25,0.0001
healthy_CRC_0.001_20000000_rep1,0.001009315955666,CelFiE,CRC,cfrrbs,limma,in_silico,top25,0.001
healthy_CRC_0.001_20000000_rep10,0.0006375745417494,CelFiE,CRC,cfrrbs,limma,in_silico,top25,0.001
healthy_CRC_0.001_20000000_rep2,0.0100240122089706,CelFiE,CRC,cfrrbs,limma,in_silico,top25,0.001
healthy_CRC_0.001_20000000_rep3,0.0027376584018304,CelFiE,CRC,cfrrbs,limma,in_silico,top25,0.001
healthy_CRC_0.001_20000000_rep4,0.0083108734604868,CelFiE,CRC,cfrrbs,limma,in_silico,top25,0.001
healthy_CRC_0.001_20000000_rep5,0.000696538108249,CelFiE,CRC,cfrrbs,limma,in_silico,top25,0.001
healthy_CRC_0.001_20000000_rep6,0.0042889581135983,CelFiE,CRC,cfrrbs,limma,in_silico,top25,0.001
healthy_CRC_0.001_20000000_rep7,0.0002702725803953,CelFiE,CRC,cfrrbs,limma,in_silico,top25,0.001
healthy_CRC_0.001_20000000_rep8,0.008719687685822,CelFiE,CRC,cfrrbs,limma,in_silico,top25,0.001
healthy_CRC_0.001_20000000_rep9,0.0015879518680247,CelFiE,CRC,cfrrbs,limma,in_silico,top25,0.001
healthy_CRC_0.003_20000000_rep1,0.0018044914858047,CelFiE,CRC,cfrrbs,limma,in_silico,top25,0.003
healthy_CRC_0.003_20000000_rep10,0.013446313218887,CelFiE,CRC,cfrrbs,limma,in_silico,top25,0.003
healthy_CRC_0.003_20000000_rep2,0.0042843211200883,CelFiE,CRC,cfrrbs,limma,in_silico,top25,0.003
healthy_CRC_0.003_20000000_rep3,0.0055495292201047,CelFiE,CRC,cfrrbs,limma,in_silico,top25,0.003
healthy_CRC_0.003_20000000_rep4,0.008603978781443,CelFiE,CRC,cfrrbs,limma,in_silico,top25,0.003
healthy_CRC_0.003_20000000_rep5,0.0054798203772581,CelFiE,CRC,cfrrbs,limma,in_silico,top25,0.003
healthy_CRC_0.003_20000000_rep6,0.000523200101281,CelFiE,CRC,cfrrbs,limma,in_silico,top25,0.003
healthy_CRC_0.003_20000000_rep7,0.0043582976055037,CelFiE,CRC,cfrrbs,limma,in_silico,top25,0.003
healthy_CRC_0.003_20000000_rep8,0.0081801507477031,CelFiE,CRC,cfrrbs,limma,in_silico,top25,0.003
healthy_CRC_0.003_20000000_rep9,4.615281186657611e-05,CelFiE,CRC,cfrrbs,limma,in_silico,top25,0.003
healthy_CRC_0.007_20000000_rep1,0.0067051976846965,CelFiE,CRC,cfrrbs,limma,in_silico,top25,0.007
healthy_CRC_0.007_20000000_rep10,0.0107114978240031,CelFiE,CRC,cfrrbs,limma,in_silico,top25,0.007
healthy_CRC_0.007_20000000_rep2,0.0045841701488221,CelFiE,CRC,cfrrbs,limma,in_silico,top25,0.007
healthy_CRC_0.007_20000000_rep3,0.002861095931651,CelFiE,CRC,cfrrbs,limma,in_silico,top25,0.007
healthy_CRC_0.007_20000000_rep4,0.006996944061515,CelFiE,CRC,cfrrbs,limma,in_silico,top25,0.007
healthy_CRC_0.007_20000000_rep5,0.0064786615390621,CelFiE,CRC,cfrrbs,limma,in_silico,top25,0.007
healthy_CRC_0.007_20000000_rep6,0.0081911782112747,CelFiE,CRC,cfrrbs,limma,in_silico,top25,0.007
healthy_CRC_0.007_20000000_rep7,0.0210110685863265,CelFiE,CRC,cfrrbs,limma,in_silico,top25,0.007
healthy_CRC_0.007_20000000_rep8,0.0092932067591218,CelFiE,CRC,cfrrbs,limma,in_silico,top25,0.007
healthy_CRC_0.007_20000000_rep9,0.0011372573180371,CelFiE,CRC,cfrrbs,limma,in_silico,top25,0.007
healthy_CRC_0.01_20000000_rep1,0.0051167362335983,CelFiE,CRC,cfrrbs,limma,in_silico,top25,0.01
healthy_CRC_0.01_20000000_rep10,0.004643088638744,CelFiE,CRC,cfrrbs,limma,in_silico,top25,0.01
healthy_CRC_0.01_20000000_rep2,0.0024628422227757,CelFiE,CRC,cfrrbs,limma,in_silico,top25,0.01
healthy_CRC_0.01_20000000_rep3,0.0079946211525519,CelFiE,CRC,cfrrbs,limma,in_silico,top25,0.01
healthy_CRC_0.01_20000000_rep4,0.0061093007507321,CelFiE,CRC,cfrrbs,limma,in_silico,top25,0.01
healthy_CRC_0.01_20000000_rep5,0.0155610904418041,CelFiE,CRC,cfrrbs,limma,in_silico,top25,0.01
healthy_CRC_0.01_20000000_rep6,0.0108465460055083,CelFiE,CRC,cfrrbs,limma,in_silico,top25,0.01
healthy_CRC_0.01_20000000_rep7,0.002040739261058,CelFiE,CRC,cfrrbs,limma,in_silico,top25,0.01
healthy_CRC_0.01_20000000_rep8,0.0080256405984298,CelFiE,CRC,cfrrbs,limma,in_silico,top25,0.01
healthy_CRC_0.01_20000000_rep9,0.0051862087302411,CelFiE,CRC,cfrrbs,limma,in_silico,top25,0.01
healthy_CRC_0.025_20000000_rep1,0.0071865391813328,CelFiE,CRC,cfrrbs,limma,in_silico,top25,0.025
healthy_CRC_0.025_20000000_rep10,0.0193922207463425,CelFiE,CRC,cfrrbs,limma,in_silico,top25,0.025
healthy_CRC_0.025_20000000_rep2,0.0226121525337173,CelFiE,CRC,cfrrbs,limma,in_silico,top25,0.025
healthy_CRC_0.025_20000000_rep3,0.0121995950591456,CelFiE,CRC,cfrrbs,limma,in_silico,top25,0.025
healthy_CRC_0.025_20000000_rep4,0.0214497278690358,CelFiE,CRC,cfrrbs,limma,in_silico,top25,0.025
healthy_CRC_0.025_20000000_rep5,0.0179211073271335,CelFiE,CRC,cfrrbs,limma,in_silico,top25,0.025
healthy_CRC_0.025_20000000_rep6,0.0199517192870093,CelFiE,CRC,cfrrbs,limma,in_silico,top25,0.025
healthy_CRC_0.025_20000000_rep7,0.0187567692306973,CelFiE,CRC,cfrrbs,limma,in_silico,top25,0.025
healthy_CRC_0.025_20000000_rep8,0.0102823308618717,CelFiE,CRC,cfrrbs,limma,in_silico,top25,0.025
healthy_CRC_0.025_20000000_rep9,0.0082012026958599,CelFiE,CRC,cfrrbs,limma,in_silico,top25,0.025
healthy_CRC_0.05_20000000_rep1,0.0416607038120262,CelFiE,CRC,cfrrbs,limma,in_silico,top25,0.05
healthy_CRC_0.05_20000000_rep10,0.0327796826808175,CelFiE,CRC,cfrrbs,limma,in_silico,top25,0.05
healthy_CRC_0.05_20000000_rep2,0.0359227934002739,CelFiE,CRC,cfrrbs,limma,in_silico,top25,0.05
healthy_CRC_0.05_20000000_rep3,0.0532213078661156,CelFiE,CRC,cfrrbs,limma,in_silico,top25,0.05
healthy_CRC_0.05_20000000_rep4,0.0253281012878742,CelFiE,CRC,cfrrbs,limma,in_silico,top25,0.05
healthy_CRC_0.05_20000000_rep5,0.0310329752220569,CelFiE,CRC,cfrrbs,limma,in_silico,top25,0.05
healthy_CRC_0.05_20000000_rep6,0.0586877233462847,CelFiE,CRC,cfrrbs,limma,in_silico,top25,0.05
healthy_CRC_0.05_20000000_rep7,0.0434609118393172,CelFiE,CRC,cfrrbs,limma,in_silico,top25,0.05
healthy_CRC_0.05_20000000_rep8,0.0306943655159158,CelFiE,CRC,cfrrbs,limma,in_silico,top25,0.05
healthy_CRC_0.05_20000000_rep9,0.0275276137571021,CelFiE,CRC,cfrrbs,limma,in_silico,top25,0.05
healthy_CRC_0.1_20000000_rep1,0.0850256816546256,CelFiE,CRC,cfrrbs,limma,in_silico,top25,0.1
healthy_CRC_0.1_20000000_rep10,0.0776956475157138,CelFiE,CRC,cfrrbs,limma,in_silico,top25,0.1
healthy_CRC_0.1_20000000_rep2,0.0715767999284887,CelFiE,CRC,cfrrbs,limma,in_silico,top25,0.1
healthy_CRC_0.1_20000000_rep3,0.0659626814123447,CelFiE,CRC,cfrrbs,limma,in_silico,top25,0.1
healthy_CRC_0.1_20000000_rep4,0.0868702636270894,CelFiE,CRC,cfrrbs,limma,in_silico,top25,0.1
healthy_CRC_0.1_20000000_rep5,0.0713068140021993,CelFiE,CRC,cfrrbs,limma,in_silico,top25,0.1
healthy_CRC_0.1_20000000_rep6,0.0616841023861245,CelFiE,CRC,cfrrbs,limma,in_silico,top25,0.1
healthy_CRC_0.1_20000000_rep7,0.0851612559130049,CelFiE,CRC,cfrrbs,limma,in_silico,top25,0.1
healthy_CRC_0.1_20000000_rep8,0.0791667108858499,CelFiE,CRC,cfrrbs,limma,in_silico,top25,0.1
healthy_CRC_0.1_20000000_rep9,0.0621088245991334,CelFiE,CRC,cfrrbs,limma,in_silico,top25,0.1
healthy_CRC_0.25_20000000_rep1,0.1758913160097651,CelFiE,CRC,cfrrbs,limma,in_silico,top25,0.25
healthy_CRC_0.25_20000000_rep10,0.1740456571875488,CelFiE,CRC,cfrrbs,limma,in_silico,top25,0.25
healthy_CRC_0.25_20000000_rep2,0.170090688840882,CelFiE,CRC,cfrrbs,limma,in_silico,top25,0.25
healthy_CRC_0.25_20000000_rep3,0.2079458810248068,CelFiE,CRC,cfrrbs,limma,in_silico,top25,0.25
healthy_CRC_0.25_20000000_rep4,0.1782062874523783,CelFiE,CRC,cfrrbs,limma,in_silico,top25,0.25
healthy_CRC_0.25_20000000_rep5,0.1809482625239312,CelFiE,CRC,cfrrbs,limma,in_silico,top25,0.25
healthy_CRC_0.25_20000000_rep6,0.2165204371292103,CelFiE,CRC,cfrrbs,limma,in_silico,top25,0.25
healthy_CRC_0.25_20000000_rep7,0.1756193394393776,CelFiE,CRC,cfrrbs,limma,in_silico,top25,0.25
healthy_CRC_0.25_20000000_rep8,0.1678236387264275,CelFiE,CRC,cfrrbs,limma,in_silico,top25,0.25
healthy_CRC_0.25_20000000_rep9,0.2030169990031189,CelFiE,CRC,cfrrbs,limma,in_silico,top25,0.25
healthy_CRC_0.5_20000000_rep1,0.4102604708238511,CelFiE,CRC,cfrrbs,limma,in_silico,top25,0.5
healthy_CRC_0.5_20000000_rep10,0.4201919087886985,CelFiE,CRC,cfrrbs,limma,in_silico,top25,0.5
healthy_CRC_0.5_20000000_rep2,0.4158502941072279,CelFiE,CRC,cfrrbs,limma,in_silico,top25,0.5
healthy_CRC_0.5_20000000_rep3,0.3765278419425285,CelFiE,CRC,cfrrbs,limma,in_silico,top25,0.5
healthy_CRC_0.5_20000000_rep4,0.4142387483999937,CelFiE,CRC,cfrrbs,limma,in_silico,top25,0.5
healthy_CRC_0.5_20000000_rep5,0.4084288713895435,CelFiE,CRC,cfrrbs,limma,in_silico,top25,0.5
healthy_CRC_0.5_20000000_rep6,0.4029521688986499,CelFiE,CRC,cfrrbs,limma,in_silico,top25,0.5
healthy_CRC_0.5_20000000_rep7,0.423732221246126,CelFiE,CRC,cfrrbs,limma,in_silico,top25,0.5
healthy_CRC_0.5_20000000_rep8,0.3925448038599058,CelFiE,CRC,cfrrbs,limma,in_silico,top25,0.5
healthy_CRC_0.5_20000000_rep9,0.3991535129473726,CelFiE,CRC,cfrrbs,limma,in_silico,top25,0.5
healthy_CRC_0_20000000_rep1,0.0050803650888814,CelFiE,CRC,cfrrbs,limma,in_silico,top25,0
healthy_CRC_0_20000000_rep10,0.0001954486086702,CelFiE,CRC,cfrrbs,limma,in_silico,top25,0
healthy_CRC_0_20000000_rep2,0.0070603778237885,CelFiE,CRC,cfrrbs,limma,in_silico,top25,0
healthy_CRC_0_20000000_rep3,0.0056380455404999,CelFiE,CRC,cfrrbs,limma,in_silico,top25,0
healthy_CRC_0_20000000_rep4,0.0070485747893192,CelFiE,CRC,cfrrbs,limma,in_silico,top25,0
healthy_CRC_0_20000000_rep5,0.0021239527892468,CelFiE,CRC,cfrrbs,limma,in_silico,top25,0
healthy_CRC_0_20000000_rep6,1.4394423074622168e-05,CelFiE,CRC,cfrrbs,limma,in_silico,top25,0
healthy_CRC_0_20000000_rep7,6.954066649995615e-05,CelFiE,CRC,cfrrbs,limma,in_silico,top25,0
healthy_CRC_0_20000000_rep8,0.0020645477744038,CelFiE,CRC,cfrrbs,limma,in_silico,top25,0
healthy_CRC_0_20000000_rep9,0.0040678466317349,CelFiE,CRC,cfrrbs,limma,in_silico,top25,0
healthy_CRC_0.0001_20000000_rep1,0.0,UXM,CRC,cfrrbs,limma,in_silico,top25,0.0001
healthy_CRC_0.0001_20000000_rep10,0.0,UXM,CRC,cfrrbs,limma,in_silico,top25,0.0001
healthy_CRC_0.0001_20000000_rep2,0.0,UXM,CRC,cfrrbs,limma,in_silico,top25,0.0001
healthy_CRC_0.0001_20000000_rep3,0.0,UXM,CRC,cfrrbs,limma,in_silico,top25,0.0001
healthy_CRC_0.0001_20000000_rep4,0.0,UXM,CRC,cfrrbs,limma,in_silico,top25,0.0001
healthy_CRC_0.0001_20000000_rep5,0.0,UXM,CRC,cfrrbs,limma,in_silico,top25,0.0001
healthy_CRC_0.0001_20000000_rep6,0.0,UXM,CRC,cfrrbs,limma,in_silico,top25,0.0001
healthy_CRC_0.0001_20000000_rep7,0.0,UXM,CRC,cfrrbs,limma,in_silico,top25,0.0001
healthy_CRC_0.0001_20000000_rep8,0.0,UXM,CRC,cfrrbs,limma,in_silico,top25,0.0001
healthy_CRC_0.0001_20000000_rep9,0.0,UXM,CRC,cfrrbs,limma,in_silico,top25,0.0001
healthy_CRC_0.001_20000000_rep1,0.0,UXM,CRC,cfrrbs,limma,in_silico,top25,0.001
healthy_CRC_0.001_20000000_rep10,0.0,UXM,CRC,cfrrbs,limma,in_silico,top25,0.001
healthy_CRC_0.001_20000000_rep2,0.0,UXM,CRC,cfrrbs,limma,in_silico,top25,0.001
healthy_CRC_0.001_20000000_rep3,0.0,UXM,CRC,cfrrbs,limma,in_silico,top25,0.001
healthy_CRC_0.001_20000000_rep4,0.0,UXM,CRC,cfrrbs,limma,in_silico,top25,0.001
healthy_CRC_0.001_20000000_rep5,0.0,UXM,CRC,cfrrbs,limma,in_silico,top25,0.001
healthy_CRC_0.001_20000000_rep6,0.0,UXM,CRC,cfrrbs,limma,in_silico,top25,0.001
healthy_CRC_0.001_20000000_rep7,0.0,UXM,CRC,cfrrbs,limma,in_silico,top25,0.001
healthy_CRC_0.001_20000000_rep8,0.0,UXM,CRC,cfrrbs,limma,in_silico,top25,0.001
healthy_CRC_0.001_20000000_rep9,0.0,UXM,CRC,cfrrbs,limma,in_silico,top25,0.001
healthy_CRC_0.003_20000000_rep1,0.0,UXM,CRC,cfrrbs,limma,in_silico,top25,0.003
healthy_CRC_0.003_20000000_rep10,0.0,UXM,CRC,cfrrbs,limma,in_silico,top25,0.003
healthy_CRC_0.003_20000000_rep2,0.0,UXM,CRC,cfrrbs,limma,in_silico,top25,0.003
healthy_CRC_0.003_20000000_rep3,0.0,UXM,CRC,cfrrbs,limma,in_silico,top25,0.003
healthy_CRC_0.003_20000000_rep4,0.0,UXM,CRC,cfrrbs,limma,in_silico,top25,0.003
healthy_CRC_0.003_20000000_rep5,0.0,UXM,CRC,cfrrbs,limma,in_silico,top25,0.003
healthy_CRC_0.003_20000000_rep6,0.0,UXM,CRC,cfrrbs,limma,in_silico,top25,0.003
healthy_CRC_0.003_20000000_rep7,0.0,UXM,CRC,cfrrbs,limma,in_silico,top25,0.003
healthy_CRC_0.003_20000000_rep8,0.0,UXM,CRC,cfrrbs,limma,in_silico,top25,0.003
healthy_CRC_0.003_20000000_rep9,0.0,UXM,CRC,cfrrbs,limma,in_silico,top25,0.003
healthy_CRC_0.007_20000000_rep1,0.0,UXM,CRC,cfrrbs,limma,in_silico,top25,0.007
healthy_CRC_0.007_20000000_rep10,0.0,UXM,CRC,cfrrbs,limma,in_silico,top25,0.007
healthy_CRC_0.007_20000000_rep2,0.0,UXM,CRC,cfrrbs,limma,in_silico,top25,0.007
healthy_CRC_0.007_20000000_rep3,0.0,UXM,CRC,cfrrbs,limma,in_silico,top25,0.007
healthy_CRC_0.007_20000000_rep4,0.0,UXM,CRC,cfrrbs,limma,in_silico,top25,0.007
healthy_CRC_0.007_20000000_rep5,0.0,UXM,CRC,cfrrbs,limma,in_silico,top25,0.007
healthy_CRC_0.007_20000000_rep6,0.0,UXM,CRC,cfrrbs,limma,in_silico,top25,0.007
healthy_CRC_0.007_20000000_rep7,0.0,UXM,CRC,cfrrbs,limma,in_silico,top25,0.007
healthy_CRC_0.007_20000000_rep8,0.0,UXM,CRC,cfrrbs,limma,in_silico,top25,0.007
healthy_CRC_0.007_20000000_rep9,0.0,UXM,CRC,cfrrbs,limma,in_silico,top25,0.007
healthy_CRC_0.01_20000000_rep1,0.0,UXM,CRC,cfrrbs,limma,in_silico,top25,0.01
healthy_CRC_0.01_20000000_rep10,0.0,UXM,CRC,cfrrbs,limma,in_silico,top25,0.01
healthy_CRC_0.01_20000000_rep2,0.0,UXM,CRC,cfrrbs,limma,in_silico,top25,0.01
healthy_CRC_0.01_20000000_rep3,0.0,UXM,CRC,cfrrbs,limma,in_silico,top25,0.01
healthy_CRC_0.01_20000000_rep4,0.0,UXM,CRC,cfrrbs,limma,in_silico,top25,0.01
healthy_CRC_0.01_20000000_rep5,0.0,UXM,CRC,cfrrbs,limma,in_silico,top25,0.01
healthy_CRC_0.01_20000000_rep6,0.0,UXM,CRC,cfrrbs,limma,in_silico,top25,0.01
healthy_CRC_0.01_20000000_rep7,0.0,UXM,CRC,cfrrbs,limma,in_silico,top25,0.01
healthy_CRC_0.01_20000000_rep8,0.0,UXM,CRC,cfrrbs,limma,in_silico,top25,0.01
healthy_CRC_0.01_20000000_rep9,0.0,UXM,CRC,cfrrbs,limma,in_silico,top25,0.01
healthy_CRC_0.025_20000000_rep1,0.0,UXM,CRC,cfrrbs,limma,in_silico,top25,0.025
healthy_CRC_0.025_20000000_rep10,0.0,UXM,CRC,cfrrbs,limma,in_silico,top25,0.025
healthy_CRC_0.025_20000000_rep2,0.0,UXM,CRC,cfrrbs,limma,in_silico,top25,0.025
healthy_CRC_0.025_20000000_rep3,0.0,UXM,CRC,cfrrbs,limma,in_silico,top25,0.025
healthy_CRC_0.025_20000000_rep4,0.0,UXM,CRC,cfrrbs,limma,in_silico,top25,0.025
healthy_CRC_0.025_20000000_rep5,0.0,UXM,CRC,cfrrbs,limma,in_silico,top25,0.025
healthy_CRC_0.025_20000000_rep6,0.0,UXM,CRC,cfrrbs,limma,in_silico,top25,0.025
healthy_CRC_0.025_20000000_rep7,0.0,UXM,CRC,cfrrbs,limma,in_silico,top25,0.025
healthy_CRC_0.025_20000000_rep8,0.0,UXM,CRC,cfrrbs,limma,in_silico,top25,0.025
healthy_CRC_0.025_20000000_rep9,0.0,UXM,CRC,cfrrbs,limma,in_silico,top25,0.025
healthy_CRC_0.05_20000000_rep1,0.0,UXM,CRC,cfrrbs,limma,in_silico,top25,0.05
healthy_CRC_0.05_20000000_rep10,0.0,UXM,CRC,cfrrbs,limma,in_silico,top25,0.05
healthy_CRC_0.05_20000000_rep2,0.0,UXM,CRC,cfrrbs,limma,in_silico,top25,0.05
healthy_CRC_0.05_20000000_rep3,0.0,UXM,CRC,cfrrbs,limma,in_silico,top25,0.05
healthy_CRC_0.05_20000000_rep4,0.0903736,UXM,CRC,cfrrbs,limma,in_silico,top25,0.05
healthy_CRC_0.05_20000000_rep5,0.0,UXM,CRC,cfrrbs,limma,in_silico,top25,0.05
healthy_CRC_0.05_20000000_rep6,0.0,UXM,CRC,cfrrbs,limma,in_silico,top25,0.05
healthy_CRC_0.05_20000000_rep7,0.0137228,UXM,CRC,cfrrbs,limma,in_silico,top25,0.05
healthy_CRC_0.05_20000000_rep8,0.0,UXM,CRC,cfrrbs,limma,in_silico,top25,0.05
healthy_CRC_0.05_20000000_rep9,0.0,UXM,CRC,cfrrbs,limma,in_silico,top25,0.05
healthy_CRC_0.1_20000000_rep1,0.0,UXM,CRC,cfrrbs,limma,in_silico,top25,0.1
healthy_CRC_0.1_20000000_rep10,0.0,UXM,CRC,cfrrbs,limma,in_silico,top25,0.1
healthy_CRC_0.1_20000000_rep2,0.0442677,UXM,CRC,cfrrbs,limma,in_silico,top25,0.1
healthy_CRC_0.1_20000000_rep3,0.0,UXM,CRC,cfrrbs,limma,in_silico,top25,0.1
healthy_CRC_0.1_20000000_rep4,0.0940003,UXM,CRC,cfrrbs,limma,in_silico,top25,0.1
healthy_CRC_0.1_20000000_rep5,0.0,UXM,CRC,cfrrbs,limma,in_silico,top25,0.1
healthy_CRC_0.1_20000000_rep6,0.0,UXM,CRC,cfrrbs,limma,in_silico,top25,0.1
healthy_CRC_0.1_20000000_rep7,0.7140294,UXM,CRC,cfrrbs,limma,in_silico,top25,0.1
healthy_CRC_0.1_20000000_rep8,0.0,UXM,CRC,cfrrbs,limma,in_silico,top25,0.1
healthy_CRC_0.1_20000000_rep9,0.0,UXM,CRC,cfrrbs,limma,in_silico,top25,0.1
healthy_CRC_0.25_20000000_rep1,0.2974788,UXM,CRC,cfrrbs,limma,in_silico,top25,0.25
healthy_CRC_0.25_20000000_rep10,0.5407992,UXM,CRC,cfrrbs,limma,in_silico,top25,0.25
healthy_CRC_0.25_20000000_rep2,0.0,UXM,CRC,cfrrbs,limma,in_silico,top25,0.25
healthy_CRC_0.25_20000000_rep3,0.5456259,UXM,CRC,cfrrbs,limma,in_silico,top25,0.25
healthy_CRC_0.25_20000000_rep4,0.0,UXM,CRC,cfrrbs,limma,in_silico,top25,0.25
healthy_CRC_0.25_20000000_rep5,0.0,UXM,CRC,cfrrbs,limma,in_silico,top25,0.25
healthy_CRC_0.25_20000000_rep6,0.0,UXM,CRC,cfrrbs,limma,in_silico,top25,0.25
healthy_CRC_0.25_20000000_rep7,0.4206049,UXM,CRC,cfrrbs,limma,in_silico,top25,0.25
healthy_CRC_0.25_20000000_rep8,0.0,UXM,CRC,cfrrbs,limma,in_silico,top25,0.25
healthy_CRC_0.25_20000000_rep9,0.4894606,UXM,CRC,cfrrbs,limma,in_silico,top25,0.25
healthy_CRC_0.5_20000000_rep1,0.1920392,UXM,CRC,cfrrbs,limma,in_silico,top25,0.5
healthy_CRC_0.5_20000000_rep10,1.0,UXM,CRC,cfrrbs,limma,in_silico,top25,0.5
healthy_CRC_0.5_20000000_rep2,0.346776,UXM,CRC,cfrrbs,limma,in_silico,top25,0.5
healthy_CRC_0.5_20000000_rep3,0.0,UXM,CRC,cfrrbs,limma,in_silico,top25,0.5
healthy_CRC_0.5_20000000_rep4,0.6242859,UXM,CRC,cfrrbs,limma,in_silico,top25,0.5
healthy_CRC_0.5_20000000_rep5,0.0,UXM,CRC,cfrrbs,limma,in_silico,top25,0.5
healthy_CRC_0.5_20000000_rep6,0.4183058,UXM,CRC,cfrrbs,limma,in_silico,top25,0.5
healthy_CRC_0.5_20000000_rep7,0.0239786,UXM,CRC,cfrrbs,limma,in_silico,top25,0.5
healthy_CRC_0.5_20000000_rep8,0.9333524,UXM,CRC,cfrrbs,limma,in_silico,top25,0.5
healthy_CRC_0.5_20000000_rep9,0.2359526,UXM,CRC,cfrrbs,limma,in_silico,top25,0.5
healthy_NBL_0_20000000_rep1,0.0,UXM,CRC,cfrrbs,limma,in_silico,top25,0
healthy_NBL_0_20000000_rep10,0.0,UXM,CRC,cfrrbs,limma,in_silico,top25,0
healthy_NBL_0_20000000_rep2,0.0,UXM,CRC,cfrrbs,limma,in_silico,top25,0
healthy_NBL_0_20000000_rep3,0.0,UXM,CRC,cfrrbs,limma,in_silico,top25,0
healthy_NBL_0_20000000_rep4,0.0,UXM,CRC,cfrrbs,limma,in_silico,top25,0
healthy_NBL_0_20000000_rep5,0.0,UXM,CRC,cfrrbs,limma,in_silico,top25,0
healthy_NBL_0_20000000_rep6,0.0,UXM,CRC,cfrrbs,limma,in_silico,top25,0
healthy_NBL_0_20000000_rep7,0.0,UXM,CRC,cfrrbs,limma,in_silico,top25,0
healthy_NBL_0_20000000_rep8,0.0,UXM,CRC,cfrrbs,limma,in_silico,top25,0
healthy_NBL_0_20000000_rep9,0.0,UXM,CRC,cfrrbs,limma,in_silico,top25,0
healthy_CRC_0.0001_20000000_rep1,0.016,meth_atlas,CRC,cfrrbs,limma,in_silico,top25,0.0001
healthy_CRC_0.0001_20000000_rep10,0.0,meth_atlas,CRC,cfrrbs,limma,in_silico,top25,0.0001
healthy_CRC_0.0001_20000000_rep2,0.0,meth_atlas,CRC,cfrrbs,limma,in_silico,top25,0.0001
healthy_CRC_0.0001_20000000_rep3,0.032,meth_atlas,CRC,cfrrbs,limma,in_silico,top25,0.0001
healthy_CRC_0.0001_20000000_rep4,0.0,meth_atlas,CRC,cfrrbs,limma,in_silico,top25,0.0001
healthy_CRC_0.0001_20000000_rep5,0.03,meth_atlas,CRC,cfrrbs,limma,in_silico,top25,0.0001
healthy_CRC_0.0001_20000000_rep6,0.004,meth_atlas,CRC,cfrrbs,limma,in_silico,top25,0.0001
healthy_CRC_0.0001_20000000_rep7,0.003,meth_atlas,CRC,cfrrbs,limma,in_silico,top25,0.0001
healthy_CRC_0.0001_20000000_rep8,0.0,meth_atlas,CRC,cfrrbs,limma,in_silico,top25,0.0001
healthy_CRC_0.0001_20000000_rep9,0.026,meth_atlas,CRC,cfrrbs,limma,in_silico,top25,0.0001
healthy_CRC_0.001_20000000_rep1,0.017,meth_atlas,CRC,cfrrbs,limma,in_silico,top25,0.001
healthy_CRC_0.001_20000000_rep10,0.016,meth_atlas,CRC,cfrrbs,limma,in_silico,top25,0.001
healthy_CRC_0.001_20000000_rep2,0.01,meth_atlas,CRC,cfrrbs,limma,in_silico,top25,0.001
healthy_CRC_0.001_20000000_rep3,0.02,meth_atlas,CRC,cfrrbs,limma,in_silico,top25,0.001
healthy_CRC_0.001_20000000_rep4,0.017,meth_atlas,CRC,cfrrbs,limma,in_silico,top25,0.001
healthy_CRC_0.001_20000000_rep5,0.006,meth_atlas,CRC,cfrrbs,limma,in_silico,top25,0.001
healthy_CRC_0.001_20000000_rep6,0.015,meth_atlas,CRC,cfrrbs,limma,in_silico,top25,0.001
healthy_CRC_0.001_20000000_rep7,0.0,meth_atlas,CRC,cfrrbs,limma,in_silico,top25,0.001
healthy_CRC_0.001_20000000_rep8,0.012,meth_atlas,CRC,cfrrbs,limma,in_silico,top25,0.001
healthy_CRC_0.001_20000000_rep9,0.0,meth_atlas,CRC,cfrrbs,limma,in_silico,top25,0.001
healthy_CRC_0.003_20000000_rep1,0.0,meth_atlas,CRC,cfrrbs,limma,in_silico,top25,0.003
healthy_CRC_0.003_20000000_rep10,0.004,meth_atlas,CRC,cfrrbs,limma,in_silico,top25,0.003
healthy_CRC_0.003_20000000_rep2,0.0,meth_atlas,CRC,cfrrbs,limma,in_silico,top25,0.003
healthy_CRC_0.003_20000000_rep3,0.0,meth_atlas,CRC,cfrrbs,limma,in_silico,top25,0.003
healthy_CRC_0.003_20000000_rep4,0.011,meth_atlas,CRC,cfrrbs,limma,in_silico,top25,0.003
healthy_CRC_0.003_20000000_rep5,0.004,meth_atlas,CRC,cfrrbs,limma,in_silico,top25,0.003
healthy_CRC_0.003_20000000_rep6,0.0,meth_atlas,CRC,cfrrbs,limma,in_silico,top25,0.003
healthy_CRC_0.003_20000000_rep7,0.018,meth_atlas,CRC,cfrrbs,limma,in_silico,top25,0.003
healthy_CRC_0.003_20000000_rep8,0.017,meth_atlas,CRC,cfrrbs,limma,in_silico,top25,0.003
healthy_CRC_0.003_20000000_rep9,0.0,meth_atlas,CRC,cfrrbs,limma,in_silico,top25,0.003
healthy_CRC_0.007_20000000_rep1,0.037,meth_atlas,CRC,cfrrbs,limma,in_silico,top25,0.007
healthy_CRC_0.007_20000000_rep10,0.034,meth_atlas,CRC,cfrrbs,limma,in_silico,top25,0.007
healthy_CRC_0.007_20000000_rep2,0.019,meth_atlas,CRC,cfrrbs,limma,in_silico,top25,0.007
healthy_CRC_0.007_20000000_rep3,0.017,meth_atlas,CRC,cfrrbs,limma,in_silico,top25,0.007
healthy_CRC_0.007_20000000_rep4,0.014,meth_atlas,CRC,cfrrbs,limma,in_silico,top25,0.007
healthy_CRC_0.007_20000000_rep5,0.011,meth_atlas,CRC,cfrrbs,limma,in_silico,top25,0.007
healthy_CRC_0.007_20000000_rep6,0.006,meth_atlas,CRC,cfrrbs,limma,in_silico,top25,0.007
healthy_CRC_0.007_20000000_rep7,0.012,meth_atlas,CRC,cfrrbs,limma,in_silico,top25,0.007
healthy_CRC_0.007_20000000_rep8,0.008,meth_atlas,CRC,cfrrbs,limma,in_silico,top25,0.007
healthy_CRC_0.007_20000000_rep9,0.0,meth_atlas,CRC,cfrrbs,limma,in_silico,top25,0.007
healthy_CRC_0.01_20000000_rep1,0.0,meth_atlas,CRC,cfrrbs,limma,in_silico,top25,0.01
healthy_CRC_0.01_20000000_rep10,0.0,meth_atlas,CRC,cfrrbs,limma,in_silico,top25,0.01
healthy_CRC_0.01_20000000_rep2,0.0,meth_atlas,CRC,cfrrbs,limma,in_silico,top25,0.01
healthy_CRC_0.01_20000000_rep3,0.0,meth_atlas,CRC,cfrrbs,limma,in_silico,top25,0.01
healthy_CRC_0.01_20000000_rep4,0.0,meth_atlas,CRC,cfrrbs,limma,in_silico,top25,0.01
healthy_CRC_0.01_20000000_rep5,0.016,meth_atlas,CRC,cfrrbs,limma,in_silico,top25,0.01
healthy_CRC_0.01_20000000_rep6,0.03,meth_atlas,CRC,cfrrbs,limma,in_silico,top25,0.01
healthy_CRC_0.01_20000000_rep7,0.009,meth_atlas,CRC,cfrrbs,limma,in_silico,top25,0.01
healthy_CRC_0.01_20000000_rep8,0.015,meth_atlas,CRC,cfrrbs,limma,in_silico,top25,0.01
healthy_CRC_0.01_20000000_rep9,0.013,meth_atlas,CRC,cfrrbs,limma,in_silico,top25,0.01
healthy_CRC_0.025_20000000_rep1,0.0,meth_atlas,CRC,cfrrbs,limma,in_silico,top25,0.025
healthy_CRC_0.025_20000000_rep10,0.028,meth_atlas,CRC,cfrrbs,limma,in_silico,top25,0.025
healthy_CRC_0.025_20000000_rep2,0.027,meth_atlas,CRC,cfrrbs,limma,in_silico,top25,0.025
healthy_CRC_0.025_20000000_rep3,0.008,meth_atlas,CRC,cfrrbs,limma,in_silico,top25,0.025
healthy_CRC_0.025_20000000_rep4,0.026,meth_atlas,CRC,cfrrbs,limma,in_silico,top25,0.025
healthy_CRC_0.025_20000000_rep5,0.023,meth_atlas,CRC,cfrrbs,limma,in_silico,top25,0.025
healthy_CRC_0.025_20000000_rep6,0.034,meth_atlas,CRC,cfrrbs,limma,in_silico,top25,0.025
healthy_CRC_0.025_20000000_rep7,0.023,meth_atlas,CRC,cfrrbs,limma,in_silico,top25,0.025
healthy_CRC_0.025_20000000_rep8,0.003,meth_atlas,CRC,cfrrbs,limma,in_silico,top25,0.025
healthy_CRC_0.025_20000000_rep9,0.018,meth_atlas,CRC,cfrrbs,limma,in_silico,top25,0.025
healthy_CRC_0.05_20000000_rep1,0.045,meth_atlas,CRC,cfrrbs,limma,in_silico,top25,0.05
healthy_CRC_0.05_20000000_rep10,0.053,meth_atlas,CRC,cfrrbs,limma,in_silico,top25,0.05
healthy_CRC_0.05_20000000_rep2,0.044,meth_atlas,CRC,cfrrbs,limma,in_silico,top25,0.05
healthy_CRC_0.05_20000000_rep3,0.055,meth_atlas,CRC,cfrrbs,limma,in_silico,top25,0.05
healthy_CRC_0.05_20000000_rep4,0.04,meth_atlas,CRC,cfrrbs,limma,in_silico,top25,0.05
healthy_CRC_0.05_20000000_rep5,0.034,meth_atlas,CRC,cfrrbs,limma,in_silico,top25,0.05
healthy_CRC_0.05_20000000_rep6,0.068,meth_atlas,CRC,cfrrbs,limma,in_silico,top25,0.05
healthy_CRC_0.05_20000000_rep7,0.056,meth_atlas,CRC,cfrrbs,limma,in_silico,top25,0.05
healthy_CRC_0.05_20000000_rep8,0.055,meth_atlas,CRC,cfrrbs,limma,in_silico,top25,0.05
healthy_CRC_0.05_20000000_rep9,0.053,meth_atlas,CRC,cfrrbs,limma,in_silico,top25,0.05
healthy_CRC_0.1_20000000_rep1,0.084,meth_atlas,CRC,cfrrbs,limma,in_silico,top25,0.1
healthy_CRC_0.1_20000000_rep10,0.09,meth_atlas,CRC,cfrrbs,limma,in_silico,top25,0.1
healthy_CRC_0.1_20000000_rep2,0.088,meth_atlas,CRC,cfrrbs,limma,in_silico,top25,0.1
healthy_CRC_0.1_20000000_rep3,0.068,meth_atlas,CRC,cfrrbs,limma,in_silico,top25,0.1
healthy_CRC_0.1_20000000_rep4,0.07,meth_atlas,CRC,cfrrbs,limma,in_silico,top25,0.1
healthy_CRC_0.1_20000000_rep5,0.084,meth_atlas,CRC,cfrrbs,limma,in_silico,top25,0.1
healthy_CRC_0.1_20000000_rep6,0.072,meth_atlas,CRC,cfrrbs,limma,in_silico,top25,0.1
healthy_CRC_0.1_20000000_rep7,0.111,meth_atlas,CRC,cfrrbs,limma,in_silico,top25,0.1
healthy_CRC_0.1_20000000_rep8,0.084,meth_atlas,CRC,cfrrbs,limma,in_silico,top25,0.1
healthy_CRC_0.1_20000000_rep9,0.078,meth_atlas,CRC,cfrrbs,limma,in_silico,top25,0.1
healthy_CRC_0.25_20000000_rep1,0.177,meth_atlas,CRC,cfrrbs,limma,in_silico,top25,0.25
healthy_CRC_0.25_20000000_rep10,0.173,meth_atlas,CRC,cfrrbs,limma,in_silico,top25,0.25
healthy_CRC_0.25_20000000_rep2,0.184,meth_atlas,CRC,cfrrbs,limma,in_silico,top25,0.25
healthy_CRC_0.25_20000000_rep3,0.207,meth_atlas,CRC,cfrrbs,limma,in_silico,top25,0.25
healthy_CRC_0.25_20000000_rep4,0.188,meth_atlas,CRC,cfrrbs,limma,in_silico,top25,0.25
healthy_CRC_0.25_20000000_rep5,0.193,meth_atlas,CRC,cfrrbs,limma,in_silico,top25,0.25
healthy_CRC_0.25_20000000_rep6,0.214,meth_atlas,CRC,cfrrbs,limma,in_silico,top25,0.25
healthy_CRC_0.25_20000000_rep7,0.184,meth_atlas,CRC,cfrrbs,limma,in_silico,top25,0.25
healthy_CRC_0.25_20000000_rep8,0.171,meth_atlas,CRC,cfrrbs,limma,in_silico,top25,0.25
healthy_CRC_0.25_20000000_rep9,0.195,meth_atlas,CRC,cfrrbs,limma,in_silico,top25,0.25
healthy_CRC_0.5_20000000_rep1,0.365,meth_atlas,CRC,cfrrbs,limma,in_silico,top25,0.5
healthy_CRC_0.5_20000000_rep10,0.395,meth_atlas,CRC,cfrrbs,limma,in_silico,top25,0.5
healthy_CRC_0.5_20000000_rep2,0.366,meth_atlas,CRC,cfrrbs,limma,in_silico,top25,0.5
healthy_CRC_0.5_20000000_rep3,0.337,meth_atlas,CRC,cfrrbs,limma,in_silico,top25,0.5
healthy_CRC_0.5_20000000_rep4,0.385,meth_atlas,CRC,cfrrbs,limma,in_silico,top25,0.5
healthy_CRC_0.5_20000000_rep5,0.366,meth_atlas,CRC,cfrrbs,limma,in_silico,top25,0.5
healthy_CRC_0.5_20000000_rep6,0.366,meth_atlas,CRC,cfrrbs,limma,in_silico,top25,0.5
healthy_CRC_0.5_20000000_rep7,0.379,meth_atlas,CRC,cfrrbs,limma,in_silico,top25,0.5
healthy_CRC_0.5_20000000_rep8,0.36,meth_atlas,CRC,cfrrbs,limma,in_silico,top25,0.5
healthy_CRC_0.5_20000000_rep9,0.353,meth_atlas,CRC,cfrrbs,limma,in_silico,top25,0.5
healthy_CRC_0_20000000_rep1,0.012,meth_atlas,CRC,cfrrbs,limma,in_silico,top25,0
healthy_CRC_0_20000000_rep10,0.016,meth_atlas,CRC,cfrrbs,limma,in_silico,top25,0
healthy_CRC_0_20000000_rep2,0.005,meth_atlas,CRC,cfrrbs,limma,in_silico,top25,0
healthy_CRC_0_20000000_rep3,0.026,meth_atlas,CRC,cfrrbs,limma,in_silico,top25,0
healthy_CRC_0_20000000_rep4,0.005,meth_atlas,CRC,cfrrbs,limma,in_silico,top25,0
healthy_CRC_0_20000000_rep5,0.002,meth_atlas,CRC,cfrrbs,limma,in_silico,top25,0
healthy_CRC_0_20000000_rep6,0.007,meth_atlas,CRC,cfrrbs,limma,in_silico,top25,0
healthy_CRC_0_20000000_rep7,0.0,meth_atlas,CRC,cfrrbs,limma,in_silico,top25,0
healthy_CRC_0_20000000_rep8,0.007,meth_atlas,CRC,cfrrbs,limma,in_silico,top25,0
healthy_CRC_0_20000000_rep9,0.016,meth_atlas,CRC,cfrrbs,limma,in_silico,top25,0
healthy_CRC_0.0001_20000000_rep1,0.0528585791889407,EpiDISH,CRC,cfrrbs,limma,in_silico,top25,0.0001
healthy_CRC_0.0001_20000000_rep10,0.0026332744803927,EpiDISH,CRC,cfrrbs,limma,in_silico,top25,0.0001
healthy_CRC_0.0001_20000000_rep2,0.0,EpiDISH,CRC,cfrrbs,limma,in_silico,top25,0.0001
healthy_CRC_0.0001_20000000_rep3,0.0456893204335109,EpiDISH,CRC,cfrrbs,limma,in_silico,top25,0.0001
healthy_CRC_0.0001_20000000_rep4,0.0,EpiDISH,CRC,cfrrbs,limma,in_silico,top25,0.0001
healthy_CRC_0.0001_20000000_rep5,0.0764343115690814,EpiDISH,CRC,cfrrbs,limma,in_silico,top25,0.0001
healthy_CRC_0.0001_20000000_rep6,0.0393575453646766,EpiDISH,CRC,cfrrbs,limma,in_silico,top25,0.0001
healthy_CRC_0.0001_20000000_rep7,0.067821681452046,EpiDISH,CRC,cfrrbs,limma,in_silico,top25,0.0001
healthy_CRC_0.0001_20000000_rep8,0.0,EpiDISH,CRC,cfrrbs,limma,in_silico,top25,0.0001
healthy_CRC_0.0001_20000000_rep9,0.0430886566230849,EpiDISH,CRC,cfrrbs,limma,in_silico,top25,0.0001
healthy_CRC_0.001_20000000_rep1,0.0155347077919637,EpiDISH,CRC,cfrrbs,limma,in_silico,top25,0.001
healthy_CRC_0.001_20000000_rep10,0.0608228786015497,EpiDISH,CRC,cfrrbs,limma,in_silico,top25,0.001
healthy_CRC_0.001_20000000_rep2,0.0122850586123639,EpiDISH,CRC,cfrrbs,limma,in_silico,top25,0.001
healthy_CRC_0.001_20000000_rep3,0.0,EpiDISH,CRC,cfrrbs,limma,in_silico,top25,0.001
healthy_CRC_0.001_20000000_rep4,0.0248184822693294,EpiDISH,CRC,cfrrbs,limma,in_silico,top25,0.001
healthy_CRC_0.001_20000000_rep5,0.0,EpiDISH,CRC,cfrrbs,limma,in_silico,top25,0.001
healthy_CRC_0.001_20000000_rep6,0.0419702427255672,EpiDISH,CRC,cfrrbs,limma,in_silico,top25,0.001
healthy_CRC_0.001_20000000_rep7,0.0,EpiDISH,CRC,cfrrbs,limma,in_silico,top25,0.001
healthy_CRC_0.001_20000000_rep8,0.0597429054932438,EpiDISH,CRC,cfrrbs,limma,in_silico,top25,0.001
healthy_CRC_0.001_20000000_rep9,0.0,EpiDISH,CRC,cfrrbs,limma,in_silico,top25,0.001
healthy_CRC_0.003_20000000_rep1,0.0,EpiDISH,CRC,cfrrbs,limma,in_silico,top25,0.003
healthy_CRC_0.003_20000000_rep10,0.0,EpiDISH,CRC,cfrrbs,limma,in_silico,top25,0.003
healthy_CRC_0.003_20000000_rep2,0.0005570756049859,EpiDISH,CRC,cfrrbs,limma,in_silico,top25,0.003
healthy_CRC_0.003_20000000_rep3,0.0,EpiDISH,CRC,cfrrbs,limma,in_silico,top25,0.003
healthy_CRC_0.003_20000000_rep4,0.0801627512379724,EpiDISH,CRC,cfrrbs,limma,in_silico,top25,0.003
healthy_CRC_0.003_20000000_rep5,0.0,EpiDISH,CRC,cfrrbs,limma,in_silico,top25,0.003
healthy_CRC_0.003_20000000_rep6,0.044858470897544,EpiDISH,CRC,cfrrbs,limma,in_silico,top25,0.003
healthy_CRC_0.003_20000000_rep7,0.0310827162949076,EpiDISH,CRC,cfrrbs,limma,in_silico,top25,0.003
healthy_CRC_0.003_20000000_rep8,0.0437557542405404,EpiDISH,CRC,cfrrbs,limma,in_silico,top25,0.003
healthy_CRC_0.003_20000000_rep9,0.0,EpiDISH,CRC,cfrrbs,limma,in_silico,top25,0.003
healthy_CRC_0.007_20000000_rep1,0.062797569305185,EpiDISH,CRC,cfrrbs,limma,in_silico,top25,0.007
healthy_CRC_0.007_20000000_rep10,0.0468850585826038,EpiDISH,CRC,cfrrbs,limma,in_silico,top25,0.007
healthy_CRC_0.007_20000000_rep2,0.0143577085066289,EpiDISH,CRC,cfrrbs,limma,in_silico,top25,0.007
healthy_CRC_0.007_20000000_rep3,0.0068294803736701,EpiDISH,CRC,cfrrbs,limma,in_silico,top25,0.007
healthy_CRC_0.007_20000000_rep4,0.0570572855485208,EpiDISH,CRC,cfrrbs,limma,in_silico,top25,0.007
healthy_CRC_0.007_20000000_rep5,0.0161629954029976,EpiDISH,CRC,cfrrbs,limma,in_silico,top25,0.007
healthy_CRC_0.007_20000000_rep6,0.0,EpiDISH,CRC,cfrrbs,limma,in_silico,top25,0.007
healthy_CRC_0.007_20000000_rep7,0.0,EpiDISH,CRC,cfrrbs,limma,in_silico,top25,0.007
healthy_CRC_0.007_20000000_rep8,0.0,EpiDISH,CRC,cfrrbs,limma,in_silico,top25,0.007
healthy_CRC_0.007_20000000_rep9,0.0,EpiDISH,CRC,cfrrbs,limma,in_silico,top25,0.007
healthy_CRC_0.01_20000000_rep1,0.0,EpiDISH,CRC,cfrrbs,limma,in_silico,top25,0.01
healthy_CRC_0.01_20000000_rep10,0.0,EpiDISH,CRC,cfrrbs,limma,in_silico,top25,0.01
healthy_CRC_0.01_20000000_rep2,0.0326570943014056,EpiDISH,CRC,cfrrbs,limma,in_silico,top25,0.01
healthy_CRC_0.01_20000000_rep3,0.0192304186364749,EpiDISH,CRC,cfrrbs,limma,in_silico,top25,0.01
healthy_CRC_0.01_20000000_rep4,0.0146033026093162,EpiDISH,CRC,cfrrbs,limma,in_silico,top25,0.01
healthy_CRC_0.01_20000000_rep5,0.0695019354659622,EpiDISH,CRC,cfrrbs,limma,in_silico,top25,0.01
healthy_CRC_0.01_20000000_rep6,0.0881622344827188,EpiDISH,CRC,cfrrbs,limma,in_silico,top25,0.01
healthy_CRC_0.01_20000000_rep7,0.027889299349887,EpiDISH,CRC,cfrrbs,limma,in_silico,top25,0.01
healthy_CRC_0.01_20000000_rep8,0.0,EpiDISH,CRC,cfrrbs,limma,in_silico,top25,0.01
healthy_CRC_0.01_20000000_rep9,0.0334127935949568,EpiDISH,CRC,cfrrbs,limma,in_silico,top25,0.01
healthy_CRC_0.025_20000000_rep1,0.0,EpiDISH,CRC,cfrrbs,limma,in_silico,top25,0.025
healthy_CRC_0.025_20000000_rep10,0.0315406891778544,EpiDISH,CRC,cfrrbs,limma,in_silico,top25,0.025
healthy_CRC_0.025_20000000_rep2,0.0,EpiDISH,CRC,cfrrbs,limma,in_silico,top25,0.025
healthy_CRC_0.025_20000000_rep3,0.0,EpiDISH,CRC,cfrrbs,limma,in_silico,top25,0.025
healthy_CRC_0.025_20000000_rep4,0.014754269583752,EpiDISH,CRC,cfrrbs,limma,in_silico,top25,0.025
healthy_CRC_0.025_20000000_rep5,0.0074286298244261,EpiDISH,CRC,cfrrbs,limma,in_silico,top25,0.025
healthy_CRC_0.025_20000000_rep6,0.0748947529229894,EpiDISH,CRC,cfrrbs,limma,in_silico,top25,0.025
healthy_CRC_0.025_20000000_rep7,0.012689087206069,EpiDISH,CRC,cfrrbs,limma,in_silico,top25,0.025
healthy_CRC_0.025_20000000_rep8,0.0,EpiDISH,CRC,cfrrbs,limma,in_silico,top25,0.025
healthy_CRC_0.025_20000000_rep9,0.0,EpiDISH,CRC,cfrrbs,limma,in_silico,top25,0.025
healthy_CRC_0.05_20000000_rep1,0.0007370963703046,EpiDISH,CRC,cfrrbs,limma,in_silico,top25,0.05
healthy_CRC_0.05_20000000_rep10,0.108302218774642,EpiDISH,CRC,cfrrbs,limma,in_silico,top25,0.05
healthy_CRC_0.05_20000000_rep2,0.0854826110465229,EpiDISH,CRC,cfrrbs,limma,in_silico,top25,0.05
healthy_CRC_0.05_20000000_rep3,0.0762902817083459,EpiDISH,CRC,cfrrbs,limma,in_silico,top25,0.05
healthy_CRC_0.05_20000000_rep4,0.0121627307112211,EpiDISH,CRC,cfrrbs,limma,in_silico,top25,0.05
healthy_CRC_0.05_20000000_rep5,0.0265596568397861,EpiDISH,CRC,cfrrbs,limma,in_silico,top25,0.05
healthy_CRC_0.05_20000000_rep6,0.0184162793778025,EpiDISH,CRC,cfrrbs,limma,in_silico,top25,0.05
healthy_CRC_0.05_20000000_rep7,0.0466187838850264,EpiDISH,CRC,cfrrbs,limma,in_silico,top25,0.05
healthy_CRC_0.05_20000000_rep8,0.0578879683644302,EpiDISH,CRC,cfrrbs,limma,in_silico,top25,0.05
healthy_CRC_0.05_20000000_rep9,0.125601363515119,EpiDISH,CRC,cfrrbs,limma,in_silico,top25,0.05
healthy_CRC_0.1_20000000_rep1,0.0620832914918656,EpiDISH,CRC,cfrrbs,limma,in_silico,top25,0.1
healthy_CRC_0.1_20000000_rep10,0.10697025615981,EpiDISH,CRC,cfrrbs,limma,in_silico,top25,0.1
healthy_CRC_0.1_20000000_rep2,0.0625116742801916,EpiDISH,CRC,cfrrbs,limma,in_silico,top25,0.1
healthy_CRC_0.1_20000000_rep3,0.0321047369801384,EpiDISH,CRC,cfrrbs,limma,in_silico,top25,0.1
healthy_CRC_0.1_20000000_rep4,0.0406442830166841,EpiDISH,CRC,cfrrbs,limma,in_silico,top25,0.1
healthy_CRC_0.1_20000000_rep5,0.110044932881035,EpiDISH,CRC,cfrrbs,limma,in_silico,top25,0.1
healthy_CRC_0.1_20000000_rep6,0.0753580039991447,EpiDISH,CRC,cfrrbs,limma,in_silico,top25,0.1
healthy_CRC_0.1_20000000_rep7,0.103153667735915,EpiDISH,CRC,cfrrbs,limma,in_silico,top25,0.1
healthy_CRC_0.1_20000000_rep8,0.0389452201636703,EpiDISH,CRC,cfrrbs,limma,in_silico,top25,0.1
healthy_CRC_0.1_20000000_rep9,0.103766874822841,EpiDISH,CRC,cfrrbs,limma,in_silico,top25,0.1
healthy_CRC_0.25_20000000_rep1,0.184068207760976,EpiDISH,CRC,cfrrbs,limma,in_silico,top25,0.25
healthy_CRC_0.25_20000000_rep10,0.193142293545626,EpiDISH,CRC,cfrrbs,limma,in_silico,top25,0.25
healthy_CRC_0.25_20000000_rep2,0.207466892236807,EpiDISH,CRC,cfrrbs,limma,in_silico,top25,0.25
healthy_CRC_0.25_20000000_rep3,0.175312550742955,EpiDISH,CRC,cfrrbs,limma,in_silico,top25,0.25
healthy_CRC_0.25_20000000_rep4,0.198549552537004,EpiDISH,CRC,cfrrbs,limma,in_silico,top25,0.25
healthy_CRC_0.25_20000000_rep5,0.20600159014919,EpiDISH,CRC,cfrrbs,limma,in_silico,top25,0.25
healthy_CRC_0.25_20000000_rep6,0.184758862388145,EpiDISH,CRC,cfrrbs,limma,in_silico,top25,0.25
healthy_CRC_0.25_20000000_rep7,0.183080298115331,EpiDISH,CRC,cfrrbs,limma,in_silico,top25,0.25
healthy_CRC_0.25_20000000_rep8,0.180594871384992,EpiDISH,CRC,cfrrbs,limma,in_silico,top25,0.25
healthy_CRC_0.25_20000000_rep9,0.167625884105372,EpiDISH,CRC,cfrrbs,limma,in_silico,top25,0.25
healthy_CRC_0.5_20000000_rep1,0.33067861602628,EpiDISH,CRC,cfrrbs,limma,in_silico,top25,0.5
healthy_CRC_0.5_20000000_rep10,0.360044770201348,EpiDISH,CRC,cfrrbs,limma,in_silico,top25,0.5
healthy_CRC_0.5_20000000_rep2,0.388459461261356,EpiDISH,CRC,cfrrbs,limma,in_silico,top25,0.5
healthy_CRC_0.5_20000000_rep3,0.285472734696284,EpiDISH,CRC,cfrrbs,limma,in_silico,top25,0.5
healthy_CRC_0.5_20000000_rep4,0.345875519600391,EpiDISH,CRC,cfrrbs,limma,in_silico,top25,0.5
healthy_CRC_0.5_20000000_rep5,0.300973698441902,EpiDISH,CRC,cfrrbs,limma,in_silico,top25,0.5
healthy_CRC_0.5_20000000_rep6,0.327957123856437,EpiDISH,CRC,cfrrbs,limma,in_silico,top25,0.5
healthy_CRC_0.5_20000000_rep7,0.378627267731246,EpiDISH,CRC,cfrrbs,limma,in_silico,top25,0.5
healthy_CRC_0.5_20000000_rep8,0.284361837350392,EpiDISH,CRC,cfrrbs,limma,in_silico,top25,0.5
healthy_CRC_0.5_20000000_rep9,0.333412810041614,EpiDISH,CRC,cfrrbs,limma,in_silico,top25,0.5
healthy_CRC_0_20000000_rep1,0.0705587881098318,EpiDISH,CRC,cfrrbs,limma,in_silico,top25,0
healthy_CRC_0_20000000_rep10,0.0813376034139713,EpiDISH,CRC,cfrrbs,limma,in_silico,top25,0
healthy_CRC_0_20000000_rep2,0.0166896097945186,EpiDISH,CRC,cfrrbs,limma,in_silico,top25,0
healthy_CRC_0_20000000_rep3,0.0727213673087292,EpiDISH,CRC,cfrrbs,limma,in_silico,top25,0
healthy_CRC_0_20000000_rep4,0.0,EpiDISH,CRC,cfrrbs,limma,in_silico,top25,0
healthy_CRC_0_20000000_rep5,0.0208762893788261,EpiDISH,CRC,cfrrbs,limma,in_silico,top25,0
healthy_CRC_0_20000000_rep6,0.0733044753276623,EpiDISH,CRC,cfrrbs,limma,in_silico,top25,0
healthy_CRC_0_20000000_rep7,0.0,EpiDISH,CRC,cfrrbs,limma,in_silico,top25,0
healthy_CRC_0_20000000_rep8,0.0174981825833646,EpiDISH,CRC,cfrrbs,limma,in_silico,top25,0
healthy_CRC_0_20000000_rep9,0.0400244921194875,EpiDISH,CRC,cfrrbs,limma,in_silico,top25,0
healthy_CRC_0.0001_20000000_rep1,0.0554426830781565,EpiSCORE,CRC,cfrrbs,limma,in_silico,top25,0.0001
healthy_CRC_0.0001_20000000_rep10,0.0501161044074324,EpiSCORE,CRC,cfrrbs,limma,in_silico,top25,0.0001
healthy_CRC_0.0001_20000000_rep2,0.0131743078946547,EpiSCORE,CRC,cfrrbs,limma,in_silico,top25,0.0001
healthy_CRC_0.0001_20000000_rep3,0.0364921354334731,EpiSCORE,CRC,cfrrbs,limma,in_silico,top25,0.0001
healthy_CRC_0.0001_20000000_rep4,0.0558373861685442,EpiSCORE,CRC,cfrrbs,limma,in_silico,top25,0.0001
healthy_CRC_0.0001_20000000_rep5,0.0948884278908808,EpiSCORE,CRC,cfrrbs,limma,in_silico,top25,0.0001
healthy_CRC_0.0001_20000000_rep6,0.063331263236262,EpiSCORE,CRC,cfrrbs,limma,in_silico,top25,0.0001
healthy_CRC_0.0001_20000000_rep7,0.0907641516405817,EpiSCORE,CRC,cfrrbs,limma,in_silico,top25,0.0001
healthy_CRC_0.0001_20000000_rep8,0.007225742655416,EpiSCORE,CRC,cfrrbs,limma,in_silico,top25,0.0001
healthy_CRC_0.0001_20000000_rep9,0.0730234617307141,EpiSCORE,CRC,cfrrbs,limma,in_silico,top25,0.0001
healthy_CRC_0.001_20000000_rep1,0.0938947157980191,EpiSCORE,CRC,cfrrbs,limma,in_silico,top25,0.001
healthy_CRC_0.001_20000000_rep10,0.069075364425621,EpiSCORE,CRC,cfrrbs,limma,in_silico,top25,0.001
healthy_CRC_0.001_20000000_rep2,0.0291528539139803,EpiSCORE,CRC,cfrrbs,limma,in_silico,top25,0.001
healthy_CRC_0.001_20000000_rep3,0.0,EpiSCORE,CRC,cfrrbs,limma,in_silico,top25,0.001
healthy_CRC_0.001_20000000_rep4,0.0114641232071425,EpiSCORE,CRC,cfrrbs,limma,in_silico,top25,0.001
healthy_CRC_0.001_20000000_rep5,0.0056395488084712,EpiSCORE,CRC,cfrrbs,limma,in_silico,top25,0.001
healthy_CRC_0.001_20000000_rep6,0.07066388875735,EpiSCORE,CRC,cfrrbs,limma,in_silico,top25,0.001
healthy_CRC_0.001_20000000_rep7,0.0127829636247007,EpiSCORE,CRC,cfrrbs,limma,in_silico,top25,0.001
healthy_CRC_0.001_20000000_rep8,0.0947172119940903,EpiSCORE,CRC,cfrrbs,limma,in_silico,top25,0.001
healthy_CRC_0.001_20000000_rep9,0.0132189162932477,EpiSCORE,CRC,cfrrbs,limma,in_silico,top25,0.001
healthy_CRC_0.003_20000000_rep1,0.012842046403231,EpiSCORE,CRC,cfrrbs,limma,in_silico,top25,0.003
healthy_CRC_0.003_20000000_rep10,0.0519426359796711,EpiSCORE,CRC,cfrrbs,limma,in_silico,top25,0.003
healthy_CRC_0.003_20000000_rep2,0.0750265821800639,EpiSCORE,CRC,cfrrbs,limma,in_silico,top25,0.003
healthy_CRC_0.003_20000000_rep3,0.0207022124883967,EpiSCORE,CRC,cfrrbs,limma,in_silico,top25,0.003
healthy_CRC_0.003_20000000_rep4,0.0850883106867503,EpiSCORE,CRC,cfrrbs,limma,in_silico,top25,0.003
healthy_CRC_0.003_20000000_rep5,0.0441788015282639,EpiSCORE,CRC,cfrrbs,limma,in_silico,top25,0.003
healthy_CRC_0.003_20000000_rep6,0.0580569736306875,EpiSCORE,CRC,cfrrbs,limma,in_silico,top25,0.003
healthy_CRC_0.003_20000000_rep7,0.0377105848017172,EpiSCORE,CRC,cfrrbs,limma,in_silico,top25,0.003
healthy_CRC_0.003_20000000_rep8,0.0721149829564354,EpiSCORE,CRC,cfrrbs,limma,in_silico,top25,0.003
healthy_CRC_0.003_20000000_rep9,0.0538353854065578,EpiSCORE,CRC,cfrrbs,limma,in_silico,top25,0.003
healthy_CRC_0.007_20000000_rep1,0.0822462273856562,EpiSCORE,CRC,cfrrbs,limma,in_silico,top25,0.007
healthy_CRC_0.007_20000000_rep10,0.0696840477589827,EpiSCORE,CRC,cfrrbs,limma,in_silico,top25,0.007
healthy_CRC_0.007_20000000_rep2,0.007252929940541,EpiSCORE,CRC,cfrrbs,limma,in_silico,top25,0.007
healthy_CRC_0.007_20000000_rep3,0.0612007240955924,EpiSCORE,CRC,cfrrbs,limma,in_silico,top25,0.007
healthy_CRC_0.007_20000000_rep4,0.0860128344794154,EpiSCORE,CRC,cfrrbs,limma,in_silico,top25,0.007
healthy_CRC_0.007_20000000_rep5,0.0760021923386338,EpiSCORE,CRC,cfrrbs,limma,in_silico,top25,0.007
healthy_CRC_0.007_20000000_rep6,0.0020448875147935,EpiSCORE,CRC,cfrrbs,limma,in_silico,top25,0.007
healthy_CRC_0.007_20000000_rep7,0.0531641405285926,EpiSCORE,CRC,cfrrbs,limma,in_silico,top25,0.007
healthy_CRC_0.007_20000000_rep8,0.0309499409621819,EpiSCORE,CRC,cfrrbs,limma,in_silico,top25,0.007
healthy_CRC_0.007_20000000_rep9,0.030175324429314,EpiSCORE,CRC,cfrrbs,limma,in_silico,top25,0.007
healthy_CRC_0.01_20000000_rep1,0.001783140958584,EpiSCORE,CRC,cfrrbs,limma,in_silico,top25,0.01
healthy_CRC_0.01_20000000_rep10,0.0732406313569359,EpiSCORE,CRC,cfrrbs,limma,in_silico,top25,0.01
healthy_CRC_0.01_20000000_rep2,0.0434832748224207,EpiSCORE,CRC,cfrrbs,limma,in_silico,top25,0.01
healthy_CRC_0.01_20000000_rep3,0.0722045775801452,EpiSCORE,CRC,cfrrbs,limma,in_silico,top25,0.01
healthy_CRC_0.01_20000000_rep4,0.0600111368366823,EpiSCORE,CRC,cfrrbs,limma,in_silico,top25,0.01
healthy_CRC_0.01_20000000_rep5,0.0847972135160211,EpiSCORE,CRC,cfrrbs,limma,in_silico,top25,0.01
healthy_CRC_0.01_20000000_rep6,0.0845505839729397,EpiSCORE,CRC,cfrrbs,limma,in_silico,top25,0.01
healthy_CRC_0.01_20000000_rep7,0.0626849162792259,EpiSCORE,CRC,cfrrbs,limma,in_silico,top25,0.01
healthy_CRC_0.01_20000000_rep8,0.0256921406857616,EpiSCORE,CRC,cfrrbs,limma,in_silico,top25,0.01
healthy_CRC_0.01_20000000_rep9,0.0694750876046034,EpiSCORE,CRC,cfrrbs,limma,in_silico,top25,0.01
healthy_CRC_0.025_20000000_rep1,0.0,EpiSCORE,CRC,cfrrbs,limma,in_silico,top25,0.025
healthy_CRC_0.025_20000000_rep10,0.0762121903273437,EpiSCORE,CRC,cfrrbs,limma,in_silico,top25,0.025
healthy_CRC_0.025_20000000_rep2,0.0,EpiSCORE,CRC,cfrrbs,limma,in_silico,top25,0.025
healthy_CRC_0.025_20000000_rep3,0.0454972966677314,EpiSCORE,CRC,cfrrbs,limma,in_silico,top25,0.025
healthy_CRC_0.025_20000000_rep4,0.0809419240580613,EpiSCORE,CRC,cfrrbs,limma,in_silico,top25,0.025
healthy_CRC_0.025_20000000_rep5,0.025901643274349,EpiSCORE,CRC,cfrrbs,limma,in_silico,top25,0.025
healthy_CRC_0.025_20000000_rep6,0.0921367312733945,EpiSCORE,CRC,cfrrbs,limma,in_silico,top25,0.025
healthy_CRC_0.025_20000000_rep7,0.0510711804270159,EpiSCORE,CRC,cfrrbs,limma,in_silico,top25,0.025
healthy_CRC_0.025_20000000_rep8,0.0,EpiSCORE,CRC,cfrrbs,limma,in_silico,top25,0.025
healthy_CRC_0.025_20000000_rep9,0.0237012482423837,EpiSCORE,CRC,cfrrbs,limma,in_silico,top25,0.025
healthy_CRC_0.05_20000000_rep1,0.0693238630428679,EpiSCORE,CRC,cfrrbs,limma,in_silico,top25,0.05
healthy_CRC_0.05_20000000_rep10,0.102153180850973,EpiSCORE,CRC,cfrrbs,limma,in_silico,top25,0.05
healthy_CRC_0.05_20000000_rep2,0.131166085864633,EpiSCORE,CRC,cfrrbs,limma,in_silico,top25,0.05
healthy_CRC_0.05_20000000_rep3,0.105185264711201,EpiSCORE,CRC,cfrrbs,limma,in_silico,top25,0.05
healthy_CRC_0.05_20000000_rep4,0.0084371673188466,EpiSCORE,CRC,cfrrbs,limma,in_silico,top25,0.05
healthy_CRC_0.05_20000000_rep5,0.0441776450073875,EpiSCORE,CRC,cfrrbs,limma,in_silico,top25,0.05
healthy_CRC_0.05_20000000_rep6,0.0167629331104091,EpiSCORE,CRC,cfrrbs,limma,in_silico,top25,0.05
healthy_CRC_0.05_20000000_rep7,0.0650809156589026,EpiSCORE,CRC,cfrrbs,limma,in_silico,top25,0.05
healthy_CRC_0.05_20000000_rep8,0.0366604628561461,EpiSCORE,CRC,cfrrbs,limma,in_silico,top25,0.05
healthy_CRC_0.05_20000000_rep9,0.115762341978848,EpiSCORE,CRC,cfrrbs,limma,in_silico,top25,0.05
healthy_CRC_0.1_20000000_rep1,0.0495585158460772,EpiSCORE,CRC,cfrrbs,limma,in_silico,top25,0.1
healthy_CRC_0.1_20000000_rep10,0.111073045371277,EpiSCORE,CRC,cfrrbs,limma,in_silico,top25,0.1
healthy_CRC_0.1_20000000_rep2,0.107247063504426,EpiSCORE,CRC,cfrrbs,limma,in_silico,top25,0.1
healthy_CRC_0.1_20000000_rep3,0.0504999346429856,EpiSCORE,CRC,cfrrbs,limma,in_silico,top25,0.1
healthy_CRC_0.1_20000000_rep4,0.0605284881563351,EpiSCORE,CRC,cfrrbs,limma,in_silico,top25,0.1
healthy_CRC_0.1_20000000_rep5,0.0953498059118838,EpiSCORE,CRC,cfrrbs,limma,in_silico,top25,0.1
healthy_CRC_0.1_20000000_rep6,0.117626332156031,EpiSCORE,CRC,cfrrbs,limma,in_silico,top25,0.1
healthy_CRC_0.1_20000000_rep7,0.0932950059925087,EpiSCORE,CRC,cfrrbs,limma,in_silico,top25,0.1
healthy_CRC_0.1_20000000_rep8,0.0520142901161941,EpiSCORE,CRC,cfrrbs,limma,in_silico,top25,0.1
healthy_CRC_0.1_20000000_rep9,0.106252729384792,EpiSCORE,CRC,cfrrbs,limma,in_silico,top25,0.1
healthy_CRC_0.25_20000000_rep1,0.214468123181219,EpiSCORE,CRC,cfrrbs,limma,in_silico,top25,0.25
healthy_CRC_0.25_20000000_rep10,0.192943265641479,EpiSCORE,CRC,cfrrbs,limma,in_silico,top25,0.25
healthy_CRC_0.25_20000000_rep2,0.196728088355486,EpiSCORE,CRC,cfrrbs,limma,in_silico,top25,0.25
healthy_CRC_0.25_20000000_rep3,0.206221831889801,EpiSCORE,CRC,cfrrbs,limma,in_silico,top25,0.25
healthy_CRC_0.25_20000000_rep4,0.19989878438183,EpiSCORE,CRC,cfrrbs,limma,in_silico,top25,0.25
healthy_CRC_0.25_20000000_rep5,0.215636172910935,EpiSCORE,CRC,cfrrbs,limma,in_silico,top25,0.25
healthy_CRC_0.25_20000000_rep6,0.181650639444723,EpiSCORE,CRC,cfrrbs,limma,in_silico,top25,0.25
healthy_CRC_0.25_20000000_rep7,0.170328016080364,EpiSCORE,CRC,cfrrbs,limma,in_silico,top25,0.25
healthy_CRC_0.25_20000000_rep8,0.200448775350324,EpiSCORE,CRC,cfrrbs,limma,in_silico,top25,0.25
healthy_CRC_0.25_20000000_rep9,0.19483997779755,EpiSCORE,CRC,cfrrbs,limma,in_silico,top25,0.25
healthy_CRC_0.5_20000000_rep1,0.354636246645736,EpiSCORE,CRC,cfrrbs,limma,in_silico,top25,0.5
healthy_CRC_0.5_20000000_rep10,0.338989267831213,EpiSCORE,CRC,cfrrbs,limma,in_silico,top25,0.5
healthy_CRC_0.5_20000000_rep2,0.408476073135411,EpiSCORE,CRC,cfrrbs,limma,in_silico,top25,0.5
healthy_CRC_0.5_20000000_rep3,0.321195117099699,EpiSCORE,CRC,cfrrbs,limma,in_silico,top25,0.5
healthy_CRC_0.5_20000000_rep4,0.352908737317978,EpiSCORE,CRC,cfrrbs,limma,in_silico,top25,0.5
healthy_CRC_0.5_20000000_rep5,0.318593308764509,EpiSCORE,CRC,cfrrbs,limma,in_silico,top25,0.5
healthy_CRC_0.5_20000000_rep6,0.350510346787137,EpiSCORE,CRC,cfrrbs,limma,in_silico,top25,0.5
healthy_CRC_0.5_20000000_rep7,0.39374746842835,EpiSCORE,CRC,cfrrbs,limma,in_silico,top25,0.5
healthy_CRC_0.5_20000000_rep8,0.32284468294919,EpiSCORE,CRC,cfrrbs,limma,in_silico,top25,0.5
healthy_CRC_0.5_20000000_rep9,0.343790052617613,EpiSCORE,CRC,cfrrbs,limma,in_silico,top25,0.5
healthy_CRC_0_20000000_rep1,0.0918071926216893,EpiSCORE,CRC,cfrrbs,limma,in_silico,top25,0
healthy_CRC_0_20000000_rep10,0.101713881937956,EpiSCORE,CRC,cfrrbs,limma,in_silico,top25,0
healthy_CRC_0_20000000_rep2,0.0719825779779302,EpiSCORE,CRC,cfrrbs,limma,in_silico,top25,0
healthy_CRC_0_20000000_rep3,0.0973183761182764,EpiSCORE,CRC,cfrrbs,limma,in_silico,top25,0
healthy_CRC_0_20000000_rep4,0.0475364645161115,EpiSCORE,CRC,cfrrbs,limma,in_silico,top25,0
healthy_CRC_0_20000000_rep5,0.0315939461424707,EpiSCORE,CRC,cfrrbs,limma,in_silico,top25,0
healthy_CRC_0_20000000_rep6,0.0550208246202434,EpiSCORE,CRC,cfrrbs,limma,in_silico,top25,0
healthy_CRC_0_20000000_rep7,0.0087149655236019,EpiSCORE,CRC,cfrrbs,limma,in_silico,top25,0
healthy_CRC_0_20000000_rep8,0.0515710748857742,EpiSCORE,CRC,cfrrbs,limma,in_silico,top25,0
healthy_CRC_0_20000000_rep9,0.0878495903514659,EpiSCORE,CRC,cfrrbs,limma,in_silico,top25,0
healthy_CRC_0.0001_20000000_rep1,0.0085,PRMeth,CRC,cfrrbs,limma,in_silico,top25,0.0001
healthy_CRC_0.0001_20000000_rep10,0.0,PRMeth,CRC,cfrrbs,limma,in_silico,top25,0.0001
healthy_CRC_0.0001_20000000_rep2,0.0,PRMeth,CRC,cfrrbs,limma,in_silico,top25,0.0001
healthy_CRC_0.0001_20000000_rep3,0.0182,PRMeth,CRC,cfrrbs,limma,in_silico,top25,0.0001
healthy_CRC_0.0001_20000000_rep4,0.0,PRMeth,CRC,cfrrbs,limma,in_silico,top25,0.0001
healthy_CRC_0.0001_20000000_rep5,0.0138,PRMeth,CRC,cfrrbs,limma,in_silico,top25,0.0001
healthy_CRC_0.0001_20000000_rep6,0.0,PRMeth,CRC,cfrrbs,limma,in_silico,top25,0.0001
healthy_CRC_0.0001_20000000_rep7,0.0,PRMeth,CRC,cfrrbs,limma,in_silico,top25,0.0001
healthy_CRC_0.0001_20000000_rep8,0.0,PRMeth,CRC,cfrrbs,limma,in_silico,top25,0.0001
healthy_CRC_0.0001_20000000_rep9,0.0206,PRMeth,CRC,cfrrbs,limma,in_silico,top25,0.0001
healthy_CRC_0.001_20000000_rep1,0.0068,PRMeth,CRC,cfrrbs,limma,in_silico,top25,0.001
healthy_CRC_0.001_20000000_rep10,0.0065,PRMeth,CRC,cfrrbs,limma,in_silico,top25,0.001
healthy_CRC_0.001_20000000_rep2,0.0031,PRMeth,CRC,cfrrbs,limma,in_silico,top25,0.001
healthy_CRC_0.001_20000000_rep3,0.0,PRMeth,CRC,cfrrbs,limma,in_silico,top25,0.001
healthy_CRC_0.001_20000000_rep4,0.0085,PRMeth,CRC,cfrrbs,limma,in_silico,top25,0.001
healthy_CRC_0.001_20000000_rep5,0.0,PRMeth,CRC,cfrrbs,limma,in_silico,top25,0.001
healthy_CRC_0.001_20000000_rep6,0.003,PRMeth,CRC,cfrrbs,limma,in_silico,top25,0.001
healthy_CRC_0.001_20000000_rep7,0.0,PRMeth,CRC,cfrrbs,limma,in_silico,top25,0.001
healthy_CRC_0.001_20000000_rep8,0.0068,PRMeth,CRC,cfrrbs,limma,in_silico,top25,0.001
healthy_CRC_0.001_20000000_rep9,0.0,PRMeth,CRC,cfrrbs,limma,in_silico,top25,0.001
healthy_CRC_0.003_20000000_rep1,0.0,PRMeth,CRC,cfrrbs,limma,in_silico,top25,0.003
healthy_CRC_0.003_20000000_rep10,0.0012,PRMeth,CRC,cfrrbs,limma,in_silico,top25,0.003
healthy_CRC_0.003_20000000_rep2,0.0,PRMeth,CRC,cfrrbs,limma,in_silico,top25,0.003
healthy_CRC_0.003_20000000_rep3,0.0,PRMeth,CRC,cfrrbs,limma,in_silico,top25,0.003
healthy_CRC_0.003_20000000_rep4,0.002,PRMeth,CRC,cfrrbs,limma,in_silico,top25,0.003
healthy_CRC_0.003_20000000_rep5,0.0,PRMeth,CRC,cfrrbs,limma,in_silico,top25,0.003
healthy_CRC_0.003_20000000_rep6,0.0,PRMeth,CRC,cfrrbs,limma,in_silico,top25,0.003
healthy_CRC_0.003_20000000_rep7,0.0024,PRMeth,CRC,cfrrbs,limma,in_silico,top25,0.003
healthy_CRC_0.003_20000000_rep8,0.0049,PRMeth,CRC,cfrrbs,limma,in_silico,top25,0.003
healthy_CRC_0.003_20000000_rep9,0.0,PRMeth,CRC,cfrrbs,limma,in_silico,top25,0.003
healthy_CRC_0.007_20000000_rep1,0.0213,PRMeth,CRC,cfrrbs,limma,in_silico,top25,0.007
healthy_CRC_0.007_20000000_rep10,0.019,PRMeth,CRC,cfrrbs,limma,in_silico,top25,0.007
healthy_CRC_0.007_20000000_rep2,0.0138,PRMeth,CRC,cfrrbs,limma,in_silico,top25,0.007
healthy_CRC_0.007_20000000_rep3,0.0076,PRMeth,CRC,cfrrbs,limma,in_silico,top25,0.007
healthy_CRC_0.007_20000000_rep4,0.0048,PRMeth,CRC,cfrrbs,limma,in_silico,top25,0.007
healthy_CRC_0.007_20000000_rep5,0.0007,PRMeth,CRC,cfrrbs,limma,in_silico,top25,0.007
healthy_CRC_0.007_20000000_rep6,0.0052,PRMeth,CRC,cfrrbs,limma,in_silico,top25,0.007
healthy_CRC_0.007_20000000_rep7,0.0082,PRMeth,CRC,cfrrbs,limma,in_silico,top25,0.007
healthy_CRC_0.007_20000000_rep8,0.0039,PRMeth,CRC,cfrrbs,limma,in_silico,top25,0.007
healthy_CRC_0.007_20000000_rep9,0.0,PRMeth,CRC,cfrrbs,limma,in_silico,top25,0.007
healthy_CRC_0.01_20000000_rep1,0.005,PRMeth,CRC,cfrrbs,limma,in_silico,top25,0.01
healthy_CRC_0.01_20000000_rep10,0.0019,PRMeth,CRC,cfrrbs,limma,in_silico,top25,0.01
healthy_CRC_0.01_20000000_rep2,0.0,PRMeth,CRC,cfrrbs,limma,in_silico,top25,0.01
healthy_CRC_0.01_20000000_rep3,0.005,PRMeth,CRC,cfrrbs,limma,in_silico,top25,0.01
healthy_CRC_0.01_20000000_rep4,0.0,PRMeth,CRC,cfrrbs,limma,in_silico,top25,0.01
healthy_CRC_0.01_20000000_rep5,0.0129,PRMeth,CRC,cfrrbs,limma,in_silico,top25,0.01
healthy_CRC_0.01_20000000_rep6,0.0176,PRMeth,CRC,cfrrbs,limma,in_silico,top25,0.01
healthy_CRC_0.01_20000000_rep7,0.0038,PRMeth,CRC,cfrrbs,limma,in_silico,top25,0.01
healthy_CRC_0.01_20000000_rep8,0.008,PRMeth,CRC,cfrrbs,limma,in_silico,top25,0.01
healthy_CRC_0.01_20000000_rep9,0.0114,PRMeth,CRC,cfrrbs,limma,in_silico,top25,0.01
healthy_CRC_0.025_20000000_rep1,0.0,PRMeth,CRC,cfrrbs,limma,in_silico,top25,0.025
healthy_CRC_0.025_20000000_rep10,0.0212,PRMeth,CRC,cfrrbs,limma,in_silico,top25,0.025
healthy_CRC_0.025_20000000_rep2,0.0168,PRMeth,CRC,cfrrbs,limma,in_silico,top25,0.025
healthy_CRC_0.025_20000000_rep3,0.0035,PRMeth,CRC,cfrrbs,limma,in_silico,top25,0.025
healthy_CRC_0.025_20000000_rep4,0.0255,PRMeth,CRC,cfrrbs,limma,in_silico,top25,0.025
healthy_CRC_0.025_20000000_rep5,0.0134,PRMeth,CRC,cfrrbs,limma,in_silico,top25,0.025
healthy_CRC_0.025_20000000_rep6,0.0252,PRMeth,CRC,cfrrbs,limma,in_silico,top25,0.025
healthy_CRC_0.025_20000000_rep7,0.0137,PRMeth,CRC,cfrrbs,limma,in_silico,top25,0.025
healthy_CRC_0.025_20000000_rep8,0.0009,PRMeth,CRC,cfrrbs,limma,in_silico,top25,0.025
healthy_CRC_0.025_20000000_rep9,0.0051,PRMeth,CRC,cfrrbs,limma,in_silico,top25,0.025
healthy_CRC_0.05_20000000_rep1,0.0394,PRMeth,CRC,cfrrbs,limma,in_silico,top25,0.05
healthy_CRC_0.05_20000000_rep10,0.0355,PRMeth,CRC,cfrrbs,limma,in_silico,top25,0.05
healthy_CRC_0.05_20000000_rep2,0.0353,PRMeth,CRC,cfrrbs,limma,in_silico,top25,0.05
healthy_CRC_0.05_20000000_rep3,0.0467,PRMeth,CRC,cfrrbs,limma,in_silico,top25,0.05
healthy_CRC_0.05_20000000_rep4,0.026,PRMeth,CRC,cfrrbs,limma,in_silico,top25,0.05
healthy_CRC_0.05_20000000_rep5,0.0274,PRMeth,CRC,cfrrbs,limma,in_silico,top25,0.05
healthy_CRC_0.05_20000000_rep6,0.0506,PRMeth,CRC,cfrrbs,limma,in_silico,top25,0.05
healthy_CRC_0.05_20000000_rep7,0.0451,PRMeth,CRC,cfrrbs,limma,in_silico,top25,0.05
healthy_CRC_0.05_20000000_rep8,0.0399,PRMeth,CRC,cfrrbs,limma,in_silico,top25,0.05
healthy_CRC_0.05_20000000_rep9,0.0363,PRMeth,CRC,cfrrbs,limma,in_silico,top25,0.05
healthy_CRC_0.1_20000000_rep1,0.0779,PRMeth,CRC,cfrrbs,limma,in_silico,top25,0.1
healthy_CRC_0.1_20000000_rep10,0.0727,PRMeth,CRC,cfrrbs,limma,in_silico,top25,0.1
healthy_CRC_0.1_20000000_rep2,0.068,PRMeth,CRC,cfrrbs,limma,in_silico,top25,0.1
healthy_CRC_0.1_20000000_rep3,0.0603,PRMeth,CRC,cfrrbs,limma,in_silico,top25,0.1
healthy_CRC_0.1_20000000_rep4,0.0644,PRMeth,CRC,cfrrbs,limma,in_silico,top25,0.1
healthy_CRC_0.1_20000000_rep5,0.0724,PRMeth,CRC,cfrrbs,limma,in_silico,top25,0.1
healthy_CRC_0.1_20000000_rep6,0.0559,PRMeth,CRC,cfrrbs,limma,in_silico,top25,0.1
healthy_CRC_0.1_20000000_rep7,0.0824,PRMeth,CRC,cfrrbs,limma,in_silico,top25,0.1
healthy_CRC_0.1_20000000_rep8,0.0748,PRMeth,CRC,cfrrbs,limma,in_silico,top25,0.1
healthy_CRC_0.1_20000000_rep9,0.0547,PRMeth,CRC,cfrrbs,limma,in_silico,top25,0.1
healthy_CRC_0.25_20000000_rep1,0.1565,PRMeth,CRC,cfrrbs,limma,in_silico,top25,0.25
healthy_CRC_0.25_20000000_rep10,0.1605,PRMeth,CRC,cfrrbs,limma,in_silico,top25,0.25
healthy_CRC_0.25_20000000_rep2,0.1635,PRMeth,CRC,cfrrbs,limma,in_silico,top25,0.25
healthy_CRC_0.25_20000000_rep3,0.1845,PRMeth,CRC,cfrrbs,limma,in_silico,top25,0.25
healthy_CRC_0.25_20000000_rep4,0.1634,PRMeth,CRC,cfrrbs,limma,in_silico,top25,0.25
healthy_CRC_0.25_20000000_rep5,0.1745,PRMeth,CRC,cfrrbs,limma,in_silico,top25,0.25
healthy_CRC_0.25_20000000_rep6,0.1843,PRMeth,CRC,cfrrbs,limma,in_silico,top25,0.25
healthy_CRC_0.25_20000000_rep7,0.1531,PRMeth,CRC,cfrrbs,limma,in_silico,top25,0.25
healthy_CRC_0.25_20000000_rep8,0.1519,PRMeth,CRC,cfrrbs,limma,in_silico,top25,0.25
healthy_CRC_0.25_20000000_rep9,0.1744,PRMeth,CRC,cfrrbs,limma,in_silico,top25,0.25
healthy_CRC_0.5_20000000_rep1,0.3428,PRMeth,CRC,cfrrbs,limma,in_silico,top25,0.5
healthy_CRC_0.5_20000000_rep10,0.3663,PRMeth,CRC,cfrrbs,limma,in_silico,top25,0.5
healthy_CRC_0.5_20000000_rep2,0.3518,PRMeth,CRC,cfrrbs,limma,in_silico,top25,0.5
healthy_CRC_0.5_20000000_rep3,0.3229,PRMeth,CRC,cfrrbs,limma,in_silico,top25,0.5
healthy_CRC_0.5_20000000_rep4,0.3634,PRMeth,CRC,cfrrbs,limma,in_silico,top25,0.5
healthy_CRC_0.5_20000000_rep5,0.3424,PRMeth,CRC,cfrrbs,limma,in_silico,top25,0.5
healthy_CRC_0.5_20000000_rep6,0.337,PRMeth,CRC,cfrrbs,limma,in_silico,top25,0.5
healthy_CRC_0.5_20000000_rep7,0.3517,PRMeth,CRC,cfrrbs,limma,in_silico,top25,0.5
healthy_CRC_0.5_20000000_rep8,0.3285,PRMeth,CRC,cfrrbs,limma,in_silico,top25,0.5
healthy_CRC_0.5_20000000_rep9,0.3348,PRMeth,CRC,cfrrbs,limma,in_silico,top25,0.5
healthy_CRC_0_20000000_rep1,0.0108,PRMeth,CRC,cfrrbs,limma,in_silico,top25,0
healthy_CRC_0_20000000_rep10,0.0017,PRMeth,CRC,cfrrbs,limma,in_silico,top25,0
healthy_CRC_0_20000000_rep2,0.0006,PRMeth,CRC,cfrrbs,limma,in_silico,top25,0
healthy_CRC_0_20000000_rep3,0.0057,PRMeth,CRC,cfrrbs,limma,in_silico,top25,0
healthy_CRC_0_20000000_rep4,0.0,PRMeth,CRC,cfrrbs,limma,in_silico,top25,0
healthy_CRC_0_20000000_rep5,0.0019,PRMeth,CRC,cfrrbs,limma,in_silico,top25,0
healthy_CRC_0_20000000_rep6,0.0,PRMeth,CRC,cfrrbs,limma,in_silico,top25,0
healthy_CRC_0_20000000_rep7,0.0,PRMeth,CRC,cfrrbs,limma,in_silico,top25,0
healthy_CRC_0_20000000_rep8,0.0002,PRMeth,CRC,cfrrbs,limma,in_silico,top25,0
healthy_CRC_0_20000000_rep9,0.009,PRMeth,CRC,cfrrbs,limma,in_silico,top25,0
healthy_CRC_0.0001_20000000_rep1,0.0495058282242372,CIBERSORT,CRC,cfrrbs,limma,in_silico,top25,0.0001
healthy_CRC_0.0001_20000000_rep10,0.0062484301775288,CIBERSORT,CRC,cfrrbs,limma,in_silico,top25,0.0001
healthy_CRC_0.0001_20000000_rep2,0.0,CIBERSORT,CRC,cfrrbs,limma,in_silico,top25,0.0001
healthy_CRC_0.0001_20000000_rep3,0.0749727981859315,CIBERSORT,CRC,cfrrbs,limma,in_silico,top25,0.0001
healthy_CRC_0.0001_20000000_rep4,0.020441809881659,CIBERSORT,CRC,cfrrbs,limma,in_silico,top25,0.0001
healthy_CRC_0.0001_20000000_rep5,0.0761631500070462,CIBERSORT,CRC,cfrrbs,limma,in_silico,top25,0.0001
healthy_CRC_0.0001_20000000_rep6,0.0525911279873745,CIBERSORT,CRC,cfrrbs,limma,in_silico,top25,0.0001
healthy_CRC_0.0001_20000000_rep7,0.0679530646722529,CIBERSORT,CRC,cfrrbs,limma,in_silico,top25,0.0001
healthy_CRC_0.0001_20000000_rep8,0.0219748392895414,CIBERSORT,CRC,cfrrbs,limma,in_silico,top25,0.0001
healthy_CRC_0.0001_20000000_rep9,0.0500101288371421,CIBERSORT,CRC,cfrrbs,limma,in_silico,top25,0.0001
healthy_CRC_0.001_20000000_rep1,0.0506692104389095,CIBERSORT,CRC,cfrrbs,limma,in_silico,top25,0.001
healthy_CRC_0.001_20000000_rep10,0.0862530899280403,CIBERSORT,CRC,cfrrbs,limma,in_silico,top25,0.001
healthy_CRC_0.001_20000000_rep2,0.0194799223040967,CIBERSORT,CRC,cfrrbs,limma,in_silico,top25,0.001
healthy_CRC_0.001_20000000_rep3,0.019921769436506,CIBERSORT,CRC,cfrrbs,limma,in_silico,top25,0.001
healthy_CRC_0.001_20000000_rep4,0.0463926267700746,CIBERSORT,CRC,cfrrbs,limma,in_silico,top25,0.001
healthy_CRC_0.001_20000000_rep5,0.0132541700209252,CIBERSORT,CRC,cfrrbs,limma,in_silico,top25,0.001
healthy_CRC_0.001_20000000_rep6,0.0489912224461502,CIBERSORT,CRC,cfrrbs,limma,in_silico,top25,0.001
healthy_CRC_0.001_20000000_rep7,0.0,CIBERSORT,CRC,cfrrbs,limma,in_silico,top25,0.001
healthy_CRC_0.001_20000000_rep8,0.103200861667782,CIBERSORT,CRC,cfrrbs,limma,in_silico,top25,0.001
healthy_CRC_0.001_20000000_rep9,0.0,CIBERSORT,CRC,cfrrbs,limma,in_silico,top25,0.001
healthy_CRC_0.003_20000000_rep1,0.0218266536446736,CIBERSORT,CRC,cfrrbs,limma,in_silico,top25,0.003
healthy_CRC_0.003_20000000_rep10,0.0139406084425383,CIBERSORT,CRC,cfrrbs,limma,in_silico,top25,0.003
healthy_CRC_0.003_20000000_rep2,0.0104385900292885,CIBERSORT,CRC,cfrrbs,limma,in_silico,top25,0.003
healthy_CRC_0.003_20000000_rep3,0.0,CIBERSORT,CRC,cfrrbs,limma,in_silico,top25,0.003
healthy_CRC_0.003_20000000_rep4,0.0853644357330858,CIBERSORT,CRC,cfrrbs,limma,in_silico,top25,0.003
healthy_CRC_0.003_20000000_rep5,0.0185880709536261,CIBERSORT,CRC,cfrrbs,limma,in_silico,top25,0.003
healthy_CRC_0.003_20000000_rep6,0.078280319986755,CIBERSORT,CRC,cfrrbs,limma,in_silico,top25,0.003
healthy_CRC_0.003_20000000_rep7,0.0654012348313686,CIBERSORT,CRC,cfrrbs,limma,in_silico,top25,0.003
healthy_CRC_0.003_20000000_rep8,0.0639746031179176,CIBERSORT,CRC,cfrrbs,limma,in_silico,top25,0.003
healthy_CRC_0.003_20000000_rep9,0.0130517595336213,CIBERSORT,CRC,cfrrbs,limma,in_silico,top25,0.003
healthy_CRC_0.007_20000000_rep1,0.0808783622892335,CIBERSORT,CRC,cfrrbs,limma,in_silico,top25,0.007
healthy_CRC_0.007_20000000_rep10,0.115087829916484,CIBERSORT,CRC,cfrrbs,limma,in_silico,top25,0.007
healthy_CRC_0.007_20000000_rep2,0.0392634117683186,CIBERSORT,CRC,cfrrbs,limma,in_silico,top25,0.007
healthy_CRC_0.007_20000000_rep3,0.0561221895035815,CIBERSORT,CRC,cfrrbs,limma,in_silico,top25,0.007
healthy_CRC_0.007_20000000_rep4,0.0589091053120825,CIBERSORT,CRC,cfrrbs,limma,in_silico,top25,0.007
healthy_CRC_0.007_20000000_rep5,0.0560822089275926,CIBERSORT,CRC,cfrrbs,limma,in_silico,top25,0.007
healthy_CRC_0.007_20000000_rep6,0.0013026023613015,CIBERSORT,CRC,cfrrbs,limma,in_silico,top25,0.007
healthy_CRC_0.007_20000000_rep7,0.0886708856011924,CIBERSORT,CRC,cfrrbs,limma,in_silico,top25,0.007
healthy_CRC_0.007_20000000_rep8,0.0,CIBERSORT,CRC,cfrrbs,limma,in_silico,top25,0.007
healthy_CRC_0.007_20000000_rep9,0.0,CIBERSORT,CRC,cfrrbs,limma,in_silico,top25,0.007
healthy_CRC_0.01_20000000_rep1,0.0,CIBERSORT,CRC,cfrrbs,limma,in_silico,top25,0.01
healthy_CRC_0.01_20000000_rep10,0.0266696039302578,CIBERSORT,CRC,cfrrbs,limma,in_silico,top25,0.01
healthy_CRC_0.01_20000000_rep2,0.0674938362575438,CIBERSORT,CRC,cfrrbs,limma,in_silico,top25,0.01
healthy_CRC_0.01_20000000_rep3,0.0492137335573892,CIBERSORT,CRC,cfrrbs,limma,in_silico,top25,0.01
healthy_CRC_0.01_20000000_rep4,0.033547532278666,CIBERSORT,CRC,cfrrbs,limma,in_silico,top25,0.01
healthy_CRC_0.01_20000000_rep5,0.0726677932967544,CIBERSORT,CRC,cfrrbs,limma,in_silico,top25,0.01
healthy_CRC_0.01_20000000_rep6,0.0906990469120799,CIBERSORT,CRC,cfrrbs,limma,in_silico,top25,0.01
healthy_CRC_0.01_20000000_rep7,0.0372571185473096,CIBERSORT,CRC,cfrrbs,limma,in_silico,top25,0.01
healthy_CRC_0.01_20000000_rep8,0.0523262802538108,CIBERSORT,CRC,cfrrbs,limma,in_silico,top25,0.01
healthy_CRC_0.01_20000000_rep9,0.0381283983272644,CIBERSORT,CRC,cfrrbs,limma,in_silico,top25,0.01
healthy_CRC_0.025_20000000_rep1,0.0,CIBERSORT,CRC,cfrrbs,limma,in_silico,top25,0.025
healthy_CRC_0.025_20000000_rep10,0.114782109181012,CIBERSORT,CRC,cfrrbs,limma,in_silico,top25,0.025
healthy_CRC_0.025_20000000_rep2,0.0492882808829119,CIBERSORT,CRC,cfrrbs,limma,in_silico,top25,0.025
healthy_CRC_0.025_20000000_rep3,0.0198491791927931,CIBERSORT,CRC,cfrrbs,limma,in_silico,top25,0.025
healthy_CRC_0.025_20000000_rep4,0.0144674470653681,CIBERSORT,CRC,cfrrbs,limma,in_silico,top25,0.025
healthy_CRC_0.025_20000000_rep5,0.002475766278292,CIBERSORT,CRC,cfrrbs,limma,in_silico,top25,0.025
healthy_CRC_0.025_20000000_rep6,0.109993085900397,CIBERSORT,CRC,cfrrbs,limma,in_silico,top25,0.025
healthy_CRC_0.025_20000000_rep7,0.0334548680401449,CIBERSORT,CRC,cfrrbs,limma,in_silico,top25,0.025
healthy_CRC_0.025_20000000_rep8,0.0,CIBERSORT,CRC,cfrrbs,limma,in_silico,top25,0.025
healthy_CRC_0.025_20000000_rep9,0.0,CIBERSORT,CRC,cfrrbs,limma,in_silico,top25,0.025
healthy_CRC_0.05_20000000_rep1,0.0163181643894179,CIBERSORT,CRC,cfrrbs,limma,in_silico,top25,0.05
healthy_CRC_0.05_20000000_rep10,0.105420270487772,CIBERSORT,CRC,cfrrbs,limma,in_silico,top25,0.05
healthy_CRC_0.05_20000000_rep2,0.112990435340759,CIBERSORT,CRC,cfrrbs,limma,in_silico,top25,0.05
healthy_CRC_0.05_20000000_rep3,0.0892397216759953,CIBERSORT,CRC,cfrrbs,limma,in_silico,top25,0.05
healthy_CRC_0.05_20000000_rep4,0.107701899745622,CIBERSORT,CRC,cfrrbs,limma,in_silico,top25,0.05
healthy_CRC_0.05_20000000_rep5,0.0253958803016035,CIBERSORT,CRC,cfrrbs,limma,in_silico,top25,0.05
healthy_CRC_0.05_20000000_rep6,0.0203167138834846,CIBERSORT,CRC,cfrrbs,limma,in_silico,top25,0.05
healthy_CRC_0.05_20000000_rep7,0.105322831547723,CIBERSORT,CRC,cfrrbs,limma,in_silico,top25,0.05
healthy_CRC_0.05_20000000_rep8,0.083505929956364,CIBERSORT,CRC,cfrrbs,limma,in_silico,top25,0.05
healthy_CRC_0.05_20000000_rep9,0.13124155569644,CIBERSORT,CRC,cfrrbs,limma,in_silico,top25,0.05
healthy_CRC_0.1_20000000_rep1,0.0673700920619149,CIBERSORT,CRC,cfrrbs,limma,in_silico,top25,0.1
healthy_CRC_0.1_20000000_rep10,0.125275218290029,CIBERSORT,CRC,cfrrbs,limma,in_silico,top25,0.1
healthy_CRC_0.1_20000000_rep2,0.0827134289464937,CIBERSORT,CRC,cfrrbs,limma,in_silico,top25,0.1
healthy_CRC_0.1_20000000_rep3,0.0563707674210817,CIBERSORT,CRC,cfrrbs,limma,in_silico,top25,0.1
healthy_CRC_0.1_20000000_rep4,0.0802026534119372,CIBERSORT,CRC,cfrrbs,limma,in_silico,top25,0.1
healthy_CRC_0.1_20000000_rep5,0.122274088197152,CIBERSORT,CRC,cfrrbs,limma,in_silico,top25,0.1
healthy_CRC_0.1_20000000_rep6,0.0673898865368666,CIBERSORT,CRC,cfrrbs,limma,in_silico,top25,0.1
healthy_CRC_0.1_20000000_rep7,0.125449914489381,CIBERSORT,CRC,cfrrbs,limma,in_silico,top25,0.1
healthy_CRC_0.1_20000000_rep8,0.0245100818395761,CIBERSORT,CRC,cfrrbs,limma,in_silico,top25,0.1
healthy_CRC_0.1_20000000_rep9,0.115160014633984,CIBERSORT,CRC,cfrrbs,limma,in_silico,top25,0.1
healthy_CRC_0.25_20000000_rep1,0.195698900252713,CIBERSORT,CRC,cfrrbs,limma,in_silico,top25,0.25
healthy_CRC_0.25_20000000_rep10,0.194159909333089,CIBERSORT,CRC,cfrrbs,limma,in_silico,top25,0.25
healthy_CRC_0.25_20000000_rep2,0.172442519218011,CIBERSORT,CRC,cfrrbs,limma,in_silico,top25,0.25
healthy_CRC_0.25_20000000_rep3,0.177686294666769,CIBERSORT,CRC,cfrrbs,limma,in_silico,top25,0.25
healthy_CRC_0.25_20000000_rep4,0.196710104417817,CIBERSORT,CRC,cfrrbs,limma,in_silico,top25,0.25
healthy_CRC_0.25_20000000_rep5,0.200080082832624,CIBERSORT,CRC,cfrrbs,limma,in_silico,top25,0.25
healthy_CRC_0.25_20000000_rep6,0.190130806164729,CIBERSORT,CRC,cfrrbs,limma,in_silico,top25,0.25
healthy_CRC_0.25_20000000_rep7,0.173737855650296,CIBERSORT,CRC,cfrrbs,limma,in_silico,top25,0.25
healthy_CRC_0.25_20000000_rep8,0.193542836984382,CIBERSORT,CRC,cfrrbs,limma,in_silico,top25,0.25
healthy_CRC_0.25_20000000_rep9,0.181475673776155,CIBERSORT,CRC,cfrrbs,limma,in_silico,top25,0.25
healthy_CRC_0.5_20000000_rep1,0.289646041266229,CIBERSORT,CRC,cfrrbs,limma,in_silico,top25,0.5
healthy_CRC_0.5_20000000_rep10,0.286981551946906,CIBERSORT,CRC,cfrrbs,limma,in_silico,top25,0.5
healthy_CRC_0.5_20000000_rep2,0.356151711377949,CIBERSORT,CRC,cfrrbs,limma,in_silico,top25,0.5
healthy_CRC_0.5_20000000_rep3,0.242740050400012,CIBERSORT,CRC,cfrrbs,limma,in_silico,top25,0.5
healthy_CRC_0.5_20000000_rep4,0.299599084930155,CIBERSORT,CRC,cfrrbs,limma,in_silico,top25,0.5
healthy_CRC_0.5_20000000_rep5,0.281744005563012,CIBERSORT,CRC,cfrrbs,limma,in_silico,top25,0.5
healthy_CRC_0.5_20000000_rep6,0.297740861690801,CIBERSORT,CRC,cfrrbs,limma,in_silico,top25,0.5
healthy_CRC_0.5_20000000_rep7,0.332076195939118,CIBERSORT,CRC,cfrrbs,limma,in_silico,top25,0.5
healthy_CRC_0.5_20000000_rep8,0.233985621101791,CIBERSORT,CRC,cfrrbs,limma,in_silico,top25,0.5
healthy_CRC_0.5_20000000_rep9,0.307339612654058,CIBERSORT,CRC,cfrrbs,limma,in_silico,top25,0.5
healthy_CRC_0_20000000_rep1,0.0860405825922145,CIBERSORT,CRC,cfrrbs,limma,in_silico,top25,0
healthy_CRC_0_20000000_rep10,0.0928123535380036,CIBERSORT,CRC,cfrrbs,limma,in_silico,top25,0
healthy_CRC_0_20000000_rep2,0.0550765968026681,CIBERSORT,CRC,cfrrbs,limma,in_silico,top25,0
healthy_CRC_0_20000000_rep3,0.074565915225699,CIBERSORT,CRC,cfrrbs,limma,in_silico,top25,0
healthy_CRC_0_20000000_rep4,0.0,CIBERSORT,CRC,cfrrbs,limma,in_silico,top25,0
healthy_CRC_0_20000000_rep5,0.0286337084956701,CIBERSORT,CRC,cfrrbs,limma,in_silico,top25,0
healthy_CRC_0_20000000_rep6,0.0893790247350835,CIBERSORT,CRC,cfrrbs,limma,in_silico,top25,0
healthy_CRC_0_20000000_rep7,0.0,CIBERSORT,CRC,cfrrbs,limma,in_silico,top25,0
healthy_CRC_0_20000000_rep8,0.0585479107120277,CIBERSORT,CRC,cfrrbs,limma,in_silico,top25,0
healthy_CRC_0_20000000_rep9,0.140879907719291,CIBERSORT,CRC,cfrrbs,limma,in_silico,top25,0
healthy_CRC_0.0001_20000000_rep1,0.0,Houseman_ineq,CRC,cfrrbs,limma,in_silico,top50,0.0001
healthy_CRC_0.0001_20000000_rep10,0.0,Houseman_ineq,CRC,cfrrbs,limma,in_silico,top50,0.0001
healthy_CRC_0.0001_20000000_rep2,-1.7347234759768098e-18,Houseman_ineq,CRC,cfrrbs,limma,in_silico,top50,0.0001
healthy_CRC_0.0001_20000000_rep3,0.0,Houseman_ineq,CRC,cfrrbs,limma,in_silico,top50,0.0001
healthy_CRC_0.0001_20000000_rep4,0.0,Houseman_ineq,CRC,cfrrbs,limma,in_silico,top50,0.0001
healthy_CRC_0.0001_20000000_rep5,0.0,Houseman_ineq,CRC,cfrrbs,limma,in_silico,top50,0.0001
healthy_CRC_0.0001_20000000_rep6,0.0,Houseman_ineq,CRC,cfrrbs,limma,in_silico,top50,0.0001
healthy_CRC_0.0001_20000000_rep7,0.0,Houseman_ineq,CRC,cfrrbs,limma,in_silico,top50,0.0001
healthy_CRC_0.0001_20000000_rep8,0.0,Houseman_ineq,CRC,cfrrbs,limma,in_silico,top50,0.0001
healthy_CRC_0.0001_20000000_rep9,0.0054693472949633,Houseman_ineq,CRC,cfrrbs,limma,in_silico,top50,0.0001
healthy_CRC_0.001_20000000_rep1,0.0,Houseman_ineq,CRC,cfrrbs,limma,in_silico,top50,0.001
healthy_CRC_0.001_20000000_rep10,0.0,Houseman_ineq,CRC,cfrrbs,limma,in_silico,top50,0.001
healthy_CRC_0.001_20000000_rep2,8.673617379884041e-19,Houseman_ineq,CRC,cfrrbs,limma,in_silico,top50,0.001
healthy_CRC_0.001_20000000_rep3,0.0,Houseman_ineq,CRC,cfrrbs,limma,in_silico,top50,0.001
healthy_CRC_0.001_20000000_rep4,0.0,Houseman_ineq,CRC,cfrrbs,limma,in_silico,top50,0.001
healthy_CRC_0.001_20000000_rep5,0.0,Houseman_ineq,CRC,cfrrbs,limma,in_silico,top50,0.001
healthy_CRC_0.001_20000000_rep6,0.0,Houseman_ineq,CRC,cfrrbs,limma,in_silico,top50,0.001
healthy_CRC_0.001_20000000_rep7,1.7347234759768098e-18,Houseman_ineq,CRC,cfrrbs,limma,in_silico,top50,0.001
healthy_CRC_0.001_20000000_rep8,0.0,Houseman_ineq,CRC,cfrrbs,limma,in_silico,top50,0.001
healthy_CRC_0.001_20000000_rep9,0.0,Houseman_ineq,CRC,cfrrbs,limma,in_silico,top50,0.001
healthy_CRC_0.003_20000000_rep1,0.0,Houseman_ineq,CRC,cfrrbs,limma,in_silico,top50,0.003
healthy_CRC_0.003_20000000_rep10,0.0,Houseman_ineq,CRC,cfrrbs,limma,in_silico,top50,0.003
healthy_CRC_0.003_20000000_rep2,0.0,Houseman_ineq,CRC,cfrrbs,limma,in_silico,top50,0.003
healthy_CRC_0.003_20000000_rep3,0.0,Houseman_ineq,CRC,cfrrbs,limma,in_silico,top50,0.003
healthy_CRC_0.003_20000000_rep4,0.0,Houseman_ineq,CRC,cfrrbs,limma,in_silico,top50,0.003
healthy_CRC_0.003_20000000_rep5,0.0,Houseman_ineq,CRC,cfrrbs,limma,in_silico,top50,0.003
healthy_CRC_0.003_20000000_rep6,0.0,Houseman_ineq,CRC,cfrrbs,limma,in_silico,top50,0.003
healthy_CRC_0.003_20000000_rep7,0.0,Houseman_ineq,CRC,cfrrbs,limma,in_silico,top50,0.003
healthy_CRC_0.003_20000000_rep8,0.0,Houseman_ineq,CRC,cfrrbs,limma,in_silico,top50,0.003
healthy_CRC_0.003_20000000_rep9,0.0,Houseman_ineq,CRC,cfrrbs,limma,in_silico,top50,0.003
healthy_CRC_0.007_20000000_rep1,0.0046308548558874,Houseman_ineq,CRC,cfrrbs,limma,in_silico,top50,0.007
healthy_CRC_0.007_20000000_rep10,0.0091268448535707,Houseman_ineq,CRC,cfrrbs,limma,in_silico,top50,0.007
healthy_CRC_0.007_20000000_rep2,0.0049361577526401,Houseman_ineq,CRC,cfrrbs,limma,in_silico,top50,0.007
healthy_CRC_0.007_20000000_rep3,0.0,Houseman_ineq,CRC,cfrrbs,limma,in_silico,top50,0.007
healthy_CRC_0.007_20000000_rep4,0.0,Houseman_ineq,CRC,cfrrbs,limma,in_silico,top50,0.007
healthy_CRC_0.007_20000000_rep5,0.0,Houseman_ineq,CRC,cfrrbs,limma,in_silico,top50,0.007
healthy_CRC_0.007_20000000_rep6,0.0,Houseman_ineq,CRC,cfrrbs,limma,in_silico,top50,0.007
healthy_CRC_0.007_20000000_rep7,0.005434128794606,Houseman_ineq,CRC,cfrrbs,limma,in_silico,top50,0.007
healthy_CRC_0.007_20000000_rep8,0.0,Houseman_ineq,CRC,cfrrbs,limma,in_silico,top50,0.007
healthy_CRC_0.007_20000000_rep9,0.0,Houseman_ineq,CRC,cfrrbs,limma,in_silico,top50,0.007
healthy_CRC_0.01_20000000_rep1,0.0,Houseman_ineq,CRC,cfrrbs,limma,in_silico,top50,0.01
healthy_CRC_0.01_20000000_rep10,0.0,Houseman_ineq,CRC,cfrrbs,limma,in_silico,top50,0.01
healthy_CRC_0.01_20000000_rep2,0.0064774042874841,Houseman_ineq,CRC,cfrrbs,limma,in_silico,top50,0.01
healthy_CRC_0.01_20000000_rep3,8.673617379884041e-19,Houseman_ineq,CRC,cfrrbs,limma,in_silico,top50,0.01
healthy_CRC_0.01_20000000_rep4,0.0,Houseman_ineq,CRC,cfrrbs,limma,in_silico,top50,0.01
healthy_CRC_0.01_20000000_rep5,0.0001258449536448,Houseman_ineq,CRC,cfrrbs,limma,in_silico,top50,0.01
healthy_CRC_0.01_20000000_rep6,0.0073861442935301,Houseman_ineq,CRC,cfrrbs,limma,in_silico,top50,0.01
healthy_CRC_0.01_20000000_rep7,0.000122644928419,Houseman_ineq,CRC,cfrrbs,limma,in_silico,top50,0.01
healthy_CRC_0.01_20000000_rep8,0.0001620089495313,Houseman_ineq,CRC,cfrrbs,limma,in_silico,top50,0.01
healthy_CRC_0.01_20000000_rep9,0.0029929402933913,Houseman_ineq,CRC,cfrrbs,limma,in_silico,top50,0.01
healthy_CRC_0.025_20000000_rep1,0.0,Houseman_ineq,CRC,cfrrbs,limma,in_silico,top50,0.025
healthy_CRC_0.025_20000000_rep10,0.0115943301641514,Houseman_ineq,CRC,cfrrbs,limma,in_silico,top50,0.025
healthy_CRC_0.025_20000000_rep2,0.0184404313599363,Houseman_ineq,CRC,cfrrbs,limma,in_silico,top50,0.025
healthy_CRC_0.025_20000000_rep3,0.0061127258441501,Houseman_ineq,CRC,cfrrbs,limma,in_silico,top50,0.025
healthy_CRC_0.025_20000000_rep4,0.0105566803922731,Houseman_ineq,CRC,cfrrbs,limma,in_silico,top50,0.025
healthy_CRC_0.025_20000000_rep5,0.008493127955829,Houseman_ineq,CRC,cfrrbs,limma,in_silico,top50,0.025
healthy_CRC_0.025_20000000_rep6,0.0165969574922587,Houseman_ineq,CRC,cfrrbs,limma,in_silico,top50,0.025
healthy_CRC_0.025_20000000_rep7,0.0036218370069614,Houseman_ineq,CRC,cfrrbs,limma,in_silico,top50,0.025
healthy_CRC_0.025_20000000_rep8,0.0,Houseman_ineq,CRC,cfrrbs,limma,in_silico,top50,0.025
healthy_CRC_0.025_20000000_rep9,0.0098179938658546,Houseman_ineq,CRC,cfrrbs,limma,in_silico,top50,0.025
healthy_CRC_0.05_20000000_rep1,0.0360639683067787,Houseman_ineq,CRC,cfrrbs,limma,in_silico,top50,0.05
healthy_CRC_0.05_20000000_rep10,0.0298366274659978,Houseman_ineq,CRC,cfrrbs,limma,in_silico,top50,0.05
healthy_CRC_0.05_20000000_rep2,0.0234884210137147,Houseman_ineq,CRC,cfrrbs,limma,in_silico,top50,0.05
healthy_CRC_0.05_20000000_rep3,0.0386614704860923,Houseman_ineq,CRC,cfrrbs,limma,in_silico,top50,0.05
healthy_CRC_0.05_20000000_rep4,0.0147021053907714,Houseman_ineq,CRC,cfrrbs,limma,in_silico,top50,0.05
healthy_CRC_0.05_20000000_rep5,0.0150706189033771,Houseman_ineq,CRC,cfrrbs,limma,in_silico,top50,0.05
healthy_CRC_0.05_20000000_rep6,0.0322223984712513,Houseman_ineq,CRC,cfrrbs,limma,in_silico,top50,0.05
healthy_CRC_0.05_20000000_rep7,0.0308155196885215,Houseman_ineq,CRC,cfrrbs,limma,in_silico,top50,0.05
healthy_CRC_0.05_20000000_rep8,0.0329088033199665,Houseman_ineq,CRC,cfrrbs,limma,in_silico,top50,0.05
healthy_CRC_0.05_20000000_rep9,0.028494545816926,Houseman_ineq,CRC,cfrrbs,limma,in_silico,top50,0.05
healthy_CRC_0.1_20000000_rep1,0.0709742166023913,Houseman_ineq,CRC,cfrrbs,limma,in_silico,top50,0.1
healthy_CRC_0.1_20000000_rep10,0.0613795475179545,Houseman_ineq,CRC,cfrrbs,limma,in_silico,top50,0.1
healthy_CRC_0.1_20000000_rep2,0.0621145131931985,Houseman_ineq,CRC,cfrrbs,limma,in_silico,top50,0.1
healthy_CRC_0.1_20000000_rep3,0.0594231978255715,Houseman_ineq,CRC,cfrrbs,limma,in_silico,top50,0.1
healthy_CRC_0.1_20000000_rep4,0.0613427116765264,Houseman_ineq,CRC,cfrrbs,limma,in_silico,top50,0.1
healthy_CRC_0.1_20000000_rep5,0.068864918823004,Houseman_ineq,CRC,cfrrbs,limma,in_silico,top50,0.1
healthy_CRC_0.1_20000000_rep6,0.0497055165807125,Houseman_ineq,CRC,cfrrbs,limma,in_silico,top50,0.1
healthy_CRC_0.1_20000000_rep7,0.0597487281923996,Houseman_ineq,CRC,cfrrbs,limma,in_silico,top50,0.1
healthy_CRC_0.1_20000000_rep8,0.0713176741793141,Houseman_ineq,CRC,cfrrbs,limma,in_silico,top50,0.1
healthy_CRC_0.1_20000000_rep9,0.0490510019592827,Houseman_ineq,CRC,cfrrbs,limma,in_silico,top50,0.1
healthy_CRC_0.25_20000000_rep1,0.156765098810008,Houseman_ineq,CRC,cfrrbs,limma,in_silico,top50,0.25
healthy_CRC_0.25_20000000_rep10,0.153713063870017,Houseman_ineq,CRC,cfrrbs,limma,in_silico,top50,0.25
healthy_CRC_0.25_20000000_rep2,0.161222244043937,Houseman_ineq,CRC,cfrrbs,limma,in_silico,top50,0.25
healthy_CRC_0.25_20000000_rep3,0.178540077417558,Houseman_ineq,CRC,cfrrbs,limma,in_silico,top50,0.25
healthy_CRC_0.25_20000000_rep4,0.156940924046285,Houseman_ineq,CRC,cfrrbs,limma,in_silico,top50,0.25
healthy_CRC_0.25_20000000_rep5,0.177742548817476,Houseman_ineq,CRC,cfrrbs,limma,in_silico,top50,0.25
healthy_CRC_0.25_20000000_rep6,0.175806592095545,Houseman_ineq,CRC,cfrrbs,limma,in_silico,top50,0.25
healthy_CRC_0.25_20000000_rep7,0.139617503206129,Houseman_ineq,CRC,cfrrbs,limma,in_silico,top50,0.25
healthy_CRC_0.25_20000000_rep8,0.168779957267972,Houseman_ineq,CRC,cfrrbs,limma,in_silico,top50,0.25
healthy_CRC_0.25_20000000_rep9,0.173408384205024,Houseman_ineq,CRC,cfrrbs,limma,in_silico,top50,0.25
healthy_CRC_0.5_20000000_rep1,0.345882147128176,Houseman_ineq,CRC,cfrrbs,limma,in_silico,top50,0.5
healthy_CRC_0.5_20000000_rep10,0.351931632367569,Houseman_ineq,CRC,cfrrbs,limma,in_silico,top50,0.5
healthy_CRC_0.5_20000000_rep2,0.333549760739775,Houseman_ineq,CRC,cfrrbs,limma,in_silico,top50,0.5
healthy_CRC_0.5_20000000_rep3,0.325194976029002,Houseman_ineq,CRC,cfrrbs,limma,in_silico,top50,0.5
healthy_CRC_0.5_20000000_rep4,0.349198924953303,Houseman_ineq,CRC,cfrrbs,limma,in_silico,top50,0.5
healthy_CRC_0.5_20000000_rep5,0.332588737562198,Houseman_ineq,CRC,cfrrbs,limma,in_silico,top50,0.5
healthy_CRC_0.5_20000000_rep6,0.332984272199521,Houseman_ineq,CRC,cfrrbs,limma,in_silico,top50,0.5
healthy_CRC_0.5_20000000_rep7,0.337148404090067,Houseman_ineq,CRC,cfrrbs,limma,in_silico,top50,0.5
healthy_CRC_0.5_20000000_rep8,0.325826962179189,Houseman_ineq,CRC,cfrrbs,limma,in_silico,top50,0.5
healthy_CRC_0.5_20000000_rep9,0.3189396136347,Houseman_ineq,CRC,cfrrbs,limma,in_silico,top50,0.5
healthy_CRC_0_20000000_rep1,0.0001371826213914,Houseman_ineq,CRC,cfrrbs,limma,in_silico,top50,0
healthy_CRC_0_20000000_rep10,0.0,Houseman_ineq,CRC,cfrrbs,limma,in_silico,top50,0
healthy_CRC_0_20000000_rep2,0.0,Houseman_ineq,CRC,cfrrbs,limma,in_silico,top50,0
healthy_CRC_0_20000000_rep3,0.0,Houseman_ineq,CRC,cfrrbs,limma,in_silico,top50,0
healthy_CRC_0_20000000_rep4,0.0,Houseman_ineq,CRC,cfrrbs,limma,in_silico,top50,0
healthy_CRC_0_20000000_rep5,0.0,Houseman_ineq,CRC,cfrrbs,limma,in_silico,top50,0
healthy_CRC_0_20000000_rep6,0.0,Houseman_ineq,CRC,cfrrbs,limma,in_silico,top50,0
healthy_CRC_0_20000000_rep7,-1.7347234759768098e-18,Houseman_ineq,CRC,cfrrbs,limma,in_silico,top50,0
healthy_CRC_0_20000000_rep8,0.0,Houseman_ineq,CRC,cfrrbs,limma,in_silico,top50,0
healthy_CRC_0_20000000_rep9,0.0,Houseman_ineq,CRC,cfrrbs,limma,in_silico,top50,0
healthy_CRC_0.0001_20000000_rep1,0.0043965577247435,Houseman_ineq,CRC,cfrrbs,limma,in_silico,top250,0.0001
healthy_CRC_0.0001_20000000_rep10,0.0,Houseman_ineq,CRC,cfrrbs,limma,in_silico,top250,0.0001
healthy_CRC_0.0001_20000000_rep2,0.0012875660587534,Houseman_ineq,CRC,cfrrbs,limma,in_silico,top250,0.0001
healthy_CRC_0.0001_20000000_rep3,0.0055419295405621,Houseman_ineq,CRC,cfrrbs,limma,in_silico,top250,0.0001
healthy_CRC_0.0001_20000000_rep4,0.0,Houseman_ineq,CRC,cfrrbs,limma,in_silico,top250,0.0001
healthy_CRC_0.0001_20000000_rep5,0.0020299048550645,Houseman_ineq,CRC,cfrrbs,limma,in_silico,top250,0.0001
healthy_CRC_0.0001_20000000_rep6,0.0006165359110664,Houseman_ineq,CRC,cfrrbs,limma,in_silico,top250,0.0001
healthy_CRC_0.0001_20000000_rep7,0.0005877253750756,Houseman_ineq,CRC,cfrrbs,limma,in_silico,top250,0.0001
healthy_CRC_0.0001_20000000_rep8,0.0059605526698498,Houseman_ineq,CRC,cfrrbs,limma,in_silico,top250,0.0001
healthy_CRC_0.0001_20000000_rep9,0.0044922329138914,Houseman_ineq,CRC,cfrrbs,limma,in_silico,top250,0.0001
healthy_CRC_0.001_20000000_rep1,0.0,Houseman_ineq,CRC,cfrrbs,limma,in_silico,top250,0.001
healthy_CRC_0.001_20000000_rep10,0.0014690112712759,Houseman_ineq,CRC,cfrrbs,limma,in_silico,top250,0.001
healthy_CRC_0.001_20000000_rep2,0.0,Houseman_ineq,CRC,cfrrbs,limma,in_silico,top250,0.001
healthy_CRC_0.001_20000000_rep3,0.0049307046878784,Houseman_ineq,CRC,cfrrbs,limma,in_silico,top250,0.001
healthy_CRC_0.001_20000000_rep4,0.000522882112978,Houseman_ineq,CRC,cfrrbs,limma,in_silico,top250,0.001
healthy_CRC_0.001_20000000_rep5,0.0051786593556001,Houseman_ineq,CRC,cfrrbs,limma,in_silico,top250,0.001
healthy_CRC_0.001_20000000_rep6,0.002796033201171,Houseman_ineq,CRC,cfrrbs,limma,in_silico,top250,0.001
healthy_CRC_0.001_20000000_rep7,0.0,Houseman_ineq,CRC,cfrrbs,limma,in_silico,top250,0.001
healthy_CRC_0.001_20000000_rep8,0.0075394097619797,Houseman_ineq,CRC,cfrrbs,limma,in_silico,top250,0.001
healthy_CRC_0.001_20000000_rep9,0.0011917783627693,Houseman_ineq,CRC,cfrrbs,limma,in_silico,top250,0.001
healthy_CRC_0.003_20000000_rep1,0.0,Houseman_ineq,CRC,cfrrbs,limma,in_silico,top250,0.003
healthy_CRC_0.003_20000000_rep10,0.0019465889776777,Houseman_ineq,CRC,cfrrbs,limma,in_silico,top250,0.003
healthy_CRC_0.003_20000000_rep2,0.0035374398983211,Houseman_ineq,CRC,cfrrbs,limma,in_silico,top250,0.003
healthy_CRC_0.003_20000000_rep3,0.0016707908986137,Houseman_ineq,CRC,cfrrbs,limma,in_silico,top250,0.003
healthy_CRC_0.003_20000000_rep4,0.0058966010883197,Houseman_ineq,CRC,cfrrbs,limma,in_silico,top250,0.003
healthy_CRC_0.003_20000000_rep5,0.0058292268364132,Houseman_ineq,CRC,cfrrbs,limma,in_silico,top250,0.003
healthy_CRC_0.003_20000000_rep6,0.0029808060323738,Houseman_ineq,CRC,cfrrbs,limma,in_silico,top250,0.003
healthy_CRC_0.003_20000000_rep7,0.0059695757275704,Houseman_ineq,CRC,cfrrbs,limma,in_silico,top250,0.003
healthy_CRC_0.003_20000000_rep8,0.0071034889051027,Houseman_ineq,CRC,cfrrbs,limma,in_silico,top250,0.003
healthy_CRC_0.003_20000000_rep9,0.0002495208587929,Houseman_ineq,CRC,cfrrbs,limma,in_silico,top250,0.003
healthy_CRC_0.007_20000000_rep1,0.0095388274259163,Houseman_ineq,CRC,cfrrbs,limma,in_silico,top250,0.007
healthy_CRC_0.007_20000000_rep10,0.0173841133234833,Houseman_ineq,CRC,cfrrbs,limma,in_silico,top250,0.007
healthy_CRC_0.007_20000000_rep2,0.017613967746334,Houseman_ineq,CRC,cfrrbs,limma,in_silico,top250,0.007
healthy_CRC_0.007_20000000_rep3,0.0105921916804013,Houseman_ineq,CRC,cfrrbs,limma,in_silico,top250,0.007
healthy_CRC_0.007_20000000_rep4,0.0112498931975907,Houseman_ineq,CRC,cfrrbs,limma,in_silico,top250,0.007
healthy_CRC_0.007_20000000_rep5,0.0007053537162568,Houseman_ineq,CRC,cfrrbs,limma,in_silico,top250,0.007
healthy_CRC_0.007_20000000_rep6,0.0096145471606351,Houseman_ineq,CRC,cfrrbs,limma,in_silico,top250,0.007
healthy_CRC_0.007_20000000_rep7,0.0103620983267328,Houseman_ineq,CRC,cfrrbs,limma,in_silico,top250,0.007
healthy_CRC_0.007_20000000_rep8,0.0,Houseman_ineq,CRC,cfrrbs,limma,in_silico,top250,0.007
healthy_CRC_0.007_20000000_rep9,0.0,Houseman_ineq,CRC,cfrrbs,limma,in_silico,top250,0.007
healthy_CRC_0.01_20000000_rep1,0.0101309804451243,Houseman_ineq,CRC,cfrrbs,limma,in_silico,top250,0.01
healthy_CRC_0.01_20000000_rep10,0.0020304087649319,Houseman_ineq,CRC,cfrrbs,limma,in_silico,top250,0.01
healthy_CRC_0.01_20000000_rep2,0.0062657172768696,Houseman_ineq,CRC,cfrrbs,limma,in_silico,top250,0.01
healthy_CRC_0.01_20000000_rep3,0.0072629344892001,Houseman_ineq,CRC,cfrrbs,limma,in_silico,top250,0.01
healthy_CRC_0.01_20000000_rep4,0.0075200407581375,Houseman_ineq,CRC,cfrrbs,limma,in_silico,top250,0.01
healthy_CRC_0.01_20000000_rep5,0.0132229686499575,Houseman_ineq,CRC,cfrrbs,limma,in_silico,top250,0.01
healthy_CRC_0.01_20000000_rep6,0.013513986932047,Houseman_ineq,CRC,cfrrbs,limma,in_silico,top250,0.01
healthy_CRC_0.01_20000000_rep7,0.0070630978210747,Houseman_ineq,CRC,cfrrbs,limma,in_silico,top250,0.01
healthy_CRC_0.01_20000000_rep8,0.0073680504901214,Houseman_ineq,CRC,cfrrbs,limma,in_silico,top250,0.01
healthy_CRC_0.01_20000000_rep9,0.0088019596207447,Houseman_ineq,CRC,cfrrbs,limma,in_silico,top250,0.01
healthy_CRC_0.025_20000000_rep1,0.0117178535646799,Houseman_ineq,CRC,cfrrbs,limma,in_silico,top250,0.025
healthy_CRC_0.025_20000000_rep10,0.0160933538292235,Houseman_ineq,CRC,cfrrbs,limma,in_silico,top250,0.025
healthy_CRC_0.025_20000000_rep2,0.0259665036605737,Houseman_ineq,CRC,cfrrbs,limma,in_silico,top250,0.025
healthy_CRC_0.025_20000000_rep3,0.0130360669442604,Houseman_ineq,CRC,cfrrbs,limma,in_silico,top250,0.025
healthy_CRC_0.025_20000000_rep4,0.0141347081007662,Houseman_ineq,CRC,cfrrbs,limma,in_silico,top250,0.025
healthy_CRC_0.025_20000000_rep5,0.022229015859654,Houseman_ineq,CRC,cfrrbs,limma,in_silico,top250,0.025
healthy_CRC_0.025_20000000_rep6,0.0197865061303952,Houseman_ineq,CRC,cfrrbs,limma,in_silico,top250,0.025
healthy_CRC_0.025_20000000_rep7,0.0185744309456625,Houseman_ineq,CRC,cfrrbs,limma,in_silico,top250,0.025
healthy_CRC_0.025_20000000_rep8,0.0172581489247053,Houseman_ineq,CRC,cfrrbs,limma,in_silico,top250,0.025
healthy_CRC_0.025_20000000_rep9,0.0202222711774508,Houseman_ineq,CRC,cfrrbs,limma,in_silico,top250,0.025
healthy_CRC_0.05_20000000_rep1,0.0345464103629698,Houseman_ineq,CRC,cfrrbs,limma,in_silico,top250,0.05
healthy_CRC_0.05_20000000_rep10,0.0323411836061173,Houseman_ineq,CRC,cfrrbs,limma,in_silico,top250,0.05
healthy_CRC_0.05_20000000_rep2,0.0293392192829228,Houseman_ineq,CRC,cfrrbs,limma,in_silico,top250,0.05
healthy_CRC_0.05_20000000_rep3,0.0390746733157523,Houseman_ineq,CRC,cfrrbs,limma,in_silico,top250,0.05
healthy_CRC_0.05_20000000_rep4,0.0216119843465897,Houseman_ineq,CRC,cfrrbs,limma,in_silico,top250,0.05
healthy_CRC_0.05_20000000_rep5,0.0284579959902823,Houseman_ineq,CRC,cfrrbs,limma,in_silico,top250,0.05
healthy_CRC_0.05_20000000_rep6,0.031388868991637,Houseman_ineq,CRC,cfrrbs,limma,in_silico,top250,0.05
healthy_CRC_0.05_20000000_rep7,0.0386611447432804,Houseman_ineq,CRC,cfrrbs,limma,in_silico,top250,0.05
healthy_CRC_0.05_20000000_rep8,0.0305576678321196,Houseman_ineq,CRC,cfrrbs,limma,in_silico,top250,0.05
healthy_CRC_0.05_20000000_rep9,0.0358583076442819,Houseman_ineq,CRC,cfrrbs,limma,in_silico,top250,0.05
healthy_CRC_0.1_20000000_rep1,0.0636865019247029,Houseman_ineq,CRC,cfrrbs,limma,in_silico,top250,0.1
healthy_CRC_0.1_20000000_rep10,0.0645228853460221,Houseman_ineq,CRC,cfrrbs,limma,in_silico,top250,0.1
healthy_CRC_0.1_20000000_rep2,0.0575730787224468,Houseman_ineq,CRC,cfrrbs,limma,in_silico,top250,0.1
healthy_CRC_0.1_20000000_rep3,0.0683214639329619,Houseman_ineq,CRC,cfrrbs,limma,in_silico,top250,0.1
healthy_CRC_0.1_20000000_rep4,0.0619777023149957,Houseman_ineq,CRC,cfrrbs,limma,in_silico,top250,0.1
healthy_CRC_0.1_20000000_rep5,0.0689394511665395,Houseman_ineq,CRC,cfrrbs,limma,in_silico,top250,0.1
healthy_CRC_0.1_20000000_rep6,0.0577135836654668,Houseman_ineq,CRC,cfrrbs,limma,in_silico,top250,0.1
healthy_CRC_0.1_20000000_rep7,0.058069151797876,Houseman_ineq,CRC,cfrrbs,limma,in_silico,top250,0.1
healthy_CRC_0.1_20000000_rep8,0.0667329910618329,Houseman_ineq,CRC,cfrrbs,limma,in_silico,top250,0.1
healthy_CRC_0.1_20000000_rep9,0.0569752935067265,Houseman_ineq,CRC,cfrrbs,limma,in_silico,top250,0.1
healthy_CRC_0.25_20000000_rep1,0.148602662218073,Houseman_ineq,CRC,cfrrbs,limma,in_silico,top250,0.25
healthy_CRC_0.25_20000000_rep10,0.154008557037506,Houseman_ineq,CRC,cfrrbs,limma,in_silico,top250,0.25
healthy_CRC_0.25_20000000_rep2,0.153117527068389,Houseman_ineq,CRC,cfrrbs,limma,in_silico,top250,0.25
healthy_CRC_0.25_20000000_rep3,0.163475155988839,Houseman_ineq,CRC,cfrrbs,limma,in_silico,top250,0.25
healthy_CRC_0.25_20000000_rep4,0.149461191318681,Houseman_ineq,CRC,cfrrbs,limma,in_silico,top250,0.25
healthy_CRC_0.25_20000000_rep5,0.155720360422757,Houseman_ineq,CRC,cfrrbs,limma,in_silico,top250,0.25
healthy_CRC_0.25_20000000_rep6,0.160230978380351,Houseman_ineq,CRC,cfrrbs,limma,in_silico,top250,0.25
healthy_CRC_0.25_20000000_rep7,0.15358252360416,Houseman_ineq,CRC,cfrrbs,limma,in_silico,top250,0.25
healthy_CRC_0.25_20000000_rep8,0.159344648030818,Houseman_ineq,CRC,cfrrbs,limma,in_silico,top250,0.25
healthy_CRC_0.25_20000000_rep9,0.156860158870199,Houseman_ineq,CRC,cfrrbs,limma,in_silico,top250,0.25
healthy_CRC_0.5_20000000_rep1,0.323209022489256,Houseman_ineq,CRC,cfrrbs,limma,in_silico,top250,0.5
healthy_CRC_0.5_20000000_rep10,0.331162079651278,Houseman_ineq,CRC,cfrrbs,limma,in_silico,top250,0.5
healthy_CRC_0.5_20000000_rep2,0.314494071455701,Houseman_ineq,CRC,cfrrbs,limma,in_silico,top250,0.5
healthy_CRC_0.5_20000000_rep3,0.322920497117436,Houseman_ineq,CRC,cfrrbs,limma,in_silico,top250,0.5
healthy_CRC_0.5_20000000_rep4,0.319992648017554,Houseman_ineq,CRC,cfrrbs,limma,in_silico,top250,0.5
healthy_CRC_0.5_20000000_rep5,0.319418800776849,Houseman_ineq,CRC,cfrrbs,limma,in_silico,top250,0.5
healthy_CRC_0.5_20000000_rep6,0.318187546745072,Houseman_ineq,CRC,cfrrbs,limma,in_silico,top250,0.5
healthy_CRC_0.5_20000000_rep7,0.317723570540827,Houseman_ineq,CRC,cfrrbs,limma,in_silico,top250,0.5
healthy_CRC_0.5_20000000_rep8,0.310798598779749,Houseman_ineq,CRC,cfrrbs,limma,in_silico,top250,0.5
healthy_CRC_0.5_20000000_rep9,0.316418214870964,Houseman_ineq,CRC,cfrrbs,limma,in_silico,top250,0.5
healthy_CRC_0_20000000_rep1,0.0102971217599796,Houseman_ineq,CRC,cfrrbs,limma,in_silico,top250,0
healthy_CRC_0_20000000_rep10,0.0039118520292234,Houseman_ineq,CRC,cfrrbs,limma,in_silico,top250,0
healthy_CRC_0_20000000_rep2,0.0,Houseman_ineq,CRC,cfrrbs,limma,in_silico,top250,0
healthy_CRC_0_20000000_rep3,0.0025505459837413,Houseman_ineq,CRC,cfrrbs,limma,in_silico,top250,0
healthy_CRC_0_20000000_rep4,0.0021573880923221,Houseman_ineq,CRC,cfrrbs,limma,in_silico,top250,0
healthy_CRC_0_20000000_rep5,0.0010935386485076,Houseman_ineq,CRC,cfrrbs,limma,in_silico,top250,0
healthy_CRC_0_20000000_rep6,0.0057575834398081,Houseman_ineq,CRC,cfrrbs,limma,in_silico,top250,0
healthy_CRC_0_20000000_rep7,0.0020521451897977,Houseman_ineq,CRC,cfrrbs,limma,in_silico,top250,0
healthy_CRC_0_20000000_rep8,0.0068474621275019,Houseman_ineq,CRC,cfrrbs,limma,in_silico,top250,0
healthy_CRC_0_20000000_rep9,0.0027977179880068,Houseman_ineq,CRC,cfrrbs,limma,in_silico,top250,0
healthy_CRC_0.0001_20000000_rep1,0.993,MetDecode,CRC,cfrrbs,limma,in_silico,top100,0.0001
healthy_CRC_0.0001_20000000_rep10,0.998,MetDecode,CRC,cfrrbs,limma,in_silico,top100,0.0001
healthy_CRC_0.0001_20000000_rep2,1.0,MetDecode,CRC,cfrrbs,limma,in_silico,top100,0.0001
healthy_CRC_0.0001_20000000_rep3,1.0,MetDecode,CRC,cfrrbs,limma,in_silico,top100,0.0001
healthy_CRC_0.0001_20000000_rep4,1.0,MetDecode,CRC,cfrrbs,limma,in_silico,top100,0.0001
healthy_CRC_0.0001_20000000_rep5,0.998,MetDecode,CRC,cfrrbs,limma,in_silico,top100,0.0001
healthy_CRC_0.0001_20000000_rep6,1.0,MetDecode,CRC,cfrrbs,limma,in_silico,top100,0.0001
healthy_CRC_0.0001_20000000_rep7,0.999,MetDecode,CRC,cfrrbs,limma,in_silico,top100,0.0001
healthy_CRC_0.0001_20000000_rep8,1.0,MetDecode,CRC,cfrrbs,limma,in_silico,top100,0.0001
healthy_CRC_0.0001_20000000_rep9,0.994,MetDecode,CRC,cfrrbs,limma,in_silico,top100,0.0001
healthy_CRC_0.001_20000000_rep1,0.995,MetDecode,CRC,cfrrbs,limma,in_silico,top100,0.001
healthy_CRC_0.001_20000000_rep10,0.997,MetDecode,CRC,cfrrbs,limma,in_silico,top100,0.001
healthy_CRC_0.001_20000000_rep2,0.997,MetDecode,CRC,cfrrbs,limma,in_silico,top100,0.001
healthy_CRC_0.001_20000000_rep3,0.997,MetDecode,CRC,cfrrbs,limma,in_silico,top100,0.001
healthy_CRC_0.001_20000000_rep4,0.999,MetDecode,CRC,cfrrbs,limma,in_silico,top100,0.001
healthy_CRC_0.001_20000000_rep5,0.998,MetDecode,CRC,cfrrbs,limma,in_silico,top100,0.001
healthy_CRC_0.001_20000000_rep6,0.997,MetDecode,CRC,cfrrbs,limma,in_silico,top100,0.001
healthy_CRC_0.001_20000000_rep7,1.0,MetDecode,CRC,cfrrbs,limma,in_silico,top100,0.001
healthy_CRC_0.001_20000000_rep8,0.996,MetDecode,CRC,cfrrbs,limma,in_silico,top100,0.001
healthy_CRC_0.001_20000000_rep9,1.0,MetDecode,CRC,cfrrbs,limma,in_silico,top100,0.001
healthy_CRC_0.003_20000000_rep1,0.996,MetDecode,CRC,cfrrbs,limma,in_silico,top100,0.003
healthy_CRC_0.003_20000000_rep10,0.997,MetDecode,CRC,cfrrbs,limma,in_silico,top100,0.003
healthy_CRC_0.003_20000000_rep2,0.997,MetDecode,CRC,cfrrbs,limma,in_silico,top100,0.003
healthy_CRC_0.003_20000000_rep3,0.997,MetDecode,CRC,cfrrbs,limma,in_silico,top100,0.003
healthy_CRC_0.003_20000000_rep4,0.995,MetDecode,CRC,cfrrbs,limma,in_silico,top100,0.003
healthy_CRC_0.003_20000000_rep5,0.998,MetDecode,CRC,cfrrbs,limma,in_silico,top100,0.003
healthy_CRC_0.003_20000000_rep6,0.999,MetDecode,CRC,cfrrbs,limma,in_silico,top100,0.003
healthy_CRC_0.003_20000000_rep7,0.998,MetDecode,CRC,cfrrbs,limma,in_silico,top100,0.003
healthy_CRC_0.003_20000000_rep8,0.993,MetDecode,CRC,cfrrbs,limma,in_silico,top100,0.003
healthy_CRC_0.003_20000000_rep9,0.998,MetDecode,CRC,cfrrbs,limma,in_silico,top100,0.003
healthy_CRC_0.007_20000000_rep1,0.997,MetDecode,CRC,cfrrbs,limma,in_silico,top100,0.007
healthy_CRC_0.007_20000000_rep10,0.99,MetDecode,CRC,cfrrbs,limma,in_silico,top100,0.007
healthy_CRC_0.007_20000000_rep2,0.992,MetDecode,CRC,cfrrbs,limma,in_silico,top100,0.007
healthy_CRC_0.007_20000000_rep3,0.996,MetDecode,CRC,cfrrbs,limma,in_silico,top100,0.007
healthy_CRC_0.007_20000000_rep4,0.999,MetDecode,CRC,cfrrbs,limma,in_silico,top100,0.007
healthy_CRC_0.007_20000000_rep5,0.999,MetDecode,CRC,cfrrbs,limma,in_silico,top100,0.007
healthy_CRC_0.007_20000000_rep6,0.995,MetDecode,CRC,cfrrbs,limma,in_silico,top100,0.007
healthy_CRC_0.007_20000000_rep7,0.994,MetDecode,CRC,cfrrbs,limma,in_silico,top100,0.007
healthy_CRC_0.007_20000000_rep8,0.998,MetDecode,CRC,cfrrbs,limma,in_silico,top100,0.007
healthy_CRC_0.007_20000000_rep9,0.997,MetDecode,CRC,cfrrbs,limma,in_silico,top100,0.007
healthy_CRC_0.01_20000000_rep1,1.0,MetDecode,CRC,cfrrbs,limma,in_silico,top100,0.01
healthy_CRC_0.01_20000000_rep10,0.999,MetDecode,CRC,cfrrbs,limma,in_silico,top100,0.01
healthy_CRC_0.01_20000000_rep2,0.999,MetDecode,CRC,cfrrbs,limma,in_silico,top100,0.01
healthy_CRC_0.01_20000000_rep3,1.0,MetDecode,CRC,cfrrbs,limma,in_silico,top100,0.01
healthy_CRC_0.01_20000000_rep4,0.996,MetDecode,CRC,cfrrbs,limma,in_silico,top100,0.01
healthy_CRC_0.01_20000000_rep5,0.995,MetDecode,CRC,cfrrbs,limma,in_silico,top100,0.01
healthy_CRC_0.01_20000000_rep6,0.992,MetDecode,CRC,cfrrbs,limma,in_silico,top100,0.01
healthy_CRC_0.01_20000000_rep7,0.993,MetDecode,CRC,cfrrbs,limma,in_silico,top100,0.01
healthy_CRC_0.01_20000000_rep8,0.997,MetDecode,CRC,cfrrbs,limma,in_silico,top100,0.01
healthy_CRC_0.01_20000000_rep9,0.992,MetDecode,CRC,cfrrbs,limma,in_silico,top100,0.01
healthy_CRC_0.025_20000000_rep1,0.988,MetDecode,CRC,cfrrbs,limma,in_silico,top100,0.025
healthy_CRC_0.025_20000000_rep10,0.99,MetDecode,CRC,cfrrbs,limma,in_silico,top100,0.025
healthy_CRC_0.025_20000000_rep2,0.968,MetDecode,CRC,cfrrbs,limma,in_silico,top100,0.025
healthy_CRC_0.025_20000000_rep3,0.982,MetDecode,CRC,cfrrbs,limma,in_silico,top100,0.025
healthy_CRC_0.025_20000000_rep4,0.979,MetDecode,CRC,cfrrbs,limma,in_silico,top100,0.025
healthy_CRC_0.025_20000000_rep5,0.975,MetDecode,CRC,cfrrbs,limma,in_silico,top100,0.025
healthy_CRC_0.025_20000000_rep6,0.98,MetDecode,CRC,cfrrbs,limma,in_silico,top100,0.025
healthy_CRC_0.025_20000000_rep7,0.975,MetDecode,CRC,cfrrbs,limma,in_silico,top100,0.025
healthy_CRC_0.025_20000000_rep8,0.988,MetDecode,CRC,cfrrbs,limma,in_silico,top100,0.025
healthy_CRC_0.025_20000000_rep9,0.977,MetDecode,CRC,cfrrbs,limma,in_silico,top100,0.025
healthy_CRC_0.05_20000000_rep1,0.955,MetDecode,CRC,cfrrbs,limma,in_silico,top100,0.05
healthy_CRC_0.05_20000000_rep10,0.961,MetDecode,CRC,cfrrbs,limma,in_silico,top100,0.05
healthy_CRC_0.05_20000000_rep2,0.956,MetDecode,CRC,cfrrbs,limma,in_silico,top100,0.05
healthy_CRC_0.05_20000000_rep3,0.959,MetDecode,CRC,cfrrbs,limma,in_silico,top100,0.05
healthy_CRC_0.05_20000000_rep4,0.963,MetDecode,CRC,cfrrbs,limma,in_silico,top100,0.05
healthy_CRC_0.05_20000000_rep5,0.964,MetDecode,CRC,cfrrbs,limma,in_silico,top100,0.05
healthy_CRC_0.05_20000000_rep6,0.948,MetDecode,CRC,cfrrbs,limma,in_silico,top100,0.05
healthy_CRC_0.05_20000000_rep7,0.956,MetDecode,CRC,cfrrbs,limma,in_silico,top100,0.05
healthy_CRC_0.05_20000000_rep8,0.95,MetDecode,CRC,cfrrbs,limma,in_silico,top100,0.05
healthy_CRC_0.05_20000000_rep9,0.957,MetDecode,CRC,cfrrbs,limma,in_silico,top100,0.05
healthy_CRC_0.1_20000000_rep1,0.907,MetDecode,CRC,cfrrbs,limma,in_silico,top100,0.1
healthy_CRC_0.1_20000000_rep10,0.904,MetDecode,CRC,cfrrbs,limma,in_silico,top100,0.1
healthy_CRC_0.1_20000000_rep2,0.911,MetDecode,CRC,cfrrbs,limma,in_silico,top100,0.1
healthy_CRC_0.1_20000000_rep3,0.903,MetDecode,CRC,cfrrbs,limma,in_silico,top100,0.1
healthy_CRC_0.1_20000000_rep4,0.915,MetDecode,CRC,cfrrbs,limma,in_silico,top100,0.1
healthy_CRC_0.1_20000000_rep5,0.89,MetDecode,CRC,cfrrbs,limma,in_silico,top100,0.1
healthy_CRC_0.1_20000000_rep6,0.91,MetDecode,CRC,cfrrbs,limma,in_silico,top100,0.1
healthy_CRC_0.1_20000000_rep7,0.898,MetDecode,CRC,cfrrbs,limma,in_silico,top100,0.1
healthy_CRC_0.1_20000000_rep8,0.892,MetDecode,CRC,cfrrbs,limma,in_silico,top100,0.1
healthy_CRC_0.1_20000000_rep9,0.911,MetDecode,CRC,cfrrbs,limma,in_silico,top100,0.1
healthy_CRC_0.25_20000000_rep1,0.762,MetDecode,CRC,cfrrbs,limma,in_silico,top100,0.25
healthy_CRC_0.25_20000000_rep10,0.774,MetDecode,CRC,cfrrbs,limma,in_silico,top100,0.25
healthy_CRC_0.25_20000000_rep2,0.774,MetDecode,CRC,cfrrbs,limma,in_silico,top100,0.25
healthy_CRC_0.25_20000000_rep3,0.782,MetDecode,CRC,cfrrbs,limma,in_silico,top100,0.25
healthy_CRC_0.25_20000000_rep4,0.791,MetDecode,CRC,cfrrbs,limma,in_silico,top100,0.25
healthy_CRC_0.25_20000000_rep5,0.742,MetDecode,CRC,cfrrbs,limma,in_silico,top100,0.25
healthy_CRC_0.25_20000000_rep6,0.757,MetDecode,CRC,cfrrbs,limma,in_silico,top100,0.25
healthy_CRC_0.25_20000000_rep7,0.774,MetDecode,CRC,cfrrbs,limma,in_silico,top100,0.25
healthy_CRC_0.25_20000000_rep8,0.786,MetDecode,CRC,cfrrbs,limma,in_silico,top100,0.25
healthy_CRC_0.25_20000000_rep9,0.759,MetDecode,CRC,cfrrbs,limma,in_silico,top100,0.25
healthy_CRC_0.5_20000000_rep1,0.539,MetDecode,CRC,cfrrbs,limma,in_silico,top100,0.5
healthy_CRC_0.5_20000000_rep10,0.541,MetDecode,CRC,cfrrbs,limma,in_silico,top100,0.5
healthy_CRC_0.5_20000000_rep2,0.545,MetDecode,CRC,cfrrbs,limma,in_silico,top100,0.5
healthy_CRC_0.5_20000000_rep3,0.552,MetDecode,CRC,cfrrbs,limma,in_silico,top100,0.5
healthy_CRC_0.5_20000000_rep4,0.539,MetDecode,CRC,cfrrbs,limma,in_silico,top100,0.5
healthy_CRC_0.5_20000000_rep5,0.546,MetDecode,CRC,cfrrbs,limma,in_silico,top100,0.5
healthy_CRC_0.5_20000000_rep6,0.55,MetDecode,CRC,cfrrbs,limma,in_silico,top100,0.5
healthy_CRC_0.5_20000000_rep7,0.527,MetDecode,CRC,cfrrbs,limma,in_silico,top100,0.5
healthy_CRC_0.5_20000000_rep8,0.564,MetDecode,CRC,cfrrbs,limma,in_silico,top100,0.5
healthy_CRC_0.5_20000000_rep9,0.542,MetDecode,CRC,cfrrbs,limma,in_silico,top100,0.5
healthy_CRC_0_20000000_rep1,0.999,MetDecode,CRC,cfrrbs,limma,in_silico,top100,0
healthy_CRC_0_20000000_rep10,0.997,MetDecode,CRC,cfrrbs,limma,in_silico,top100,0
healthy_CRC_0_20000000_rep2,0.999,MetDecode,CRC,cfrrbs,limma,in_silico,top100,0
healthy_CRC_0_20000000_rep3,0.998,MetDecode,CRC,cfrrbs,limma,in_silico,top100,0
healthy_CRC_0_20000000_rep4,1.0,MetDecode,CRC,cfrrbs,limma,in_silico,top100,0
healthy_CRC_0_20000000_rep5,0.999,MetDecode,CRC,cfrrbs,limma,in_silico,top100,0
healthy_CRC_0_20000000_rep6,1.0,MetDecode,CRC,cfrrbs,limma,in_silico,top100,0
healthy_CRC_0_20000000_rep7,0.999,MetDecode,CRC,cfrrbs,limma,in_silico,top100,0
healthy_CRC_0_20000000_rep8,1.0,MetDecode,CRC,cfrrbs,limma,in_silico,top100,0
healthy_CRC_0_20000000_rep9,0.998,MetDecode,CRC,cfrrbs,limma,in_silico,top100,0
healthy_CRC_0.0001_20000000_rep1,0.0054863652424176,CelFiE,CRC,cfrrbs,limma,in_silico,top100,0.0001
healthy_CRC_0.0001_20000000_rep10,0.0034298516808185,CelFiE,CRC,cfrrbs,limma,in_silico,top100,0.0001
healthy_CRC_0.0001_20000000_rep2,0.0016331005492152,CelFiE,CRC,cfrrbs,limma,in_silico,top100,0.0001
healthy_CRC_0.0001_20000000_rep3,0.0025929160568756,CelFiE,CRC,cfrrbs,limma,in_silico,top100,0.0001
healthy_CRC_0.0001_20000000_rep4,0.0004330699754803,CelFiE,CRC,cfrrbs,limma,in_silico,top100,0.0001
healthy_CRC_0.0001_20000000_rep5,0.001644786220602,CelFiE,CRC,cfrrbs,limma,in_silico,top100,0.0001
healthy_CRC_0.0001_20000000_rep6,0.0014568695903983,CelFiE,CRC,cfrrbs,limma,in_silico,top100,0.0001
healthy_CRC_0.0001_20000000_rep7,0.0014074931802816,CelFiE,CRC,cfrrbs,limma,in_silico,top100,0.0001
healthy_CRC_0.0001_20000000_rep8,0.0020967466441089,CelFiE,CRC,cfrrbs,limma,in_silico,top100,0.0001
healthy_CRC_0.0001_20000000_rep9,0.0057578993007649,CelFiE,CRC,cfrrbs,limma,in_silico,top100,0.0001
healthy_CRC_0.001_20000000_rep1,0.0029902604843076,CelFiE,CRC,cfrrbs,limma,in_silico,top100,0.001
healthy_CRC_0.001_20000000_rep10,0.0016722331636705,CelFiE,CRC,cfrrbs,limma,in_silico,top100,0.001
healthy_CRC_0.001_20000000_rep2,0.0039759125104432,CelFiE,CRC,cfrrbs,limma,in_silico,top100,0.001
healthy_CRC_0.001_20000000_rep3,0.002234477117859,CelFiE,CRC,cfrrbs,limma,in_silico,top100,0.001
healthy_CRC_0.001_20000000_rep4,0.0015551000886697,CelFiE,CRC,cfrrbs,limma,in_silico,top100,0.001
healthy_CRC_0.001_20000000_rep5,0.0023407328857557,CelFiE,CRC,cfrrbs,limma,in_silico,top100,0.001
healthy_CRC_0.001_20000000_rep6,0.0023462017438823,CelFiE,CRC,cfrrbs,limma,in_silico,top100,0.001
healthy_CRC_0.001_20000000_rep7,0.0014303107156082,CelFiE,CRC,cfrrbs,limma,in_silico,top100,0.001
healthy_CRC_0.001_20000000_rep8,0.0036145003922737,CelFiE,CRC,cfrrbs,limma,in_silico,top100,0.001
healthy_CRC_0.001_20000000_rep9,0.0035570813397375,CelFiE,CRC,cfrrbs,limma,in_silico,top100,0.001
healthy_CRC_0.003_20000000_rep1,0.0027957999005837,CelFiE,CRC,cfrrbs,limma,in_silico,top100,0.003
healthy_CRC_0.003_20000000_rep10,0.0082598654549798,CelFiE,CRC,cfrrbs,limma,in_silico,top100,0.003
healthy_CRC_0.003_20000000_rep2,0.0039809986173614,CelFiE,CRC,cfrrbs,limma,in_silico,top100,0.003
healthy_CRC_0.003_20000000_rep3,0.0056271443759584,CelFiE,CRC,cfrrbs,limma,in_silico,top100,0.003
healthy_CRC_0.003_20000000_rep4,0.0046228044268395,CelFiE,CRC,cfrrbs,limma,in_silico,top100,0.003
healthy_CRC_0.003_20000000_rep5,0.0043753381437316,CelFiE,CRC,cfrrbs,limma,in_silico,top100,0.003
healthy_CRC_0.003_20000000_rep6,0.0036038680499005,CelFiE,CRC,cfrrbs,limma,in_silico,top100,0.003
healthy_CRC_0.003_20000000_rep7,0.003949375642485,CelFiE,CRC,cfrrbs,limma,in_silico,top100,0.003
healthy_CRC_0.003_20000000_rep8,0.0041674722759167,CelFiE,CRC,cfrrbs,limma,in_silico,top100,0.003
healthy_CRC_0.003_20000000_rep9,0.0028005811498721,CelFiE,CRC,cfrrbs,limma,in_silico,top100,0.003
healthy_CRC_0.007_20000000_rep1,0.0041051792242802,CelFiE,CRC,cfrrbs,limma,in_silico,top100,0.007
healthy_CRC_0.007_20000000_rep10,0.007759336635714,CelFiE,CRC,cfrrbs,limma,in_silico,top100,0.007
healthy_CRC_0.007_20000000_rep2,0.0047082202270121,CelFiE,CRC,cfrrbs,limma,in_silico,top100,0.007
healthy_CRC_0.007_20000000_rep3,0.0084026265331654,CelFiE,CRC,cfrrbs,limma,in_silico,top100,0.007
healthy_CRC_0.007_20000000_rep4,0.0030997503811999,CelFiE,CRC,cfrrbs,limma,in_silico,top100,0.007
healthy_CRC_0.007_20000000_rep5,0.0035330395240885,CelFiE,CRC,cfrrbs,limma,in_silico,top100,0.007
healthy_CRC_0.007_20000000_rep6,0.0076218769119542,CelFiE,CRC,cfrrbs,limma,in_silico,top100,0.007
healthy_CRC_0.007_20000000_rep7,0.0094187111113002,CelFiE,CRC,cfrrbs,limma,in_silico,top100,0.007
healthy_CRC_0.007_20000000_rep8,0.0047680215596405,CelFiE,CRC,cfrrbs,limma,in_silico,top100,0.007
healthy_CRC_0.007_20000000_rep9,0.0038024846205927,CelFiE,CRC,cfrrbs,limma,in_silico,top100,0.007
healthy_CRC_0.01_20000000_rep1,0.0058464760131897,CelFiE,CRC,cfrrbs,limma,in_silico,top100,0.01
healthy_CRC_0.01_20000000_rep10,0.0063664401848009,CelFiE,CRC,cfrrbs,limma,in_silico,top100,0.01
healthy_CRC_0.01_20000000_rep2,0.0040783912083445,CelFiE,CRC,cfrrbs,limma,in_silico,top100,0.01
healthy_CRC_0.01_20000000_rep3,0.0091057916524521,CelFiE,CRC,cfrrbs,limma,in_silico,top100,0.01
healthy_CRC_0.01_20000000_rep4,0.0124609758541224,CelFiE,CRC,cfrrbs,limma,in_silico,top100,0.01
healthy_CRC_0.01_20000000_rep5,0.0111717868077222,CelFiE,CRC,cfrrbs,limma,in_silico,top100,0.01
healthy_CRC_0.01_20000000_rep6,0.0083563110809435,CelFiE,CRC,cfrrbs,limma,in_silico,top100,0.01
healthy_CRC_0.01_20000000_rep7,0.0062566654273302,CelFiE,CRC,cfrrbs,limma,in_silico,top100,0.01
healthy_CRC_0.01_20000000_rep8,0.00693512655203,CelFiE,CRC,cfrrbs,limma,in_silico,top100,0.01
healthy_CRC_0.01_20000000_rep9,0.0100182630860057,CelFiE,CRC,cfrrbs,limma,in_silico,top100,0.01
healthy_CRC_0.025_20000000_rep1,0.0170149270912109,CelFiE,CRC,cfrrbs,limma,in_silico,top100,0.025
healthy_CRC_0.025_20000000_rep10,0.0168337862513382,CelFiE,CRC,cfrrbs,limma,in_silico,top100,0.025
healthy_CRC_0.025_20000000_rep2,0.0276892616084667,CelFiE,CRC,cfrrbs,limma,in_silico,top100,0.025
healthy_CRC_0.025_20000000_rep3,0.0200862495288801,CelFiE,CRC,cfrrbs,limma,in_silico,top100,0.025
healthy_CRC_0.025_20000000_rep4,0.017977596874339,CelFiE,CRC,cfrrbs,limma,in_silico,top100,0.025
healthy_CRC_0.025_20000000_rep5,0.0276723573023587,CelFiE,CRC,cfrrbs,limma,in_silico,top100,0.025
healthy_CRC_0.025_20000000_rep6,0.0218320104521331,CelFiE,CRC,cfrrbs,limma,in_silico,top100,0.025
healthy_CRC_0.025_20000000_rep7,0.0183601055768997,CelFiE,CRC,cfrrbs,limma,in_silico,top100,0.025
healthy_CRC_0.025_20000000_rep8,0.0151393874862786,CelFiE,CRC,cfrrbs,limma,in_silico,top100,0.025
healthy_CRC_0.025_20000000_rep9,0.0249667666659849,CelFiE,CRC,cfrrbs,limma,in_silico,top100,0.025
healthy_CRC_0.05_20000000_rep1,0.0398183883540004,CelFiE,CRC,cfrrbs,limma,in_silico,top100,0.05
healthy_CRC_0.05_20000000_rep10,0.0342299689078575,CelFiE,CRC,cfrrbs,limma,in_silico,top100,0.05
healthy_CRC_0.05_20000000_rep2,0.0397611206367175,CelFiE,CRC,cfrrbs,limma,in_silico,top100,0.05
healthy_CRC_0.05_20000000_rep3,0.0493553523231115,CelFiE,CRC,cfrrbs,limma,in_silico,top100,0.05
healthy_CRC_0.05_20000000_rep4,0.0340899097189731,CelFiE,CRC,cfrrbs,limma,in_silico,top100,0.05
healthy_CRC_0.05_20000000_rep5,0.0304595690670104,CelFiE,CRC,cfrrbs,limma,in_silico,top100,0.05
healthy_CRC_0.05_20000000_rep6,0.0504829732796132,CelFiE,CRC,cfrrbs,limma,in_silico,top100,0.05
healthy_CRC_0.05_20000000_rep7,0.0368451971271203,CelFiE,CRC,cfrrbs,limma,in_silico,top100,0.05
healthy_CRC_0.05_20000000_rep8,0.0474334835508227,CelFiE,CRC,cfrrbs,limma,in_silico,top100,0.05
healthy_CRC_0.05_20000000_rep9,0.0389686781922401,CelFiE,CRC,cfrrbs,limma,in_silico,top100,0.05
healthy_CRC_0.1_20000000_rep1,0.0839358725999038,CelFiE,CRC,cfrrbs,limma,in_silico,top100,0.1
healthy_CRC_0.1_20000000_rep10,0.0757482387495914,CelFiE,CRC,cfrrbs,limma,in_silico,top100,0.1
healthy_CRC_0.1_20000000_rep2,0.0698992287188924,CelFiE,CRC,cfrrbs,limma,in_silico,top100,0.1
healthy_CRC_0.1_20000000_rep3,0.0848879318042934,CelFiE,CRC,cfrrbs,limma,in_silico,top100,0.1
healthy_CRC_0.1_20000000_rep4,0.0754427298203968,CelFiE,CRC,cfrrbs,limma,in_silico,top100,0.1
healthy_CRC_0.1_20000000_rep5,0.0865501910807888,CelFiE,CRC,cfrrbs,limma,in_silico,top100,0.1
healthy_CRC_0.1_20000000_rep6,0.07028645736096,CelFiE,CRC,cfrrbs,limma,in_silico,top100,0.1
healthy_CRC_0.1_20000000_rep7,0.0801275202144892,CelFiE,CRC,cfrrbs,limma,in_silico,top100,0.1
healthy_CRC_0.1_20000000_rep8,0.0819826610753957,CelFiE,CRC,cfrrbs,limma,in_silico,top100,0.1
healthy_CRC_0.1_20000000_rep9,0.0778432875309428,CelFiE,CRC,cfrrbs,limma,in_silico,top100,0.1
healthy_CRC_0.25_20000000_rep1,0.1947885465526282,CelFiE,CRC,cfrrbs,limma,in_silico,top100,0.25
healthy_CRC_0.25_20000000_rep10,0.2047532019641552,CelFiE,CRC,cfrrbs,limma,in_silico,top100,0.25
healthy_CRC_0.25_20000000_rep2,0.2057466219711106,CelFiE,CRC,cfrrbs,limma,in_silico,top100,0.25
healthy_CRC_0.25_20000000_rep3,0.2077695155628885,CelFiE,CRC,cfrrbs,limma,in_silico,top100,0.25
healthy_CRC_0.25_20000000_rep4,0.1982403046316999,CelFiE,CRC,cfrrbs,limma,in_silico,top100,0.25
healthy_CRC_0.25_20000000_rep5,0.2181564205025185,CelFiE,CRC,cfrrbs,limma,in_silico,top100,0.25
healthy_CRC_0.25_20000000_rep6,0.2152591628820697,CelFiE,CRC,cfrrbs,limma,in_silico,top100,0.25
healthy_CRC_0.25_20000000_rep7,0.1962886205870351,CelFiE,CRC,cfrrbs,limma,in_silico,top100,0.25
healthy_CRC_0.25_20000000_rep8,0.202301958483952,CelFiE,CRC,cfrrbs,limma,in_silico,top100,0.25
healthy_CRC_0.25_20000000_rep9,0.2110035868152677,CelFiE,CRC,cfrrbs,limma,in_silico,top100,0.25
healthy_CRC_0.5_20000000_rep1,0.4302881387570689,CelFiE,CRC,cfrrbs,limma,in_silico,top100,0.5
healthy_CRC_0.5_20000000_rep10,0.4350846780555277,CelFiE,CRC,cfrrbs,limma,in_silico,top100,0.5
healthy_CRC_0.5_20000000_rep2,0.4267089534537057,CelFiE,CRC,cfrrbs,limma,in_silico,top100,0.5
healthy_CRC_0.5_20000000_rep3,0.4141347702662805,CelFiE,CRC,cfrrbs,limma,in_silico,top100,0.5
healthy_CRC_0.5_20000000_rep4,0.4332769694348185,CelFiE,CRC,cfrrbs,limma,in_silico,top100,0.5
healthy_CRC_0.5_20000000_rep5,0.4264884840274084,CelFiE,CRC,cfrrbs,limma,in_silico,top100,0.5
healthy_CRC_0.5_20000000_rep6,0.4141730668604758,CelFiE,CRC,cfrrbs,limma,in_silico,top100,0.5
healthy_CRC_0.5_20000000_rep7,0.4444808114101685,CelFiE,CRC,cfrrbs,limma,in_silico,top100,0.5
healthy_CRC_0.5_20000000_rep8,0.426131462893222,CelFiE,CRC,cfrrbs,limma,in_silico,top100,0.5
healthy_CRC_0.5_20000000_rep9,0.422927393205335,CelFiE,CRC,cfrrbs,limma,in_silico,top100,0.5
healthy_CRC_0_20000000_rep1,0.0034058322115245,CelFiE,CRC,cfrrbs,limma,in_silico,top100,0
healthy_CRC_0_20000000_rep10,0.0013391280199503,CelFiE,CRC,cfrrbs,limma,in_silico,top100,0
healthy_CRC_0_20000000_rep2,0.0022659621139172,CelFiE,CRC,cfrrbs,limma,in_silico,top100,0
healthy_CRC_0_20000000_rep3,0.0025769725781699,CelFiE,CRC,cfrrbs,limma,in_silico,top100,0
healthy_CRC_0_20000000_rep4,0.0039572113489818,CelFiE,CRC,cfrrbs,limma,in_silico,top100,0
healthy_CRC_0_20000000_rep5,0.0036140809713255,CelFiE,CRC,cfrrbs,limma,in_silico,top100,0
healthy_CRC_0_20000000_rep6,0.0009678971519844,CelFiE,CRC,cfrrbs,limma,in_silico,top100,0
healthy_CRC_0_20000000_rep7,0.0011579692906991,CelFiE,CRC,cfrrbs,limma,in_silico,top100,0
healthy_CRC_0_20000000_rep8,0.0021433818559561,CelFiE,CRC,cfrrbs,limma,in_silico,top100,0
healthy_CRC_0_20000000_rep9,0.0047201443954362,CelFiE,CRC,cfrrbs,limma,in_silico,top100,0
healthy_CRC_0.0001_20000000_rep1,0.0,UXM,CRC,cfrrbs,limma,in_silico,top100,0.0001
healthy_CRC_0.0001_20000000_rep10,0.0717827,UXM,CRC,cfrrbs,limma,in_silico,top100,0.0001
healthy_CRC_0.0001_20000000_rep2,0.0,UXM,CRC,cfrrbs,limma,in_silico,top100,0.0001
healthy_CRC_0.0001_20000000_rep3,0.0,UXM,CRC,cfrrbs,limma,in_silico,top100,0.0001
healthy_CRC_0.0001_20000000_rep4,0.017795,UXM,CRC,cfrrbs,limma,in_silico,top100,0.0001
healthy_CRC_0.0001_20000000_rep5,0.0,UXM,CRC,cfrrbs,limma,in_silico,top100,0.0001
healthy_CRC_0.0001_20000000_rep6,0.0609784,UXM,CRC,cfrrbs,limma,in_silico,top100,0.0001
healthy_CRC_0.0001_20000000_rep7,0.0239654,UXM,CRC,cfrrbs,limma,in_silico,top100,0.0001
healthy_CRC_0.0001_20000000_rep8,0.0,UXM,CRC,cfrrbs,limma,in_silico,top100,0.0001
healthy_CRC_0.0001_20000000_rep9,0.0,UXM,CRC,cfrrbs,limma,in_silico,top100,0.0001
healthy_CRC_0.001_20000000_rep1,0.0550943,UXM,CRC,cfrrbs,limma,in_silico,top100,0.001
healthy_CRC_0.001_20000000_rep10,0.0021077,UXM,CRC,cfrrbs,limma,in_silico,top100,0.001
healthy_CRC_0.001_20000000_rep2,0.0,UXM,CRC,cfrrbs,limma,in_silico,top100,0.001
healthy_CRC_0.001_20000000_rep3,0.0,UXM,CRC,cfrrbs,limma,in_silico,top100,0.001
healthy_CRC_0.001_20000000_rep4,0.0,UXM,CRC,cfrrbs,limma,in_silico,top100,0.001
healthy_CRC_0.001_20000000_rep5,0.0852518,UXM,CRC,cfrrbs,limma,in_silico,top100,0.001
healthy_CRC_0.001_20000000_rep6,0.0,UXM,CRC,cfrrbs,limma,in_silico,top100,0.001
healthy_CRC_0.001_20000000_rep7,0.0,UXM,CRC,cfrrbs,limma,in_silico,top100,0.001
healthy_CRC_0.001_20000000_rep8,0.0,UXM,CRC,cfrrbs,limma,in_silico,top100,0.001
healthy_CRC_0.001_20000000_rep9,0.0,UXM,CRC,cfrrbs,limma,in_silico,top100,0.001
healthy_CRC_0.003_20000000_rep1,0.0,UXM,CRC,cfrrbs,limma,in_silico,top100,0.003
healthy_CRC_0.003_20000000_rep10,0.0,UXM,CRC,cfrrbs,limma,in_silico,top100,0.003
healthy_CRC_0.003_20000000_rep2,0.0,UXM,CRC,cfrrbs,limma,in_silico,top100,0.003
healthy_CRC_0.003_20000000_rep3,0.0040848,UXM,CRC,cfrrbs,limma,in_silico,top100,0.003
healthy_CRC_0.003_20000000_rep4,0.0,UXM,CRC,cfrrbs,limma,in_silico,top100,0.003
healthy_CRC_0.003_20000000_rep5,0.0051477,UXM,CRC,cfrrbs,limma,in_silico,top100,0.003
healthy_CRC_0.003_20000000_rep6,0.0,UXM,CRC,cfrrbs,limma,in_silico,top100,0.003
healthy_CRC_0.003_20000000_rep7,0.0,UXM,CRC,cfrrbs,limma,in_silico,top100,0.003
healthy_CRC_0.003_20000000_rep8,0.0,UXM,CRC,cfrrbs,limma,in_silico,top100,0.003
healthy_CRC_0.003_20000000_rep9,0.010803,UXM,CRC,cfrrbs,limma,in_silico,top100,0.003
healthy_CRC_0.007_20000000_rep1,0.0604929,UXM,CRC,cfrrbs,limma,in_silico,top100,0.007
healthy_CRC_0.007_20000000_rep10,0.0,UXM,CRC,cfrrbs,limma,in_silico,top100,0.007
healthy_CRC_0.007_20000000_rep2,0.0,UXM,CRC,cfrrbs,limma,in_silico,top100,0.007
healthy_CRC_0.007_20000000_rep3,0.0,UXM,CRC,cfrrbs,limma,in_silico,top100,0.007
healthy_CRC_0.007_20000000_rep4,0.0,UXM,CRC,cfrrbs,limma,in_silico,top100,0.007
healthy_CRC_0.007_20000000_rep5,0.0,UXM,CRC,cfrrbs,limma,in_silico,top100,0.007
healthy_CRC_0.007_20000000_rep6,0.0436414,UXM,CRC,cfrrbs,limma,in_silico,top100,0.007
healthy_CRC_0.007_20000000_rep7,0.0920966,UXM,CRC,cfrrbs,limma,in_silico,top100,0.007
healthy_CRC_0.007_20000000_rep8,0.0,UXM,CRC,cfrrbs,limma,in_silico,top100,0.007
healthy_CRC_0.007_20000000_rep9,0.0410544,UXM,CRC,cfrrbs,limma,in_silico,top100,0.007
healthy_CRC_0.01_20000000_rep1,0.0586407,UXM,CRC,cfrrbs,limma,in_silico,top100,0.01
healthy_CRC_0.01_20000000_rep10,0.0,UXM,CRC,cfrrbs,limma,in_silico,top100,0.01
healthy_CRC_0.01_20000000_rep2,0.0771178,UXM,CRC,cfrrbs,limma,in_silico,top100,0.01
healthy_CRC_0.01_20000000_rep3,0.0793253,UXM,CRC,cfrrbs,limma,in_silico,top100,0.01
healthy_CRC_0.01_20000000_rep4,0.0208035,UXM,CRC,cfrrbs,limma,in_silico,top100,0.01
healthy_CRC_0.01_20000000_rep5,0.0085999,UXM,CRC,cfrrbs,limma,in_silico,top100,0.01
healthy_CRC_0.01_20000000_rep6,0.0,UXM,CRC,cfrrbs,limma,in_silico,top100,0.01
healthy_CRC_0.01_20000000_rep7,0.0,UXM,CRC,cfrrbs,limma,in_silico,top100,0.01
healthy_CRC_0.01_20000000_rep8,0.0703802,UXM,CRC,cfrrbs,limma,in_silico,top100,0.01
healthy_CRC_0.01_20000000_rep9,0.0,UXM,CRC,cfrrbs,limma,in_silico,top100,0.01
healthy_CRC_0.025_20000000_rep1,0.0,UXM,CRC,cfrrbs,limma,in_silico,top100,0.025
healthy_CRC_0.025_20000000_rep10,0.0,UXM,CRC,cfrrbs,limma,in_silico,top100,0.025
healthy_CRC_0.025_20000000_rep2,0.0087019,UXM,CRC,cfrrbs,limma,in_silico,top100,0.025
healthy_CRC_0.025_20000000_rep3,0.0,UXM,CRC,cfrrbs,limma,in_silico,top100,0.025
healthy_CRC_0.025_20000000_rep4,0.0,UXM,CRC,cfrrbs,limma,in_silico,top100,0.025
healthy_CRC_0.025_20000000_rep5,0.0,UXM,CRC,cfrrbs,limma,in_silico,top100,0.025
healthy_CRC_0.025_20000000_rep6,0.0,UXM,CRC,cfrrbs,limma,in_silico,top100,0.025
healthy_CRC_0.025_20000000_rep7,0.0,UXM,CRC,cfrrbs,limma,in_silico,top100,0.025
healthy_CRC_0.025_20000000_rep8,0.0,UXM,CRC,cfrrbs,limma,in_silico,top100,0.025
healthy_CRC_0.025_20000000_rep9,0.0,UXM,CRC,cfrrbs,limma,in_silico,top100,0.025
healthy_CRC_0.05_20000000_rep1,0.0,UXM,CRC,cfrrbs,limma,in_silico,top100,0.05
healthy_CRC_0.05_20000000_rep10,0.0,UXM,CRC,cfrrbs,limma,in_silico,top100,0.05
healthy_CRC_0.05_20000000_rep2,0.0,UXM,CRC,cfrrbs,limma,in_silico,top100,0.05
healthy_CRC_0.05_20000000_rep3,0.0671858,UXM,CRC,cfrrbs,limma,in_silico,top100,0.05
healthy_CRC_0.05_20000000_rep4,0.0,UXM,CRC,cfrrbs,limma,in_silico,top100,0.05
healthy_CRC_0.05_20000000_rep5,0.0,UXM,CRC,cfrrbs,limma,in_silico,top100,0.05
healthy_CRC_0.05_20000000_rep6,0.1555415,UXM,CRC,cfrrbs,limma,in_silico,top100,0.05
healthy_CRC_0.05_20000000_rep7,0.0575651,UXM,CRC,cfrrbs,limma,in_silico,top100,0.05
healthy_CRC_0.05_20000000_rep8,0.0,UXM,CRC,cfrrbs,limma,in_silico,top100,0.05
healthy_CRC_0.05_20000000_rep9,0.0,UXM,CRC,cfrrbs,limma,in_silico,top100,0.05
healthy_CRC_0.1_20000000_rep1,0.0720505,UXM,CRC,cfrrbs,limma,in_silico,top100,0.1
healthy_CRC_0.1_20000000_rep10,0.0715911,UXM,CRC,cfrrbs,limma,in_silico,top100,0.1
healthy_CRC_0.1_20000000_rep2,0.1749037,UXM,CRC,cfrrbs,limma,in_silico,top100,0.1
healthy_CRC_0.1_20000000_rep3,0.0807661,UXM,CRC,cfrrbs,limma,in_silico,top100,0.1
healthy_CRC_0.1_20000000_rep4,0.1080517,UXM,CRC,cfrrbs,limma,in_silico,top100,0.1
healthy_CRC_0.1_20000000_rep5,0.1307222,UXM,CRC,cfrrbs,limma,in_silico,top100,0.1
healthy_CRC_0.1_20000000_rep6,0.1018566,UXM,CRC,cfrrbs,limma,in_silico,top100,0.1
healthy_CRC_0.1_20000000_rep7,0.2521513,UXM,CRC,cfrrbs,limma,in_silico,top100,0.1
healthy_CRC_0.1_20000000_rep8,0.1456756,UXM,CRC,cfrrbs,limma,in_silico,top100,0.1
healthy_CRC_0.1_20000000_rep9,0.109843,UXM,CRC,cfrrbs,limma,in_silico,top100,0.1
healthy_CRC_0.25_20000000_rep1,0.174476,UXM,CRC,cfrrbs,limma,in_silico,top100,0.25
healthy_CRC_0.25_20000000_rep10,0.2627345,UXM,CRC,cfrrbs,limma,in_silico,top100,0.25
healthy_CRC_0.25_20000000_rep2,0.3842246,UXM,CRC,cfrrbs,limma,in_silico,top100,0.25
healthy_CRC_0.25_20000000_rep3,0.234045,UXM,CRC,cfrrbs,limma,in_silico,top100,0.25
healthy_CRC_0.25_20000000_rep4,0.1332328,UXM,CRC,cfrrbs,limma,in_silico,top100,0.25
healthy_CRC_0.25_20000000_rep5,0.1521012,UXM,CRC,cfrrbs,limma,in_silico,top100,0.25
healthy_CRC_0.25_20000000_rep6,0.0803599,UXM,CRC,cfrrbs,limma,in_silico,top100,0.25
healthy_CRC_0.25_20000000_rep7,0.2361786,UXM,CRC,cfrrbs,limma,in_silico,top100,0.25
healthy_CRC_0.25_20000000_rep8,0.1116567,UXM,CRC,cfrrbs,limma,in_silico,top100,0.25
healthy_CRC_0.25_20000000_rep9,0.274151,UXM,CRC,cfrrbs,limma,in_silico,top100,0.25
healthy_CRC_0.5_20000000_rep1,0.6093154,UXM,CRC,cfrrbs,limma,in_silico,top100,0.5
healthy_CRC_0.5_20000000_rep10,0.556477,UXM,CRC,cfrrbs,limma,in_silico,top100,0.5
healthy_CRC_0.5_20000000_rep2,0.4737083,UXM,CRC,cfrrbs,limma,in_silico,top100,0.5
healthy_CRC_0.5_20000000_rep3,0.5068898,UXM,CRC,cfrrbs,limma,in_silico,top100,0.5
healthy_CRC_0.5_20000000_rep4,0.3920614,UXM,CRC,cfrrbs,limma,in_silico,top100,0.5
healthy_CRC_0.5_20000000_rep5,0.4639035,UXM,CRC,cfrrbs,limma,in_silico,top100,0.5
healthy_CRC_0.5_20000000_rep6,0.4848081,UXM,CRC,cfrrbs,limma,in_silico,top100,0.5
healthy_CRC_0.5_20000000_rep7,0.2048982,UXM,CRC,cfrrbs,limma,in_silico,top100,0.5
healthy_CRC_0.5_20000000_rep8,0.413051,UXM,CRC,cfrrbs,limma,in_silico,top100,0.5
healthy_CRC_0.5_20000000_rep9,0.2942587,UXM,CRC,cfrrbs,limma,in_silico,top100,0.5
healthy_NBL_0_20000000_rep1,0.0634405,UXM,CRC,cfrrbs,limma,in_silico,top100,0
healthy_NBL_0_20000000_rep10,0.0,UXM,CRC,cfrrbs,limma,in_silico,top100,0
healthy_NBL_0_20000000_rep2,0.0,UXM,CRC,cfrrbs,limma,in_silico,top100,0
healthy_NBL_0_20000000_rep3,0.0,UXM,CRC,cfrrbs,limma,in_silico,top100,0
healthy_NBL_0_20000000_rep4,0.0,UXM,CRC,cfrrbs,limma,in_silico,top100,0
healthy_NBL_0_20000000_rep5,0.0534658,UXM,CRC,cfrrbs,limma,in_silico,top100,0
healthy_NBL_0_20000000_rep6,0.0,UXM,CRC,cfrrbs,limma,in_silico,top100,0
healthy_NBL_0_20000000_rep7,0.0,UXM,CRC,cfrrbs,limma,in_silico,top100,0
healthy_NBL_0_20000000_rep8,0.0,UXM,CRC,cfrrbs,limma,in_silico,top100,0
healthy_NBL_0_20000000_rep9,0.0,UXM,CRC,cfrrbs,limma,in_silico,top100,0
healthy_CRC_0.0001_20000000_rep1,0.026,meth_atlas,CRC,cfrrbs,limma,in_silico,top100,0.0001
healthy_CRC_0.0001_20000000_rep10,0.011,meth_atlas,CRC,cfrrbs,limma,in_silico,top100,0.0001
healthy_CRC_0.0001_20000000_rep2,0.012,meth_atlas,CRC,cfrrbs,limma,in_silico,top100,0.0001
healthy_CRC_0.0001_20000000_rep3,0.012,meth_atlas,CRC,cfrrbs,limma,in_silico,top100,0.0001
healthy_CRC_0.0001_20000000_rep4,0.003,meth_atlas,CRC,cfrrbs,limma,in_silico,top100,0.0001
healthy_CRC_0.0001_20000000_rep5,0.02,meth_atlas,CRC,cfrrbs,limma,in_silico,top100,0.0001
healthy_CRC_0.0001_20000000_rep6,0.016,meth_atlas,CRC,cfrrbs,limma,in_silico,top100,0.0001
healthy_CRC_0.0001_20000000_rep7,0.015,meth_atlas,CRC,cfrrbs,limma,in_silico,top100,0.0001
healthy_CRC_0.0001_20000000_rep8,0.016,meth_atlas,CRC,cfrrbs,limma,in_silico,top100,0.0001
healthy_CRC_0.0001_20000000_rep9,0.025,meth_atlas,CRC,cfrrbs,limma,in_silico,top100,0.0001
healthy_CRC_0.001_20000000_rep1,0.016,meth_atlas,CRC,cfrrbs,limma,in_silico,top100,0.001
healthy_CRC_0.001_20000000_rep10,0.019,meth_atlas,CRC,cfrrbs,limma,in_silico,top100,0.001
healthy_CRC_0.001_20000000_rep2,0.02,meth_atlas,CRC,cfrrbs,limma,in_silico,top100,0.001
healthy_CRC_0.001_20000000_rep3,0.028,meth_atlas,CRC,cfrrbs,limma,in_silico,top100,0.001
healthy_CRC_0.001_20000000_rep4,0.023,meth_atlas,CRC,cfrrbs,limma,in_silico,top100,0.001
healthy_CRC_0.001_20000000_rep5,0.012,meth_atlas,CRC,cfrrbs,limma,in_silico,top100,0.001
healthy_CRC_0.001_20000000_rep6,0.02,meth_atlas,CRC,cfrrbs,limma,in_silico,top100,0.001
healthy_CRC_0.001_20000000_rep7,0.005,meth_atlas,CRC,cfrrbs,limma,in_silico,top100,0.001
healthy_CRC_0.001_20000000_rep8,0.029,meth_atlas,CRC,cfrrbs,limma,in_silico,top100,0.001
healthy_CRC_0.001_20000000_rep9,0.012,meth_atlas,CRC,cfrrbs,limma,in_silico,top100,0.001
healthy_CRC_0.003_20000000_rep1,0.014,meth_atlas,CRC,cfrrbs,limma,in_silico,top100,0.003
healthy_CRC_0.003_20000000_rep10,0.021,meth_atlas,CRC,cfrrbs,limma,in_silico,top100,0.003
healthy_CRC_0.003_20000000_rep2,0.022,meth_atlas,CRC,cfrrbs,limma,in_silico,top100,0.003
healthy_CRC_0.003_20000000_rep3,0.015,meth_atlas,CRC,cfrrbs,limma,in_silico,top100,0.003
healthy_CRC_0.003_20000000_rep4,0.021,meth_atlas,CRC,cfrrbs,limma,in_silico,top100,0.003
healthy_CRC_0.003_20000000_rep5,0.018,meth_atlas,CRC,cfrrbs,limma,in_silico,top100,0.003
healthy_CRC_0.003_20000000_rep6,0.02,meth_atlas,CRC,cfrrbs,limma,in_silico,top100,0.003
healthy_CRC_0.003_20000000_rep7,0.028,meth_atlas,CRC,cfrrbs,limma,in_silico,top100,0.003
healthy_CRC_0.003_20000000_rep8,0.025,meth_atlas,CRC,cfrrbs,limma,in_silico,top100,0.003
healthy_CRC_0.003_20000000_rep9,0.015,meth_atlas,CRC,cfrrbs,limma,in_silico,top100,0.003
healthy_CRC_0.007_20000000_rep1,0.03,meth_atlas,CRC,cfrrbs,limma,in_silico,top100,0.007
healthy_CRC_0.007_20000000_rep10,0.039,meth_atlas,CRC,cfrrbs,limma,in_silico,top100,0.007
healthy_CRC_0.007_20000000_rep2,0.037,meth_atlas,CRC,cfrrbs,limma,in_silico,top100,0.007
healthy_CRC_0.007_20000000_rep3,0.024,meth_atlas,CRC,cfrrbs,limma,in_silico,top100,0.007
healthy_CRC_0.007_20000000_rep4,0.023,meth_atlas,CRC,cfrrbs,limma,in_silico,top100,0.007
healthy_CRC_0.007_20000000_rep5,0.015,meth_atlas,CRC,cfrrbs,limma,in_silico,top100,0.007
healthy_CRC_0.007_20000000_rep6,0.024,meth_atlas,CRC,cfrrbs,limma,in_silico,top100,0.007
healthy_CRC_0.007_20000000_rep7,0.023,meth_atlas,CRC,cfrrbs,limma,in_silico,top100,0.007
healthy_CRC_0.007_20000000_rep8,0.012,meth_atlas,CRC,cfrrbs,limma,in_silico,top100,0.007
healthy_CRC_0.007_20000000_rep9,0.017,meth_atlas,CRC,cfrrbs,limma,in_silico,top100,0.007
healthy_CRC_0.01_20000000_rep1,0.018,meth_atlas,CRC,cfrrbs,limma,in_silico,top100,0.01
healthy_CRC_0.01_20000000_rep10,0.018,meth_atlas,CRC,cfrrbs,limma,in_silico,top100,0.01
healthy_CRC_0.01_20000000_rep2,0.019,meth_atlas,CRC,cfrrbs,limma,in_silico,top100,0.01
healthy_CRC_0.01_20000000_rep3,0.013,meth_atlas,CRC,cfrrbs,limma,in_silico,top100,0.01
healthy_CRC_0.01_20000000_rep4,0.019,meth_atlas,CRC,cfrrbs,limma,in_silico,top100,0.01
healthy_CRC_0.01_20000000_rep5,0.027,meth_atlas,CRC,cfrrbs,limma,in_silico,top100,0.01
healthy_CRC_0.01_20000000_rep6,0.031,meth_atlas,CRC,cfrrbs,limma,in_silico,top100,0.01
healthy_CRC_0.01_20000000_rep7,0.026,meth_atlas,CRC,cfrrbs,limma,in_silico,top100,0.01
healthy_CRC_0.01_20000000_rep8,0.026,meth_atlas,CRC,cfrrbs,limma,in_silico,top100,0.01
healthy_CRC_0.01_20000000_rep9,0.028,meth_atlas,CRC,cfrrbs,limma,in_silico,top100,0.01
healthy_CRC_0.025_20000000_rep1,0.022,meth_atlas,CRC,cfrrbs,limma,in_silico,top100,0.025
healthy_CRC_0.025_20000000_rep10,0.038,meth_atlas,CRC,cfrrbs,limma,in_silico,top100,0.025
healthy_CRC_0.025_20000000_rep2,0.047,meth_atlas,CRC,cfrrbs,limma,in_silico,top100,0.025
healthy_CRC_0.025_20000000_rep3,0.027,meth_atlas,CRC,cfrrbs,limma,in_silico,top100,0.025
healthy_CRC_0.025_20000000_rep4,0.038,meth_atlas,CRC,cfrrbs,limma,in_silico,top100,0.025
healthy_CRC_0.025_20000000_rep5,0.046,meth_atlas,CRC,cfrrbs,limma,in_silico,top100,0.025
healthy_CRC_0.025_20000000_rep6,0.037,meth_atlas,CRC,cfrrbs,limma,in_silico,top100,0.025
healthy_CRC_0.025_20000000_rep7,0.036,meth_atlas,CRC,cfrrbs,limma,in_silico,top100,0.025
healthy_CRC_0.025_20000000_rep8,0.024,meth_atlas,CRC,cfrrbs,limma,in_silico,top100,0.025
healthy_CRC_0.025_20000000_rep9,0.045,meth_atlas,CRC,cfrrbs,limma,in_silico,top100,0.025
healthy_CRC_0.05_20000000_rep1,0.066,meth_atlas,CRC,cfrrbs,limma,in_silico,top100,0.05
healthy_CRC_0.05_20000000_rep10,0.058,meth_atlas,CRC,cfrrbs,limma,in_silico,top100,0.05
healthy_CRC_0.05_20000000_rep2,0.047,meth_atlas,CRC,cfrrbs,limma,in_silico,top100,0.05
healthy_CRC_0.05_20000000_rep3,0.062,meth_atlas,CRC,cfrrbs,limma,in_silico,top100,0.05
healthy_CRC_0.05_20000000_rep4,0.048,meth_atlas,CRC,cfrrbs,limma,in_silico,top100,0.05
healthy_CRC_0.05_20000000_rep5,0.045,meth_atlas,CRC,cfrrbs,limma,in_silico,top100,0.05
healthy_CRC_0.05_20000000_rep6,0.059,meth_atlas,CRC,cfrrbs,limma,in_silico,top100,0.05
healthy_CRC_0.05_20000000_rep7,0.058,meth_atlas,CRC,cfrrbs,limma,in_silico,top100,0.05
healthy_CRC_0.05_20000000_rep8,0.064,meth_atlas,CRC,cfrrbs,limma,in_silico,top100,0.05
healthy_CRC_0.05_20000000_rep9,0.058,meth_atlas,CRC,cfrrbs,limma,in_silico,top100,0.05
healthy_CRC_0.1_20000000_rep1,0.098,meth_atlas,CRC,cfrrbs,limma,in_silico,top100,0.1
healthy_CRC_0.1_20000000_rep10,0.096,meth_atlas,CRC,cfrrbs,limma,in_silico,top100,0.1
healthy_CRC_0.1_20000000_rep2,0.092,meth_atlas,CRC,cfrrbs,limma,in_silico,top100,0.1
healthy_CRC_0.1_20000000_rep3,0.089,meth_atlas,CRC,cfrrbs,limma,in_silico,top100,0.1
healthy_CRC_0.1_20000000_rep4,0.089,meth_atlas,CRC,cfrrbs,limma,in_silico,top100,0.1
healthy_CRC_0.1_20000000_rep5,0.101,meth_atlas,CRC,cfrrbs,limma,in_silico,top100,0.1
healthy_CRC_0.1_20000000_rep6,0.09,meth_atlas,CRC,cfrrbs,limma,in_silico,top100,0.1
healthy_CRC_0.1_20000000_rep7,0.093,meth_atlas,CRC,cfrrbs,limma,in_silico,top100,0.1
healthy_CRC_0.1_20000000_rep8,0.099,meth_atlas,CRC,cfrrbs,limma,in_silico,top100,0.1
healthy_CRC_0.1_20000000_rep9,0.089,meth_atlas,CRC,cfrrbs,limma,in_silico,top100,0.1
healthy_CRC_0.25_20000000_rep1,0.2,meth_atlas,CRC,cfrrbs,limma,in_silico,top100,0.25
healthy_CRC_0.25_20000000_rep10,0.19,meth_atlas,CRC,cfrrbs,limma,in_silico,top100,0.25
healthy_CRC_0.25_20000000_rep2,0.199,meth_atlas,CRC,cfrrbs,limma,in_silico,top100,0.25
healthy_CRC_0.25_20000000_rep3,0.209,meth_atlas,CRC,cfrrbs,limma,in_silico,top100,0.25
healthy_CRC_0.25_20000000_rep4,0.194,meth_atlas,CRC,cfrrbs,limma,in_silico,top100,0.25
healthy_CRC_0.25_20000000_rep5,0.209,meth_atlas,CRC,cfrrbs,limma,in_silico,top100,0.25
healthy_CRC_0.25_20000000_rep6,0.219,meth_atlas,CRC,cfrrbs,limma,in_silico,top100,0.25
healthy_CRC_0.25_20000000_rep7,0.19,meth_atlas,CRC,cfrrbs,limma,in_silico,top100,0.25
healthy_CRC_0.25_20000000_rep8,0.204,meth_atlas,CRC,cfrrbs,limma,in_silico,top100,0.25
healthy_CRC_0.25_20000000_rep9,0.209,meth_atlas,CRC,cfrrbs,limma,in_silico,top100,0.25
healthy_CRC_0.5_20000000_rep1,0.378,meth_atlas,CRC,cfrrbs,limma,in_silico,top100,0.5
healthy_CRC_0.5_20000000_rep10,0.39,meth_atlas,CRC,cfrrbs,limma,in_silico,top100,0.5
healthy_CRC_0.5_20000000_rep2,0.372,meth_atlas,CRC,cfrrbs,limma,in_silico,top100,0.5
healthy_CRC_0.5_20000000_rep3,0.364,meth_atlas,CRC,cfrrbs,limma,in_silico,top100,0.5
healthy_CRC_0.5_20000000_rep4,0.381,meth_atlas,CRC,cfrrbs,limma,in_silico,top100,0.5
healthy_CRC_0.5_20000000_rep5,0.377,meth_atlas,CRC,cfrrbs,limma,in_silico,top100,0.5
healthy_CRC_0.5_20000000_rep6,0.369,meth_atlas,CRC,cfrrbs,limma,in_silico,top100,0.5
healthy_CRC_0.5_20000000_rep7,0.387,meth_atlas,CRC,cfrrbs,limma,in_silico,top100,0.5
healthy_CRC_0.5_20000000_rep8,0.379,meth_atlas,CRC,cfrrbs,limma,in_silico,top100,0.5
healthy_CRC_0.5_20000000_rep9,0.364,meth_atlas,CRC,cfrrbs,limma,in_silico,top100,0.5
healthy_CRC_0_20000000_rep1,0.021,meth_atlas,CRC,cfrrbs,limma,in_silico,top100,0
healthy_CRC_0_20000000_rep10,0.026,meth_atlas,CRC,cfrrbs,limma,in_silico,top100,0
healthy_CRC_0_20000000_rep2,0.012,meth_atlas,CRC,cfrrbs,limma,in_silico,top100,0
healthy_CRC_0_20000000_rep3,0.028,meth_atlas,CRC,cfrrbs,limma,in_silico,top100,0
healthy_CRC_0_20000000_rep4,0.014,meth_atlas,CRC,cfrrbs,limma,in_silico,top100,0
healthy_CRC_0_20000000_rep5,0.024,meth_atlas,CRC,cfrrbs,limma,in_silico,top100,0
healthy_CRC_0_20000000_rep6,0.02,meth_atlas,CRC,cfrrbs,limma,in_silico,top100,0
healthy_CRC_0_20000000_rep7,0.018,meth_atlas,CRC,cfrrbs,limma,in_silico,top100,0
healthy_CRC_0_20000000_rep8,0.017,meth_atlas,CRC,cfrrbs,limma,in_silico,top100,0
healthy_CRC_0_20000000_rep9,0.022,meth_atlas,CRC,cfrrbs,limma,in_silico,top100,0
healthy_CRC_0.0001_20000000_rep1,0.0331755777435863,EpiDISH,CRC,cfrrbs,limma,in_silico,top100,0.0001
healthy_CRC_0.0001_20000000_rep10,0.000429577858253,EpiDISH,CRC,cfrrbs,limma,in_silico,top100,0.0001
healthy_CRC_0.0001_20000000_rep2,0.0,EpiDISH,CRC,cfrrbs,limma,in_silico,top100,0.0001
healthy_CRC_0.0001_20000000_rep3,0.0098342807529359,EpiDISH,CRC,cfrrbs,limma,in_silico,top100,0.0001
healthy_CRC_0.0001_20000000_rep4,0.0142667020700484,EpiDISH,CRC,cfrrbs,limma,in_silico,top100,0.0001
healthy_CRC_0.0001_20000000_rep5,0.0125611989945021,EpiDISH,CRC,cfrrbs,limma,in_silico,top100,0.0001
healthy_CRC_0.0001_20000000_rep6,0.0344723028243546,EpiDISH,CRC,cfrrbs,limma,in_silico,top100,0.0001
healthy_CRC_0.0001_20000000_rep7,0.0215435590401901,EpiDISH,CRC,cfrrbs,limma,in_silico,top100,0.0001
healthy_CRC_0.0001_20000000_rep8,0.0115478122998649,EpiDISH,CRC,cfrrbs,limma,in_silico,top100,0.0001
healthy_CRC_0.0001_20000000_rep9,0.0348148385467422,EpiDISH,CRC,cfrrbs,limma,in_silico,top100,0.0001
healthy_CRC_0.001_20000000_rep1,0.0152413099722761,EpiDISH,CRC,cfrrbs,limma,in_silico,top100,0.001
healthy_CRC_0.001_20000000_rep10,0.0339786676593124,EpiDISH,CRC,cfrrbs,limma,in_silico,top100,0.001
healthy_CRC_0.001_20000000_rep2,0.0153807462190304,EpiDISH,CRC,cfrrbs,limma,in_silico,top100,0.001
healthy_CRC_0.001_20000000_rep3,0.0313348793045781,EpiDISH,CRC,cfrrbs,limma,in_silico,top100,0.001
healthy_CRC_0.001_20000000_rep4,0.0277762839851222,EpiDISH,CRC,cfrrbs,limma,in_silico,top100,0.001
healthy_CRC_0.001_20000000_rep5,0.0039030876237278,EpiDISH,CRC,cfrrbs,limma,in_silico,top100,0.001
healthy_CRC_0.001_20000000_rep6,0.0328283718765587,EpiDISH,CRC,cfrrbs,limma,in_silico,top100,0.001
healthy_CRC_0.001_20000000_rep7,0.0091511696792544,EpiDISH,CRC,cfrrbs,limma,in_silico,top100,0.001
healthy_CRC_0.001_20000000_rep8,0.033350769336792,EpiDISH,CRC,cfrrbs,limma,in_silico,top100,0.001
healthy_CRC_0.001_20000000_rep9,0.0,EpiDISH,CRC,cfrrbs,limma,in_silico,top100,0.001
healthy_CRC_0.003_20000000_rep1,0.0226306620469099,EpiDISH,CRC,cfrrbs,limma,in_silico,top100,0.003
healthy_CRC_0.003_20000000_rep10,0.0138740515619239,EpiDISH,CRC,cfrrbs,limma,in_silico,top100,0.003
healthy_CRC_0.003_20000000_rep2,0.0148237225878532,EpiDISH,CRC,cfrrbs,limma,in_silico,top100,0.003
healthy_CRC_0.003_20000000_rep3,0.0,EpiDISH,CRC,cfrrbs,limma,in_silico,top100,0.003
healthy_CRC_0.003_20000000_rep4,0.0452861715529387,EpiDISH,CRC,cfrrbs,limma,in_silico,top100,0.003
healthy_CRC_0.003_20000000_rep5,0.0020029015823346,EpiDISH,CRC,cfrrbs,limma,in_silico,top100,0.003
healthy_CRC_0.003_20000000_rep6,0.0237863343294427,EpiDISH,CRC,cfrrbs,limma,in_silico,top100,0.003
healthy_CRC_0.003_20000000_rep7,0.0222197969329929,EpiDISH,CRC,cfrrbs,limma,in_silico,top100,0.003
healthy_CRC_0.003_20000000_rep8,0.0351636365034835,EpiDISH,CRC,cfrrbs,limma,in_silico,top100,0.003
healthy_CRC_0.003_20000000_rep9,0.0063192464531992,EpiDISH,CRC,cfrrbs,limma,in_silico,top100,0.003
healthy_CRC_0.007_20000000_rep1,0.0225233069576514,EpiDISH,CRC,cfrrbs,limma,in_silico,top100,0.007
healthy_CRC_0.007_20000000_rep10,0.0557301642736923,EpiDISH,CRC,cfrrbs,limma,in_silico,top100,0.007
healthy_CRC_0.007_20000000_rep2,0.0504274117392194,EpiDISH,CRC,cfrrbs,limma,in_silico,top100,0.007
healthy_CRC_0.007_20000000_rep3,0.0139616158362105,EpiDISH,CRC,cfrrbs,limma,in_silico,top100,0.007
healthy_CRC_0.007_20000000_rep4,0.0302711948609452,EpiDISH,CRC,cfrrbs,limma,in_silico,top100,0.007
healthy_CRC_0.007_20000000_rep5,0.0059220928454682,EpiDISH,CRC,cfrrbs,limma,in_silico,top100,0.007
healthy_CRC_0.007_20000000_rep6,0.0248383305512646,EpiDISH,CRC,cfrrbs,limma,in_silico,top100,0.007
healthy_CRC_0.007_20000000_rep7,0.0318518114552981,EpiDISH,CRC,cfrrbs,limma,in_silico,top100,0.007
healthy_CRC_0.007_20000000_rep8,0.0,EpiDISH,CRC,cfrrbs,limma,in_silico,top100,0.007
healthy_CRC_0.007_20000000_rep9,0.0,EpiDISH,CRC,cfrrbs,limma,in_silico,top100,0.007
healthy_CRC_0.01_20000000_rep1,0.0109418383267967,EpiDISH,CRC,cfrrbs,limma,in_silico,top100,0.01
healthy_CRC_0.01_20000000_rep10,0.0157145817067531,EpiDISH,CRC,cfrrbs,limma,in_silico,top100,0.01
healthy_CRC_0.01_20000000_rep2,0.038709524754303,EpiDISH,CRC,cfrrbs,limma,in_silico,top100,0.01
healthy_CRC_0.01_20000000_rep3,0.0129580802489737,EpiDISH,CRC,cfrrbs,limma,in_silico,top100,0.01
healthy_CRC_0.01_20000000_rep4,0.011740879821264,EpiDISH,CRC,cfrrbs,limma,in_silico,top100,0.01
healthy_CRC_0.01_20000000_rep5,0.0223720209279238,EpiDISH,CRC,cfrrbs,limma,in_silico,top100,0.01
healthy_CRC_0.01_20000000_rep6,0.0540651108943171,EpiDISH,CRC,cfrrbs,limma,in_silico,top100,0.01
healthy_CRC_0.01_20000000_rep7,0.0372492525820436,EpiDISH,CRC,cfrrbs,limma,in_silico,top100,0.01
healthy_CRC_0.01_20000000_rep8,0.0184862703329461,EpiDISH,CRC,cfrrbs,limma,in_silico,top100,0.01
healthy_CRC_0.01_20000000_rep9,0.0382914712227224,EpiDISH,CRC,cfrrbs,limma,in_silico,top100,0.01
healthy_CRC_0.025_20000000_rep1,0.0027448500243288,EpiDISH,CRC,cfrrbs,limma,in_silico,top100,0.025
healthy_CRC_0.025_20000000_rep10,0.0422545344458148,EpiDISH,CRC,cfrrbs,limma,in_silico,top100,0.025
healthy_CRC_0.025_20000000_rep2,0.0352493035424018,EpiDISH,CRC,cfrrbs,limma,in_silico,top100,0.025
healthy_CRC_0.025_20000000_rep3,0.0147465815696982,EpiDISH,CRC,cfrrbs,limma,in_silico,top100,0.025
healthy_CRC_0.025_20000000_rep4,0.0370703397179846,EpiDISH,CRC,cfrrbs,limma,in_silico,top100,0.025
healthy_CRC_0.025_20000000_rep5,0.0328465850190036,EpiDISH,CRC,cfrrbs,limma,in_silico,top100,0.025
healthy_CRC_0.025_20000000_rep6,0.042874490115069,EpiDISH,CRC,cfrrbs,limma,in_silico,top100,0.025
healthy_CRC_0.025_20000000_rep7,0.0292795854055646,EpiDISH,CRC,cfrrbs,limma,in_silico,top100,0.025
healthy_CRC_0.025_20000000_rep8,0.0215654708773591,EpiDISH,CRC,cfrrbs,limma,in_silico,top100,0.025
healthy_CRC_0.025_20000000_rep9,0.0498742330430526,EpiDISH,CRC,cfrrbs,limma,in_silico,top100,0.025
healthy_CRC_0.05_20000000_rep1,0.0539360713230278,EpiDISH,CRC,cfrrbs,limma,in_silico,top100,0.05
healthy_CRC_0.05_20000000_rep10,0.0683656421937198,EpiDISH,CRC,cfrrbs,limma,in_silico,top100,0.05
healthy_CRC_0.05_20000000_rep2,0.0595874588279055,EpiDISH,CRC,cfrrbs,limma,in_silico,top100,0.05
healthy_CRC_0.05_20000000_rep3,0.0632900479085121,EpiDISH,CRC,cfrrbs,limma,in_silico,top100,0.05
healthy_CRC_0.05_20000000_rep4,0.0327794008808419,EpiDISH,CRC,cfrrbs,limma,in_silico,top100,0.05
healthy_CRC_0.05_20000000_rep5,0.0409633524829226,EpiDISH,CRC,cfrrbs,limma,in_silico,top100,0.05
healthy_CRC_0.05_20000000_rep6,0.0473622267291309,EpiDISH,CRC,cfrrbs,limma,in_silico,top100,0.05
healthy_CRC_0.05_20000000_rep7,0.0564009589515429,EpiDISH,CRC,cfrrbs,limma,in_silico,top100,0.05
healthy_CRC_0.05_20000000_rep8,0.0590787020704827,EpiDISH,CRC,cfrrbs,limma,in_silico,top100,0.05
healthy_CRC_0.05_20000000_rep9,0.044373593872567,EpiDISH,CRC,cfrrbs,limma,in_silico,top100,0.05
healthy_CRC_0.1_20000000_rep1,0.0885164318678843,EpiDISH,CRC,cfrrbs,limma,in_silico,top100,0.1
healthy_CRC_0.1_20000000_rep10,0.0905337083698121,EpiDISH,CRC,cfrrbs,limma,in_silico,top100,0.1
healthy_CRC_0.1_20000000_rep2,0.0727698983992684,EpiDISH,CRC,cfrrbs,limma,in_silico,top100,0.1
healthy_CRC_0.1_20000000_rep3,0.0662954611375927,EpiDISH,CRC,cfrrbs,limma,in_silico,top100,0.1
healthy_CRC_0.1_20000000_rep4,0.0683511331011783,EpiDISH,CRC,cfrrbs,limma,in_silico,top100,0.1
healthy_CRC_0.1_20000000_rep5,0.0939547707239836,EpiDISH,CRC,cfrrbs,limma,in_silico,top100,0.1
healthy_CRC_0.1_20000000_rep6,0.0703907001271048,EpiDISH,CRC,cfrrbs,limma,in_silico,top100,0.1
healthy_CRC_0.1_20000000_rep7,0.0844063394325876,EpiDISH,CRC,cfrrbs,limma,in_silico,top100,0.1
healthy_CRC_0.1_20000000_rep8,0.0897679323122547,EpiDISH,CRC,cfrrbs,limma,in_silico,top100,0.1
healthy_CRC_0.1_20000000_rep9,0.0705294757257271,EpiDISH,CRC,cfrrbs,limma,in_silico,top100,0.1
healthy_CRC_0.25_20000000_rep1,0.180346864851834,EpiDISH,CRC,cfrrbs,limma,in_silico,top100,0.25
healthy_CRC_0.25_20000000_rep10,0.143998048082281,EpiDISH,CRC,cfrrbs,limma,in_silico,top100,0.25
healthy_CRC_0.25_20000000_rep2,0.177305227797988,EpiDISH,CRC,cfrrbs,limma,in_silico,top100,0.25
healthy_CRC_0.25_20000000_rep3,0.155569037295701,EpiDISH,CRC,cfrrbs,limma,in_silico,top100,0.25
healthy_CRC_0.25_20000000_rep4,0.152741239997454,EpiDISH,CRC,cfrrbs,limma,in_silico,top100,0.25
healthy_CRC_0.25_20000000_rep5,0.169851856742003,EpiDISH,CRC,cfrrbs,limma,in_silico,top100,0.25
healthy_CRC_0.25_20000000_rep6,0.178419569187508,EpiDISH,CRC,cfrrbs,limma,in_silico,top100,0.25
healthy_CRC_0.25_20000000_rep7,0.159579582315836,EpiDISH,CRC,cfrrbs,limma,in_silico,top100,0.25
healthy_CRC_0.25_20000000_rep8,0.154419378021485,EpiDISH,CRC,cfrrbs,limma,in_silico,top100,0.25
healthy_CRC_0.25_20000000_rep9,0.178716626915338,EpiDISH,CRC,cfrrbs,limma,in_silico,top100,0.25
healthy_CRC_0.5_20000000_rep1,0.311315527521062,EpiDISH,CRC,cfrrbs,limma,in_silico,top100,0.5
healthy_CRC_0.5_20000000_rep10,0.329190962400765,EpiDISH,CRC,cfrrbs,limma,in_silico,top100,0.5
healthy_CRC_0.5_20000000_rep2,0.319299936550448,EpiDISH,CRC,cfrrbs,limma,in_silico,top100,0.5
healthy_CRC_0.5_20000000_rep3,0.308423259281596,EpiDISH,CRC,cfrrbs,limma,in_silico,top100,0.5
healthy_CRC_0.5_20000000_rep4,0.32600929182724,EpiDISH,CRC,cfrrbs,limma,in_silico,top100,0.5
healthy_CRC_0.5_20000000_rep5,0.311269356934139,EpiDISH,CRC,cfrrbs,limma,in_silico,top100,0.5
healthy_CRC_0.5_20000000_rep6,0.311213725145259,EpiDISH,CRC,cfrrbs,limma,in_silico,top100,0.5
healthy_CRC_0.5_20000000_rep7,0.327448295703389,EpiDISH,CRC,cfrrbs,limma,in_silico,top100,0.5
healthy_CRC_0.5_20000000_rep8,0.315054954810962,EpiDISH,CRC,cfrrbs,limma,in_silico,top100,0.5
healthy_CRC_0.5_20000000_rep9,0.300818654356866,EpiDISH,CRC,cfrrbs,limma,in_silico,top100,0.5
healthy_CRC_0_20000000_rep1,0.0357845104816284,EpiDISH,CRC,cfrrbs,limma,in_silico,top100,0
healthy_CRC_0_20000000_rep10,0.0391333530615668,EpiDISH,CRC,cfrrbs,limma,in_silico,top100,0
healthy_CRC_0_20000000_rep2,0.0209227024521955,EpiDISH,CRC,cfrrbs,limma,in_silico,top100,0
healthy_CRC_0_20000000_rep3,0.0358330257838239,EpiDISH,CRC,cfrrbs,limma,in_silico,top100,0
healthy_CRC_0_20000000_rep4,0.0181310938802775,EpiDISH,CRC,cfrrbs,limma,in_silico,top100,0
healthy_CRC_0_20000000_rep5,0.0299393299671382,EpiDISH,CRC,cfrrbs,limma,in_silico,top100,0
healthy_CRC_0_20000000_rep6,0.0385573165919001,EpiDISH,CRC,cfrrbs,limma,in_silico,top100,0
healthy_CRC_0_20000000_rep7,0.0220963376135583,EpiDISH,CRC,cfrrbs,limma,in_silico,top100,0
healthy_CRC_0_20000000_rep8,0.0,EpiDISH,CRC,cfrrbs,limma,in_silico,top100,0
healthy_CRC_0_20000000_rep9,0.0187800167470663,EpiDISH,CRC,cfrrbs,limma,in_silico,top100,0
healthy_CRC_0.0001_20000000_rep1,0.0039,PRMeth,CRC,cfrrbs,limma,in_silico,top100,0.0001
healthy_CRC_0.0001_20000000_rep10,0.0,PRMeth,CRC,cfrrbs,limma,in_silico,top100,0.0001
healthy_CRC_0.0001_20000000_rep2,0.0,PRMeth,CRC,cfrrbs,limma,in_silico,top100,0.0001
healthy_CRC_0.0001_20000000_rep3,0.0,PRMeth,CRC,cfrrbs,limma,in_silico,top100,0.0001
healthy_CRC_0.0001_20000000_rep4,0.0,PRMeth,CRC,cfrrbs,limma,in_silico,top100,0.0001
healthy_CRC_0.0001_20000000_rep5,0.0,PRMeth,CRC,cfrrbs,limma,in_silico,top100,0.0001
healthy_CRC_0.0001_20000000_rep6,0.0,PRMeth,CRC,cfrrbs,limma,in_silico,top100,0.0001
healthy_CRC_0.0001_20000000_rep7,0.0,PRMeth,CRC,cfrrbs,limma,in_silico,top100,0.0001
healthy_CRC_0.0001_20000000_rep8,0.0,PRMeth,CRC,cfrrbs,limma,in_silico,top100,0.0001
healthy_CRC_0.0001_20000000_rep9,0.0028,PRMeth,CRC,cfrrbs,limma,in_silico,top100,0.0001
healthy_CRC_0.001_20000000_rep1,0.0,PRMeth,CRC,cfrrbs,limma,in_silico,top100,0.001
healthy_CRC_0.001_20000000_rep10,0.0,PRMeth,CRC,cfrrbs,limma,in_silico,top100,0.001
healthy_CRC_0.001_20000000_rep2,0.0,PRMeth,CRC,cfrrbs,limma,in_silico,top100,0.001
healthy_CRC_0.001_20000000_rep3,0.0,PRMeth,CRC,cfrrbs,limma,in_silico,top100,0.001
healthy_CRC_0.001_20000000_rep4,0.0,PRMeth,CRC,cfrrbs,limma,in_silico,top100,0.001
healthy_CRC_0.001_20000000_rep5,0.0,PRMeth,CRC,cfrrbs,limma,in_silico,top100,0.001
healthy_CRC_0.001_20000000_rep6,0.0,PRMeth,CRC,cfrrbs,limma,in_silico,top100,0.001
healthy_CRC_0.001_20000000_rep7,0.0,PRMeth,CRC,cfrrbs,limma,in_silico,top100,0.001
healthy_CRC_0.001_20000000_rep8,0.0038,PRMeth,CRC,cfrrbs,limma,in_silico,top100,0.001
healthy_CRC_0.001_20000000_rep9,0.0,PRMeth,CRC,cfrrbs,limma,in_silico,top100,0.001
healthy_CRC_0.003_20000000_rep1,0.0,PRMeth,CRC,cfrrbs,limma,in_silico,top100,0.003
healthy_CRC_0.003_20000000_rep10,0.0,PRMeth,CRC,cfrrbs,limma,in_silico,top100,0.003
healthy_CRC_0.003_20000000_rep2,0.0003,PRMeth,CRC,cfrrbs,limma,in_silico,top100,0.003
healthy_CRC_0.003_20000000_rep3,0.0,PRMeth,CRC,cfrrbs,limma,in_silico,top100,0.003
healthy_CRC_0.003_20000000_rep4,0.0,PRMeth,CRC,cfrrbs,limma,in_silico,top100,0.003
healthy_CRC_0.003_20000000_rep5,0.0,PRMeth,CRC,cfrrbs,limma,in_silico,top100,0.003
healthy_CRC_0.003_20000000_rep6,0.0,PRMeth,CRC,cfrrbs,limma,in_silico,top100,0.003
healthy_CRC_0.003_20000000_rep7,0.0,PRMeth,CRC,cfrrbs,limma,in_silico,top100,0.003
healthy_CRC_0.003_20000000_rep8,0.0015,PRMeth,CRC,cfrrbs,limma,in_silico,top100,0.003
healthy_CRC_0.003_20000000_rep9,0.0,PRMeth,CRC,cfrrbs,limma,in_silico,top100,0.003
healthy_CRC_0.007_20000000_rep1,0.003,PRMeth,CRC,cfrrbs,limma,in_silico,top100,0.007
healthy_CRC_0.007_20000000_rep10,0.0111,PRMeth,CRC,cfrrbs,limma,in_silico,top100,0.007
healthy_CRC_0.007_20000000_rep2,0.011,PRMeth,CRC,cfrrbs,limma,in_silico,top100,0.007
healthy_CRC_0.007_20000000_rep3,0.0028,PRMeth,CRC,cfrrbs,limma,in_silico,top100,0.007
healthy_CRC_0.007_20000000_rep4,0.0034,PRMeth,CRC,cfrrbs,limma,in_silico,top100,0.007
healthy_CRC_0.007_20000000_rep5,0.0,PRMeth,CRC,cfrrbs,limma,in_silico,top100,0.007
healthy_CRC_0.007_20000000_rep6,0.0014,PRMeth,CRC,cfrrbs,limma,in_silico,top100,0.007
healthy_CRC_0.007_20000000_rep7,0.0033,PRMeth,CRC,cfrrbs,limma,in_silico,top100,0.007
healthy_CRC_0.007_20000000_rep8,0.0,PRMeth,CRC,cfrrbs,limma,in_silico,top100,0.007
healthy_CRC_0.007_20000000_rep9,0.0,PRMeth,CRC,cfrrbs,limma,in_silico,top100,0.007
healthy_CRC_0.01_20000000_rep1,0.0025,PRMeth,CRC,cfrrbs,limma,in_silico,top100,0.01
healthy_CRC_0.01_20000000_rep10,0.0,PRMeth,CRC,cfrrbs,limma,in_silico,top100,0.01
healthy_CRC_0.01_20000000_rep2,0.0043,PRMeth,CRC,cfrrbs,limma,in_silico,top100,0.01
healthy_CRC_0.01_20000000_rep3,0.0007,PRMeth,CRC,cfrrbs,limma,in_silico,top100,0.01
healthy_CRC_0.01_20000000_rep4,0.0041,PRMeth,CRC,cfrrbs,limma,in_silico,top100,0.01
healthy_CRC_0.01_20000000_rep5,0.0086,PRMeth,CRC,cfrrbs,limma,in_silico,top100,0.01
healthy_CRC_0.01_20000000_rep6,0.0095,PRMeth,CRC,cfrrbs,limma,in_silico,top100,0.01
healthy_CRC_0.01_20000000_rep7,0.0028,PRMeth,CRC,cfrrbs,limma,in_silico,top100,0.01
healthy_CRC_0.01_20000000_rep8,0.0034,PRMeth,CRC,cfrrbs,limma,in_silico,top100,0.01
healthy_CRC_0.01_20000000_rep9,0.0049,PRMeth,CRC,cfrrbs,limma,in_silico,top100,0.01
healthy_CRC_0.025_20000000_rep1,0.0079,PRMeth,CRC,cfrrbs,limma,in_silico,top100,0.025
healthy_CRC_0.025_20000000_rep10,0.0107,PRMeth,CRC,cfrrbs,limma,in_silico,top100,0.025
healthy_CRC_0.025_20000000_rep2,0.0219,PRMeth,CRC,cfrrbs,limma,in_silico,top100,0.025
healthy_CRC_0.025_20000000_rep3,0.0082,PRMeth,CRC,cfrrbs,limma,in_silico,top100,0.025
healthy_CRC_0.025_20000000_rep4,0.0086,PRMeth,CRC,cfrrbs,limma,in_silico,top100,0.025
healthy_CRC_0.025_20000000_rep5,0.0143,PRMeth,CRC,cfrrbs,limma,in_silico,top100,0.025
healthy_CRC_0.025_20000000_rep6,0.0166,PRMeth,CRC,cfrrbs,limma,in_silico,top100,0.025
healthy_CRC_0.025_20000000_rep7,0.0085,PRMeth,CRC,cfrrbs,limma,in_silico,top100,0.025
healthy_CRC_0.025_20000000_rep8,0.0071,PRMeth,CRC,cfrrbs,limma,in_silico,top100,0.025
healthy_CRC_0.025_20000000_rep9,0.0121,PRMeth,CRC,cfrrbs,limma,in_silico,top100,0.025
healthy_CRC_0.05_20000000_rep1,0.0364,PRMeth,CRC,cfrrbs,limma,in_silico,top100,0.05
healthy_CRC_0.05_20000000_rep10,0.0309,PRMeth,CRC,cfrrbs,limma,in_silico,top100,0.05
healthy_CRC_0.05_20000000_rep2,0.0227,PRMeth,CRC,cfrrbs,limma,in_silico,top100,0.05
healthy_CRC_0.05_20000000_rep3,0.0362,PRMeth,CRC,cfrrbs,limma,in_silico,top100,0.05
healthy_CRC_0.05_20000000_rep4,0.0175,PRMeth,CRC,cfrrbs,limma,in_silico,top100,0.05
healthy_CRC_0.05_20000000_rep5,0.0198,PRMeth,CRC,cfrrbs,limma,in_silico,top100,0.05
healthy_CRC_0.05_20000000_rep6,0.0293,PRMeth,CRC,cfrrbs,limma,in_silico,top100,0.05
healthy_CRC_0.05_20000000_rep7,0.0347,PRMeth,CRC,cfrrbs,limma,in_silico,top100,0.05
healthy_CRC_0.05_20000000_rep8,0.0341,PRMeth,CRC,cfrrbs,limma,in_silico,top100,0.05
healthy_CRC_0.05_20000000_rep9,0.0287,PRMeth,CRC,cfrrbs,limma,in_silico,top100,0.05
healthy_CRC_0.1_20000000_rep1,0.0664,PRMeth,CRC,cfrrbs,limma,in_silico,top100,0.1
healthy_CRC_0.1_20000000_rep10,0.0593,PRMeth,CRC,cfrrbs,limma,in_silico,top100,0.1
healthy_CRC_0.1_20000000_rep2,0.052,PRMeth,CRC,cfrrbs,limma,in_silico,top100,0.1
healthy_CRC_0.1_20000000_rep3,0.0643,PRMeth,CRC,cfrrbs,limma,in_silico,top100,0.1
healthy_CRC_0.1_20000000_rep4,0.051,PRMeth,CRC,cfrrbs,limma,in_silico,top100,0.1
healthy_CRC_0.1_20000000_rep5,0.068,PRMeth,CRC,cfrrbs,limma,in_silico,top100,0.1
healthy_CRC_0.1_20000000_rep6,0.0485,PRMeth,CRC,cfrrbs,limma,in_silico,top100,0.1
healthy_CRC_0.1_20000000_rep7,0.0603,PRMeth,CRC,cfrrbs,limma,in_silico,top100,0.1
healthy_CRC_0.1_20000000_rep8,0.0677,PRMeth,CRC,cfrrbs,limma,in_silico,top100,0.1
healthy_CRC_0.1_20000000_rep9,0.0527,PRMeth,CRC,cfrrbs,limma,in_silico,top100,0.1
healthy_CRC_0.25_20000000_rep1,0.148,PRMeth,CRC,cfrrbs,limma,in_silico,top100,0.25
healthy_CRC_0.25_20000000_rep10,0.153,PRMeth,CRC,cfrrbs,limma,in_silico,top100,0.25
healthy_CRC_0.25_20000000_rep2,0.1536,PRMeth,CRC,cfrrbs,limma,in_silico,top100,0.25
healthy_CRC_0.25_20000000_rep3,0.1672,PRMeth,CRC,cfrrbs,limma,in_silico,top100,0.25
healthy_CRC_0.25_20000000_rep4,0.152,PRMeth,CRC,cfrrbs,limma,in_silico,top100,0.25
healthy_CRC_0.25_20000000_rep5,0.167,PRMeth,CRC,cfrrbs,limma,in_silico,top100,0.25
healthy_CRC_0.25_20000000_rep6,0.1664,PRMeth,CRC,cfrrbs,limma,in_silico,top100,0.25
healthy_CRC_0.25_20000000_rep7,0.1451,PRMeth,CRC,cfrrbs,limma,in_silico,top100,0.25
healthy_CRC_0.25_20000000_rep8,0.1582,PRMeth,CRC,cfrrbs,limma,in_silico,top100,0.25
healthy_CRC_0.25_20000000_rep9,0.1587,PRMeth,CRC,cfrrbs,limma,in_silico,top100,0.25
healthy_CRC_0.5_20000000_rep1,0.3251,PRMeth,CRC,cfrrbs,limma,in_silico,top100,0.5
healthy_CRC_0.5_20000000_rep10,0.338,PRMeth,CRC,cfrrbs,limma,in_silico,top100,0.5
healthy_CRC_0.5_20000000_rep2,0.3178,PRMeth,CRC,cfrrbs,limma,in_silico,top100,0.5
healthy_CRC_0.5_20000000_rep3,0.3153,PRMeth,CRC,cfrrbs,limma,in_silico,top100,0.5
healthy_CRC_0.5_20000000_rep4,0.3271,PRMeth,CRC,cfrrbs,limma,in_silico,top100,0.5
healthy_CRC_0.5_20000000_rep5,0.3171,PRMeth,CRC,cfrrbs,limma,in_silico,top100,0.5
healthy_CRC_0.5_20000000_rep6,0.3159,PRMeth,CRC,cfrrbs,limma,in_silico,top100,0.5
healthy_CRC_0.5_20000000_rep7,0.3287,PRMeth,CRC,cfrrbs,limma,in_silico,top100,0.5
healthy_CRC_0.5_20000000_rep8,0.3145,PRMeth,CRC,cfrrbs,limma,in_silico,top100,0.5
healthy_CRC_0.5_20000000_rep9,0.3109,PRMeth,CRC,cfrrbs,limma,in_silico,top100,0.5
healthy_CRC_0_20000000_rep1,0.0066,PRMeth,CRC,cfrrbs,limma,in_silico,top100,0
healthy_CRC_0_20000000_rep10,0.0,PRMeth,CRC,cfrrbs,limma,in_silico,top100,0
healthy_CRC_0_20000000_rep2,0.0,PRMeth,CRC,cfrrbs,limma,in_silico,top100,0
healthy_CRC_0_20000000_rep3,0.0,PRMeth,CRC,cfrrbs,limma,in_silico,top100,0
healthy_CRC_0_20000000_rep4,0.0,PRMeth,CRC,cfrrbs,limma,in_silico,top100,0
healthy_CRC_0_20000000_rep5,0.0,PRMeth,CRC,cfrrbs,limma,in_silico,top100,0
healthy_CRC_0_20000000_rep6,0.0,PRMeth,CRC,cfrrbs,limma,in_silico,top100,0
healthy_CRC_0_20000000_rep7,0.0,PRMeth,CRC,cfrrbs,limma,in_silico,top100,0
healthy_CRC_0_20000000_rep8,0.0,PRMeth,CRC,cfrrbs,limma,in_silico,top100,0
healthy_CRC_0_20000000_rep9,0.0,PRMeth,CRC,cfrrbs,limma,in_silico,top100,0
healthy_CRC_0.0001_20000000_rep1,0.0385428985328285,CIBERSORT,CRC,cfrrbs,limma,in_silico,top100,0.0001
healthy_CRC_0.0001_20000000_rep10,0.0,CIBERSORT,CRC,cfrrbs,limma,in_silico,top100,0.0001
healthy_CRC_0.0001_20000000_rep2,0.0137240957094151,CIBERSORT,CRC,cfrrbs,limma,in_silico,top100,0.0001
healthy_CRC_0.0001_20000000_rep3,0.0128030156444985,CIBERSORT,CRC,cfrrbs,limma,in_silico,top100,0.0001
healthy_CRC_0.0001_20000000_rep4,0.0236277416490501,CIBERSORT,CRC,cfrrbs,limma,in_silico,top100,0.0001
healthy_CRC_0.0001_20000000_rep5,0.0387559226077777,CIBERSORT,CRC,cfrrbs,limma,in_silico,top100,0.0001
healthy_CRC_0.0001_20000000_rep6,0.0358055355550825,CIBERSORT,CRC,cfrrbs,limma,in_silico,top100,0.0001
healthy_CRC_0.0001_20000000_rep7,0.0269980726279112,CIBERSORT,CRC,cfrrbs,limma,in_silico,top100,0.0001
healthy_CRC_0.0001_20000000_rep8,0.0148812812690002,CIBERSORT,CRC,cfrrbs,limma,in_silico,top100,0.0001
healthy_CRC_0.0001_20000000_rep9,0.0481879867827925,CIBERSORT,CRC,cfrrbs,limma,in_silico,top100,0.0001
healthy_CRC_0.001_20000000_rep1,0.031999451427531,CIBERSORT,CRC,cfrrbs,limma,in_silico,top100,0.001
healthy_CRC_0.001_20000000_rep10,0.0432109038775742,CIBERSORT,CRC,cfrrbs,limma,in_silico,top100,0.001
healthy_CRC_0.001_20000000_rep2,0.0176761014162881,CIBERSORT,CRC,cfrrbs,limma,in_silico,top100,0.001
healthy_CRC_0.001_20000000_rep3,0.0415228621572623,CIBERSORT,CRC,cfrrbs,limma,in_silico,top100,0.001
healthy_CRC_0.001_20000000_rep4,0.0257120489773756,CIBERSORT,CRC,cfrrbs,limma,in_silico,top100,0.001
healthy_CRC_0.001_20000000_rep5,0.0050782848202711,CIBERSORT,CRC,cfrrbs,limma,in_silico,top100,0.001
healthy_CRC_0.001_20000000_rep6,0.0315656236533059,CIBERSORT,CRC,cfrrbs,limma,in_silico,top100,0.001
healthy_CRC_0.001_20000000_rep7,0.0107645393563004,CIBERSORT,CRC,cfrrbs,limma,in_silico,top100,0.001
healthy_CRC_0.001_20000000_rep8,0.0363716437954644,CIBERSORT,CRC,cfrrbs,limma,in_silico,top100,0.001
healthy_CRC_0.001_20000000_rep9,0.0,CIBERSORT,CRC,cfrrbs,limma,in_silico,top100,0.001
healthy_CRC_0.003_20000000_rep1,0.0243147102426892,CIBERSORT,CRC,cfrrbs,limma,in_silico,top100,0.003
healthy_CRC_0.003_20000000_rep10,0.0162365667615096,CIBERSORT,CRC,cfrrbs,limma,in_silico,top100,0.003
healthy_CRC_0.003_20000000_rep2,0.0433119248095537,CIBERSORT,CRC,cfrrbs,limma,in_silico,top100,0.003
healthy_CRC_0.003_20000000_rep3,0.0337096626816618,CIBERSORT,CRC,cfrrbs,limma,in_silico,top100,0.003
healthy_CRC_0.003_20000000_rep4,0.04685606772653,CIBERSORT,CRC,cfrrbs,limma,in_silico,top100,0.003
healthy_CRC_0.003_20000000_rep5,0.0113782420826217,CIBERSORT,CRC,cfrrbs,limma,in_silico,top100,0.003
healthy_CRC_0.003_20000000_rep6,0.0260887104017372,CIBERSORT,CRC,cfrrbs,limma,in_silico,top100,0.003
healthy_CRC_0.003_20000000_rep7,0.0286713196714973,CIBERSORT,CRC,cfrrbs,limma,in_silico,top100,0.003
healthy_CRC_0.003_20000000_rep8,0.0341621062795067,CIBERSORT,CRC,cfrrbs,limma,in_silico,top100,0.003
healthy_CRC_0.003_20000000_rep9,0.0156414447558421,CIBERSORT,CRC,cfrrbs,limma,in_silico,top100,0.003
healthy_CRC_0.007_20000000_rep1,0.0263605655104216,CIBERSORT,CRC,cfrrbs,limma,in_silico,top100,0.007
healthy_CRC_0.007_20000000_rep10,0.063386227314978,CIBERSORT,CRC,cfrrbs,limma,in_silico,top100,0.007
healthy_CRC_0.007_20000000_rep2,0.0535256124645367,CIBERSORT,CRC,cfrrbs,limma,in_silico,top100,0.007
healthy_CRC_0.007_20000000_rep3,0.0318709251009581,CIBERSORT,CRC,cfrrbs,limma,in_silico,top100,0.007
healthy_CRC_0.007_20000000_rep4,0.0417388223634461,CIBERSORT,CRC,cfrrbs,limma,in_silico,top100,0.007
healthy_CRC_0.007_20000000_rep5,0.0345704396093813,CIBERSORT,CRC,cfrrbs,limma,in_silico,top100,0.007
healthy_CRC_0.007_20000000_rep6,0.0321570420162861,CIBERSORT,CRC,cfrrbs,limma,in_silico,top100,0.007
healthy_CRC_0.007_20000000_rep7,0.0368085045956837,CIBERSORT,CRC,cfrrbs,limma,in_silico,top100,0.007
healthy_CRC_0.007_20000000_rep8,0.0053841450652492,CIBERSORT,CRC,cfrrbs,limma,in_silico,top100,0.007
healthy_CRC_0.007_20000000_rep9,0.0,CIBERSORT,CRC,cfrrbs,limma,in_silico,top100,0.007
healthy_CRC_0.01_20000000_rep1,0.0154968489606498,CIBERSORT,CRC,cfrrbs,limma,in_silico,top100,0.01
healthy_CRC_0.01_20000000_rep10,0.0282706299686595,CIBERSORT,CRC,cfrrbs,limma,in_silico,top100,0.01
healthy_CRC_0.01_20000000_rep2,0.0464100928428627,CIBERSORT,CRC,cfrrbs,limma,in_silico,top100,0.01
healthy_CRC_0.01_20000000_rep3,0.0129383459120963,CIBERSORT,CRC,cfrrbs,limma,in_silico,top100,0.01
healthy_CRC_0.01_20000000_rep4,0.0462956415894887,CIBERSORT,CRC,cfrrbs,limma,in_silico,top100,0.01
healthy_CRC_0.01_20000000_rep5,0.0244216252731689,CIBERSORT,CRC,cfrrbs,limma,in_silico,top100,0.01
healthy_CRC_0.01_20000000_rep6,0.0504006320040085,CIBERSORT,CRC,cfrrbs,limma,in_silico,top100,0.01
healthy_CRC_0.01_20000000_rep7,0.0461005254081027,CIBERSORT,CRC,cfrrbs,limma,in_silico,top100,0.01
healthy_CRC_0.01_20000000_rep8,0.0420246202406984,CIBERSORT,CRC,cfrrbs,limma,in_silico,top100,0.01
healthy_CRC_0.01_20000000_rep9,0.039316005587804,CIBERSORT,CRC,cfrrbs,limma,in_silico,top100,0.01
healthy_CRC_0.025_20000000_rep1,0.0110969196481968,CIBERSORT,CRC,cfrrbs,limma,in_silico,top100,0.025
healthy_CRC_0.025_20000000_rep10,0.0533892392429583,CIBERSORT,CRC,cfrrbs,limma,in_silico,top100,0.025
healthy_CRC_0.025_20000000_rep2,0.0382247021216967,CIBERSORT,CRC,cfrrbs,limma,in_silico,top100,0.025
healthy_CRC_0.025_20000000_rep3,0.0102918236963695,CIBERSORT,CRC,cfrrbs,limma,in_silico,top100,0.025
healthy_CRC_0.025_20000000_rep4,0.0457914527037839,CIBERSORT,CRC,cfrrbs,limma,in_silico,top100,0.025
healthy_CRC_0.025_20000000_rep5,0.0419007899696883,CIBERSORT,CRC,cfrrbs,limma,in_silico,top100,0.025
healthy_CRC_0.025_20000000_rep6,0.0470945383619849,CIBERSORT,CRC,cfrrbs,limma,in_silico,top100,0.025
healthy_CRC_0.025_20000000_rep7,0.0437488678662642,CIBERSORT,CRC,cfrrbs,limma,in_silico,top100,0.025
healthy_CRC_0.025_20000000_rep8,0.0322645497908332,CIBERSORT,CRC,cfrrbs,limma,in_silico,top100,0.025
healthy_CRC_0.025_20000000_rep9,0.0623083184638424,CIBERSORT,CRC,cfrrbs,limma,in_silico,top100,0.025
healthy_CRC_0.05_20000000_rep1,0.0543762967131643,CIBERSORT,CRC,cfrrbs,limma,in_silico,top100,0.05
healthy_CRC_0.05_20000000_rep10,0.0775116021642624,CIBERSORT,CRC,cfrrbs,limma,in_silico,top100,0.05
healthy_CRC_0.05_20000000_rep2,0.0765536115164626,CIBERSORT,CRC,cfrrbs,limma,in_silico,top100,0.05
healthy_CRC_0.05_20000000_rep3,0.0612967583744568,CIBERSORT,CRC,cfrrbs,limma,in_silico,top100,0.05
healthy_CRC_0.05_20000000_rep4,0.0338007615369714,CIBERSORT,CRC,cfrrbs,limma,in_silico,top100,0.05
healthy_CRC_0.05_20000000_rep5,0.0512794113047051,CIBERSORT,CRC,cfrrbs,limma,in_silico,top100,0.05
healthy_CRC_0.05_20000000_rep6,0.0604672000301673,CIBERSORT,CRC,cfrrbs,limma,in_silico,top100,0.05
healthy_CRC_0.05_20000000_rep7,0.0681704560637475,CIBERSORT,CRC,cfrrbs,limma,in_silico,top100,0.05
healthy_CRC_0.05_20000000_rep8,0.0765238695609859,CIBERSORT,CRC,cfrrbs,limma,in_silico,top100,0.05
healthy_CRC_0.05_20000000_rep9,0.0706163141347887,CIBERSORT,CRC,cfrrbs,limma,in_silico,top100,0.05
healthy_CRC_0.1_20000000_rep1,0.0944344735353193,CIBERSORT,CRC,cfrrbs,limma,in_silico,top100,0.1
healthy_CRC_0.1_20000000_rep10,0.100936714785637,CIBERSORT,CRC,cfrrbs,limma,in_silico,top100,0.1
healthy_CRC_0.1_20000000_rep2,0.0827587496708804,CIBERSORT,CRC,cfrrbs,limma,in_silico,top100,0.1
healthy_CRC_0.1_20000000_rep3,0.0852808096050033,CIBERSORT,CRC,cfrrbs,limma,in_silico,top100,0.1
healthy_CRC_0.1_20000000_rep4,0.0734615663774562,CIBERSORT,CRC,cfrrbs,limma,in_silico,top100,0.1
healthy_CRC_0.1_20000000_rep5,0.0995223061269409,CIBERSORT,CRC,cfrrbs,limma,in_silico,top100,0.1
healthy_CRC_0.1_20000000_rep6,0.0757972137646681,CIBERSORT,CRC,cfrrbs,limma,in_silico,top100,0.1
healthy_CRC_0.1_20000000_rep7,0.0899841612121068,CIBERSORT,CRC,cfrrbs,limma,in_silico,top100,0.1
healthy_CRC_0.1_20000000_rep8,0.0963695491448111,CIBERSORT,CRC,cfrrbs,limma,in_silico,top100,0.1
healthy_CRC_0.1_20000000_rep9,0.0783913151231424,CIBERSORT,CRC,cfrrbs,limma,in_silico,top100,0.1
healthy_CRC_0.25_20000000_rep1,0.178690143697028,CIBERSORT,CRC,cfrrbs,limma,in_silico,top100,0.25
healthy_CRC_0.25_20000000_rep10,0.161331452975443,CIBERSORT,CRC,cfrrbs,limma,in_silico,top100,0.25
healthy_CRC_0.25_20000000_rep2,0.19728911413177,CIBERSORT,CRC,cfrrbs,limma,in_silico,top100,0.25
healthy_CRC_0.25_20000000_rep3,0.161602345380168,CIBERSORT,CRC,cfrrbs,limma,in_silico,top100,0.25
healthy_CRC_0.25_20000000_rep4,0.185228805816781,CIBERSORT,CRC,cfrrbs,limma,in_silico,top100,0.25
healthy_CRC_0.25_20000000_rep5,0.175501588132221,CIBERSORT,CRC,cfrrbs,limma,in_silico,top100,0.25
healthy_CRC_0.25_20000000_rep6,0.187125641090151,CIBERSORT,CRC,cfrrbs,limma,in_silico,top100,0.25
healthy_CRC_0.25_20000000_rep7,0.173046143073563,CIBERSORT,CRC,cfrrbs,limma,in_silico,top100,0.25
healthy_CRC_0.25_20000000_rep8,0.165709685728213,CIBERSORT,CRC,cfrrbs,limma,in_silico,top100,0.25
healthy_CRC_0.25_20000000_rep9,0.18850289679912,CIBERSORT,CRC,cfrrbs,limma,in_silico,top100,0.25
healthy_CRC_0.5_20000000_rep1,0.31077660296484,CIBERSORT,CRC,cfrrbs,limma,in_silico,top100,0.5
healthy_CRC_0.5_20000000_rep10,0.323688413079639,CIBERSORT,CRC,cfrrbs,limma,in_silico,top100,0.5
healthy_CRC_0.5_20000000_rep2,0.306617282398843,CIBERSORT,CRC,cfrrbs,limma,in_silico,top100,0.5
healthy_CRC_0.5_20000000_rep3,0.317066363534915,CIBERSORT,CRC,cfrrbs,limma,in_silico,top100,0.5
healthy_CRC_0.5_20000000_rep4,0.317940732091526,CIBERSORT,CRC,cfrrbs,limma,in_silico,top100,0.5
healthy_CRC_0.5_20000000_rep5,0.321230357511377,CIBERSORT,CRC,cfrrbs,limma,in_silico,top100,0.5
healthy_CRC_0.5_20000000_rep6,0.310263762981088,CIBERSORT,CRC,cfrrbs,limma,in_silico,top100,0.5
healthy_CRC_0.5_20000000_rep7,0.316756743566276,CIBERSORT,CRC,cfrrbs,limma,in_silico,top100,0.5
healthy_CRC_0.5_20000000_rep8,0.31687605979792,CIBERSORT,CRC,cfrrbs,limma,in_silico,top100,0.5
healthy_CRC_0.5_20000000_rep9,0.298731351811353,CIBERSORT,CRC,cfrrbs,limma,in_silico,top100,0.5
healthy_CRC_0_20000000_rep1,0.0474885391980176,CIBERSORT,CRC,cfrrbs,limma,in_silico,top100,0
healthy_CRC_0_20000000_rep10,0.0542539478209326,CIBERSORT,CRC,cfrrbs,limma,in_silico,top100,0
healthy_CRC_0_20000000_rep2,0.0338011352055686,CIBERSORT,CRC,cfrrbs,limma,in_silico,top100,0
healthy_CRC_0_20000000_rep3,0.0412748915038649,CIBERSORT,CRC,cfrrbs,limma,in_silico,top100,0
healthy_CRC_0_20000000_rep4,0.0297799030884909,CIBERSORT,CRC,cfrrbs,limma,in_silico,top100,0
healthy_CRC_0_20000000_rep5,0.0423074124998314,CIBERSORT,CRC,cfrrbs,limma,in_silico,top100,0
healthy_CRC_0_20000000_rep6,0.0508837189079505,CIBERSORT,CRC,cfrrbs,limma,in_silico,top100,0
healthy_CRC_0_20000000_rep7,0.0354104972952345,CIBERSORT,CRC,cfrrbs,limma,in_silico,top100,0
healthy_CRC_0_20000000_rep8,0.022528249240922,CIBERSORT,CRC,cfrrbs,limma,in_silico,top100,0
healthy_CRC_0_20000000_rep9,0.0230234286594993,CIBERSORT,CRC,cfrrbs,limma,in_silico,top100,0
healthy_CRC_0.0001_20000000_rep1,0.0248107503837812,EpiSCORE,CRC,cfrrbs,limma,in_silico,top100,0.0001
healthy_CRC_0.0001_20000000_rep10,0.0,EpiSCORE,CRC,cfrrbs,limma,in_silico,top100,0.0001
healthy_CRC_0.0001_20000000_rep2,0.0,EpiSCORE,CRC,cfrrbs,limma,in_silico,top100,0.0001
healthy_CRC_0.0001_20000000_rep3,0.0,EpiSCORE,CRC,cfrrbs,limma,in_silico,top100,0.0001
healthy_CRC_0.0001_20000000_rep4,0.0262295781863173,EpiSCORE,CRC,cfrrbs,limma,in_silico,top100,0.0001
healthy_CRC_0.0001_20000000_rep5,0.0082483903429455,EpiSCORE,CRC,cfrrbs,limma,in_silico,top100,0.0001
healthy_CRC_0.0001_20000000_rep6,0.0370239784143357,EpiSCORE,CRC,cfrrbs,limma,in_silico,top100,0.0001
healthy_CRC_0.0001_20000000_rep7,0.0097349762594699,EpiSCORE,CRC,cfrrbs,limma,in_silico,top100,0.0001
healthy_CRC_0.0001_20000000_rep8,0.0009282593342496,EpiSCORE,CRC,cfrrbs,limma,in_silico,top100,0.0001
healthy_CRC_0.0001_20000000_rep9,0.0335611192207093,EpiSCORE,CRC,cfrrbs,limma,in_silico,top100,0.0001
healthy_CRC_0.001_20000000_rep1,0.0278536302715224,EpiSCORE,CRC,cfrrbs,limma,in_silico,top100,0.001
healthy_CRC_0.001_20000000_rep10,0.0263814915795531,EpiSCORE,CRC,cfrrbs,limma,in_silico,top100,0.001
healthy_CRC_0.001_20000000_rep2,0.0,EpiSCORE,CRC,cfrrbs,limma,in_silico,top100,0.001
healthy_CRC_0.001_20000000_rep3,0.0207941720722959,EpiSCORE,CRC,cfrrbs,limma,in_silico,top100,0.001
healthy_CRC_0.001_20000000_rep4,0.0001410370387887,EpiSCORE,CRC,cfrrbs,limma,in_silico,top100,0.001
healthy_CRC_0.001_20000000_rep5,0.0094726812098458,EpiSCORE,CRC,cfrrbs,limma,in_silico,top100,0.001
healthy_CRC_0.001_20000000_rep6,0.0271119378468157,EpiSCORE,CRC,cfrrbs,limma,in_silico,top100,0.001
healthy_CRC_0.001_20000000_rep7,0.0,EpiSCORE,CRC,cfrrbs,limma,in_silico,top100,0.001
healthy_CRC_0.001_20000000_rep8,0.0254726259592867,EpiSCORE,CRC,cfrrbs,limma,in_silico,top100,0.001
healthy_CRC_0.001_20000000_rep9,0.0,EpiSCORE,CRC,cfrrbs,limma,in_silico,top100,0.001
healthy_CRC_0.003_20000000_rep1,0.0224371232293329,EpiSCORE,CRC,cfrrbs,limma,in_silico,top100,0.003
healthy_CRC_0.003_20000000_rep10,0.0033259872827466,EpiSCORE,CRC,cfrrbs,limma,in_silico,top100,0.003
healthy_CRC_0.003_20000000_rep2,0.0221212729314204,EpiSCORE,CRC,cfrrbs,limma,in_silico,top100,0.003
healthy_CRC_0.003_20000000_rep3,0.0089736084635448,EpiSCORE,CRC,cfrrbs,limma,in_silico,top100,0.003
healthy_CRC_0.003_20000000_rep4,0.0473502497181449,EpiSCORE,CRC,cfrrbs,limma,in_silico,top100,0.003
healthy_CRC_0.003_20000000_rep5,0.012888791962289,EpiSCORE,CRC,cfrrbs,limma,in_silico,top100,0.003
healthy_CRC_0.003_20000000_rep6,0.0285501370056639,EpiSCORE,CRC,cfrrbs,limma,in_silico,top100,0.003
healthy_CRC_0.003_20000000_rep7,0.0128288131618383,EpiSCORE,CRC,cfrrbs,limma,in_silico,top100,0.003
healthy_CRC_0.003_20000000_rep8,0.0172948063039005,EpiSCORE,CRC,cfrrbs,limma,in_silico,top100,0.003
healthy_CRC_0.003_20000000_rep9,0.0157615637005694,EpiSCORE,CRC,cfrrbs,limma,in_silico,top100,0.003
healthy_CRC_0.007_20000000_rep1,0.0054615533554477,EpiSCORE,CRC,cfrrbs,limma,in_silico,top100,0.007
healthy_CRC_0.007_20000000_rep10,0.054531725468796,EpiSCORE,CRC,cfrrbs,limma,in_silico,top100,0.007
healthy_CRC_0.007_20000000_rep2,0.0355261587511741,EpiSCORE,CRC,cfrrbs,limma,in_silico,top100,0.007
healthy_CRC_0.007_20000000_rep3,0.0185024610719004,EpiSCORE,CRC,cfrrbs,limma,in_silico,top100,0.007
healthy_CRC_0.007_20000000_rep4,0.0291130427035119,EpiSCORE,CRC,cfrrbs,limma,in_silico,top100,0.007
healthy_CRC_0.007_20000000_rep5,0.0019366654278954,EpiSCORE,CRC,cfrrbs,limma,in_silico,top100,0.007
healthy_CRC_0.007_20000000_rep6,0.0315241477656003,EpiSCORE,CRC,cfrrbs,limma,in_silico,top100,0.007
healthy_CRC_0.007_20000000_rep7,0.030677032320594,EpiSCORE,CRC,cfrrbs,limma,in_silico,top100,0.007
healthy_CRC_0.007_20000000_rep8,0.0,EpiSCORE,CRC,cfrrbs,limma,in_silico,top100,0.007
healthy_CRC_0.007_20000000_rep9,0.0,EpiSCORE,CRC,cfrrbs,limma,in_silico,top100,0.007
healthy_CRC_0.01_20000000_rep1,0.0127933362194873,EpiSCORE,CRC,cfrrbs,limma,in_silico,top100,0.01
healthy_CRC_0.01_20000000_rep10,0.0163819260616756,EpiSCORE,CRC,cfrrbs,limma,in_silico,top100,0.01
healthy_CRC_0.01_20000000_rep2,0.026804342895416,EpiSCORE,CRC,cfrrbs,limma,in_silico,top100,0.01
healthy_CRC_0.01_20000000_rep3,0.0166280584109057,EpiSCORE,CRC,cfrrbs,limma,in_silico,top100,0.01
healthy_CRC_0.01_20000000_rep4,0.0174309421062082,EpiSCORE,CRC,cfrrbs,limma,in_silico,top100,0.01
healthy_CRC_0.01_20000000_rep5,0.0243650455122329,EpiSCORE,CRC,cfrrbs,limma,in_silico,top100,0.01
healthy_CRC_0.01_20000000_rep6,0.0547709431064999,EpiSCORE,CRC,cfrrbs,limma,in_silico,top100,0.01
healthy_CRC_0.01_20000000_rep7,0.0406193121550023,EpiSCORE,CRC,cfrrbs,limma,in_silico,top100,0.01
healthy_CRC_0.01_20000000_rep8,0.0180675915679109,EpiSCORE,CRC,cfrrbs,limma,in_silico,top100,0.01
healthy_CRC_0.01_20000000_rep9,0.0276286582730296,EpiSCORE,CRC,cfrrbs,limma,in_silico,top100,0.01
healthy_CRC_0.025_20000000_rep1,0.0123874270754945,EpiSCORE,CRC,cfrrbs,limma,in_silico,top100,0.025
healthy_CRC_0.025_20000000_rep10,0.0431598638359875,EpiSCORE,CRC,cfrrbs,limma,in_silico,top100,0.025
healthy_CRC_0.025_20000000_rep2,0.0319129359726702,EpiSCORE,CRC,cfrrbs,limma,in_silico,top100,0.025
healthy_CRC_0.025_20000000_rep3,0.0056870249676386,EpiSCORE,CRC,cfrrbs,limma,in_silico,top100,0.025
healthy_CRC_0.025_20000000_rep4,0.030660056896172,EpiSCORE,CRC,cfrrbs,limma,in_silico,top100,0.025
healthy_CRC_0.025_20000000_rep5,0.0371350405255288,EpiSCORE,CRC,cfrrbs,limma,in_silico,top100,0.025
healthy_CRC_0.025_20000000_rep6,0.0445992389865714,EpiSCORE,CRC,cfrrbs,limma,in_silico,top100,0.025
healthy_CRC_0.025_20000000_rep7,0.0229229851110389,EpiSCORE,CRC,cfrrbs,limma,in_silico,top100,0.025
healthy_CRC_0.025_20000000_rep8,0.015294900856158,EpiSCORE,CRC,cfrrbs,limma,in_silico,top100,0.025
healthy_CRC_0.025_20000000_rep9,0.0512148623243263,EpiSCORE,CRC,cfrrbs,limma,in_silico,top100,0.025
healthy_CRC_0.05_20000000_rep1,0.0588911226049033,EpiSCORE,CRC,cfrrbs,limma,in_silico,top100,0.05
healthy_CRC_0.05_20000000_rep10,0.0603770643239254,EpiSCORE,CRC,cfrrbs,limma,in_silico,top100,0.05
healthy_CRC_0.05_20000000_rep2,0.0723544815494396,EpiSCORE,CRC,cfrrbs,limma,in_silico,top100,0.05
healthy_CRC_0.05_20000000_rep3,0.0659763326068454,EpiSCORE,CRC,cfrrbs,limma,in_silico,top100,0.05
healthy_CRC_0.05_20000000_rep4,0.0158189000643416,EpiSCORE,CRC,cfrrbs,limma,in_silico,top100,0.05
healthy_CRC_0.05_20000000_rep5,0.0531374436728608,EpiSCORE,CRC,cfrrbs,limma,in_silico,top100,0.05
healthy_CRC_0.05_20000000_rep6,0.0320314748410119,EpiSCORE,CRC,cfrrbs,limma,in_silico,top100,0.05
healthy_CRC_0.05_20000000_rep7,0.0572838135810913,EpiSCORE,CRC,cfrrbs,limma,in_silico,top100,0.05
healthy_CRC_0.05_20000000_rep8,0.0567157020598993,EpiSCORE,CRC,cfrrbs,limma,in_silico,top100,0.05
healthy_CRC_0.05_20000000_rep9,0.044666185929523,EpiSCORE,CRC,cfrrbs,limma,in_silico,top100,0.05
healthy_CRC_0.1_20000000_rep1,0.0885306841714234,EpiSCORE,CRC,cfrrbs,limma,in_silico,top100,0.1
healthy_CRC_0.1_20000000_rep10,0.0892713435993993,EpiSCORE,CRC,cfrrbs,limma,in_silico,top100,0.1
healthy_CRC_0.1_20000000_rep2,0.0569417830177254,EpiSCORE,CRC,cfrrbs,limma,in_silico,top100,0.1
healthy_CRC_0.1_20000000_rep3,0.0736632649501481,EpiSCORE,CRC,cfrrbs,limma,in_silico,top100,0.1
healthy_CRC_0.1_20000000_rep4,0.0598752743005815,EpiSCORE,CRC,cfrrbs,limma,in_silico,top100,0.1
healthy_CRC_0.1_20000000_rep5,0.0843307690471066,EpiSCORE,CRC,cfrrbs,limma,in_silico,top100,0.1
healthy_CRC_0.1_20000000_rep6,0.0705634452391216,EpiSCORE,CRC,cfrrbs,limma,in_silico,top100,0.1
healthy_CRC_0.1_20000000_rep7,0.0598525983238306,EpiSCORE,CRC,cfrrbs,limma,in_silico,top100,0.1
healthy_CRC_0.1_20000000_rep8,0.0935734050820851,EpiSCORE,CRC,cfrrbs,limma,in_silico,top100,0.1
healthy_CRC_0.1_20000000_rep9,0.0647894925995788,EpiSCORE,CRC,cfrrbs,limma,in_silico,top100,0.1
healthy_CRC_0.25_20000000_rep1,0.186274797504386,EpiSCORE,CRC,cfrrbs,limma,in_silico,top100,0.25
healthy_CRC_0.25_20000000_rep10,0.154660870494209,EpiSCORE,CRC,cfrrbs,limma,in_silico,top100,0.25
healthy_CRC_0.25_20000000_rep2,0.188664863425868,EpiSCORE,CRC,cfrrbs,limma,in_silico,top100,0.25
healthy_CRC_0.25_20000000_rep3,0.141080997198907,EpiSCORE,CRC,cfrrbs,limma,in_silico,top100,0.25
healthy_CRC_0.25_20000000_rep4,0.15974924588005,EpiSCORE,CRC,cfrrbs,limma,in_silico,top100,0.25
healthy_CRC_0.25_20000000_rep5,0.174998970275318,EpiSCORE,CRC,cfrrbs,limma,in_silico,top100,0.25
healthy_CRC_0.25_20000000_rep6,0.170921488782084,EpiSCORE,CRC,cfrrbs,limma,in_silico,top100,0.25
healthy_CRC_0.25_20000000_rep7,0.165335239842781,EpiSCORE,CRC,cfrrbs,limma,in_silico,top100,0.25
healthy_CRC_0.25_20000000_rep8,0.16836219849027,EpiSCORE,CRC,cfrrbs,limma,in_silico,top100,0.25
healthy_CRC_0.25_20000000_rep9,0.186161939305919,EpiSCORE,CRC,cfrrbs,limma,in_silico,top100,0.25
healthy_CRC_0.5_20000000_rep1,0.325340844848323,EpiSCORE,CRC,cfrrbs,limma,in_silico,top100,0.5
healthy_CRC_0.5_20000000_rep10,0.329983107784908,EpiSCORE,CRC,cfrrbs,limma,in_silico,top100,0.5
healthy_CRC_0.5_20000000_rep2,0.338968789428844,EpiSCORE,CRC,cfrrbs,limma,in_silico,top100,0.5
healthy_CRC_0.5_20000000_rep3,0.315453463232958,EpiSCORE,CRC,cfrrbs,limma,in_silico,top100,0.5
healthy_CRC_0.5_20000000_rep4,0.329036160639566,EpiSCORE,CRC,cfrrbs,limma,in_silico,top100,0.5
healthy_CRC_0.5_20000000_rep5,0.31434753450798,EpiSCORE,CRC,cfrrbs,limma,in_silico,top100,0.5
healthy_CRC_0.5_20000000_rep6,0.318977401716864,EpiSCORE,CRC,cfrrbs,limma,in_silico,top100,0.5
healthy_CRC_0.5_20000000_rep7,0.33510952299697,EpiSCORE,CRC,cfrrbs,limma,in_silico,top100,0.5
healthy_CRC_0.5_20000000_rep8,0.318307124407715,EpiSCORE,CRC,cfrrbs,limma,in_silico,top100,0.5
healthy_CRC_0.5_20000000_rep9,0.322878457366779,EpiSCORE,CRC,cfrrbs,limma,in_silico,top100,0.5
healthy_CRC_0_20000000_rep1,0.0403646235349037,EpiSCORE,CRC,cfrrbs,limma,in_silico,top100,0
healthy_CRC_0_20000000_rep10,0.0375969155470733,EpiSCORE,CRC,cfrrbs,limma,in_silico,top100,0
healthy_CRC_0_20000000_rep2,0.0090366907169691,EpiSCORE,CRC,cfrrbs,limma,in_silico,top100,0
healthy_CRC_0_20000000_rep3,0.0266161953115105,EpiSCORE,CRC,cfrrbs,limma,in_silico,top100,0
healthy_CRC_0_20000000_rep4,0.0275985787320321,EpiSCORE,CRC,cfrrbs,limma,in_silico,top100,0
healthy_CRC_0_20000000_rep5,0.0269283984767182,EpiSCORE,CRC,cfrrbs,limma,in_silico,top100,0
healthy_CRC_0_20000000_rep6,0.0331305435105222,EpiSCORE,CRC,cfrrbs,limma,in_silico,top100,0
healthy_CRC_0_20000000_rep7,0.0371261818599581,EpiSCORE,CRC,cfrrbs,limma,in_silico,top100,0
healthy_CRC_0_20000000_rep8,0.0,EpiSCORE,CRC,cfrrbs,limma,in_silico,top100,0
healthy_CRC_0_20000000_rep9,0.013896710445553,EpiSCORE,CRC,cfrrbs,limma,in_silico,top100,0
healthy_CRC_0.0001_20000000_rep1,0.0,Houseman_eq,CRC,cfrrbs,limma,in_silico,top50,0.0001
healthy_CRC_0.0001_20000000_rep10,0.0,Houseman_eq,CRC,cfrrbs,limma,in_silico,top50,0.0001
healthy_CRC_0.0001_20000000_rep2,-1.7347234759768098e-18,Houseman_eq,CRC,cfrrbs,limma,in_silico,top50,0.0001
healthy_CRC_0.0001_20000000_rep3,0.0,Houseman_eq,CRC,cfrrbs,limma,in_silico,top50,0.0001
healthy_CRC_0.0001_20000000_rep4,0.0,Houseman_eq,CRC,cfrrbs,limma,in_silico,top50,0.0001
healthy_CRC_0.0001_20000000_rep5,0.0,Houseman_eq,CRC,cfrrbs,limma,in_silico,top50,0.0001
healthy_CRC_0.0001_20000000_rep6,0.0,Houseman_eq,CRC,cfrrbs,limma,in_silico,top50,0.0001
healthy_CRC_0.0001_20000000_rep7,0.0,Houseman_eq,CRC,cfrrbs,limma,in_silico,top50,0.0001
healthy_CRC_0.0001_20000000_rep8,0.0,Houseman_eq,CRC,cfrrbs,limma,in_silico,top50,0.0001
healthy_CRC_0.0001_20000000_rep9,0.0054693472949633,Houseman_eq,CRC,cfrrbs,limma,in_silico,top50,0.0001
healthy_CRC_0.001_20000000_rep1,0.0,Houseman_eq,CRC,cfrrbs,limma,in_silico,top50,0.001
healthy_CRC_0.001_20000000_rep10,0.0,Houseman_eq,CRC,cfrrbs,limma,in_silico,top50,0.001
healthy_CRC_0.001_20000000_rep2,8.673617379884041e-19,Houseman_eq,CRC,cfrrbs,limma,in_silico,top50,0.001
healthy_CRC_0.001_20000000_rep3,0.0,Houseman_eq,CRC,cfrrbs,limma,in_silico,top50,0.001
healthy_CRC_0.001_20000000_rep4,0.0,Houseman_eq,CRC,cfrrbs,limma,in_silico,top50,0.001
healthy_CRC_0.001_20000000_rep5,0.0,Houseman_eq,CRC,cfrrbs,limma,in_silico,top50,0.001
healthy_CRC_0.001_20000000_rep6,0.0,Houseman_eq,CRC,cfrrbs,limma,in_silico,top50,0.001
healthy_CRC_0.001_20000000_rep7,1.7347234759768098e-18,Houseman_eq,CRC,cfrrbs,limma,in_silico,top50,0.001
healthy_CRC_0.001_20000000_rep8,0.0,Houseman_eq,CRC,cfrrbs,limma,in_silico,top50,0.001
healthy_CRC_0.001_20000000_rep9,0.0,Houseman_eq,CRC,cfrrbs,limma,in_silico,top50,0.001
healthy_CRC_0.003_20000000_rep1,0.0,Houseman_eq,CRC,cfrrbs,limma,in_silico,top50,0.003
healthy_CRC_0.003_20000000_rep10,0.0,Houseman_eq,CRC,cfrrbs,limma,in_silico,top50,0.003
healthy_CRC_0.003_20000000_rep2,0.0,Houseman_eq,CRC,cfrrbs,limma,in_silico,top50,0.003
healthy_CRC_0.003_20000000_rep3,0.0,Houseman_eq,CRC,cfrrbs,limma,in_silico,top50,0.003
healthy_CRC_0.003_20000000_rep4,0.0,Houseman_eq,CRC,cfrrbs,limma,in_silico,top50,0.003
healthy_CRC_0.003_20000000_rep5,0.0,Houseman_eq,CRC,cfrrbs,limma,in_silico,top50,0.003
healthy_CRC_0.003_20000000_rep6,0.0,Houseman_eq,CRC,cfrrbs,limma,in_silico,top50,0.003
healthy_CRC_0.003_20000000_rep7,0.0,Houseman_eq,CRC,cfrrbs,limma,in_silico,top50,0.003
healthy_CRC_0.003_20000000_rep8,0.0,Houseman_eq,CRC,cfrrbs,limma,in_silico,top50,0.003
healthy_CRC_0.003_20000000_rep9,0.0,Houseman_eq,CRC,cfrrbs,limma,in_silico,top50,0.003
healthy_CRC_0.007_20000000_rep1,0.0046308548558874,Houseman_eq,CRC,cfrrbs,limma,in_silico,top50,0.007
healthy_CRC_0.007_20000000_rep10,0.0091268448535707,Houseman_eq,CRC,cfrrbs,limma,in_silico,top50,0.007
healthy_CRC_0.007_20000000_rep2,0.0049361577526401,Houseman_eq,CRC,cfrrbs,limma,in_silico,top50,0.007
healthy_CRC_0.007_20000000_rep3,0.0,Houseman_eq,CRC,cfrrbs,limma,in_silico,top50,0.007
healthy_CRC_0.007_20000000_rep4,0.0,Houseman_eq,CRC,cfrrbs,limma,in_silico,top50,0.007
healthy_CRC_0.007_20000000_rep5,0.0,Houseman_eq,CRC,cfrrbs,limma,in_silico,top50,0.007
healthy_CRC_0.007_20000000_rep6,0.0,Houseman_eq,CRC,cfrrbs,limma,in_silico,top50,0.007
healthy_CRC_0.007_20000000_rep7,0.005434128794606,Houseman_eq,CRC,cfrrbs,limma,in_silico,top50,0.007
healthy_CRC_0.007_20000000_rep8,0.0,Houseman_eq,CRC,cfrrbs,limma,in_silico,top50,0.007
healthy_CRC_0.007_20000000_rep9,0.0,Houseman_eq,CRC,cfrrbs,limma,in_silico,top50,0.007
healthy_CRC_0.01_20000000_rep1,0.0,Houseman_eq,CRC,cfrrbs,limma,in_silico,top50,0.01
healthy_CRC_0.01_20000000_rep10,0.0,Houseman_eq,CRC,cfrrbs,limma,in_silico,top50,0.01
healthy_CRC_0.01_20000000_rep2,0.0064774042874841,Houseman_eq,CRC,cfrrbs,limma,in_silico,top50,0.01
healthy_CRC_0.01_20000000_rep3,8.673617379884041e-19,Houseman_eq,CRC,cfrrbs,limma,in_silico,top50,0.01
healthy_CRC_0.01_20000000_rep4,0.0,Houseman_eq,CRC,cfrrbs,limma,in_silico,top50,0.01
healthy_CRC_0.01_20000000_rep5,0.0001258449536448,Houseman_eq,CRC,cfrrbs,limma,in_silico,top50,0.01
healthy_CRC_0.01_20000000_rep6,0.0073861442935301,Houseman_eq,CRC,cfrrbs,limma,in_silico,top50,0.01
healthy_CRC_0.01_20000000_rep7,0.000122644928419,Houseman_eq,CRC,cfrrbs,limma,in_silico,top50,0.01
healthy_CRC_0.01_20000000_rep8,0.0001620089495313,Houseman_eq,CRC,cfrrbs,limma,in_silico,top50,0.01
healthy_CRC_0.01_20000000_rep9,0.0029929402933913,Houseman_eq,CRC,cfrrbs,limma,in_silico,top50,0.01
healthy_CRC_0.025_20000000_rep1,0.0,Houseman_eq,CRC,cfrrbs,limma,in_silico,top50,0.025
healthy_CRC_0.025_20000000_rep10,0.0115943301641514,Houseman_eq,CRC,cfrrbs,limma,in_silico,top50,0.025
healthy_CRC_0.025_20000000_rep2,0.0184404313599363,Houseman_eq,CRC,cfrrbs,limma,in_silico,top50,0.025
healthy_CRC_0.025_20000000_rep3,0.0061127258441501,Houseman_eq,CRC,cfrrbs,limma,in_silico,top50,0.025
healthy_CRC_0.025_20000000_rep4,0.0105566803922731,Houseman_eq,CRC,cfrrbs,limma,in_silico,top50,0.025
healthy_CRC_0.025_20000000_rep5,0.008493127955829,Houseman_eq,CRC,cfrrbs,limma,in_silico,top50,0.025
healthy_CRC_0.025_20000000_rep6,0.0165969574922587,Houseman_eq,CRC,cfrrbs,limma,in_silico,top50,0.025
healthy_CRC_0.025_20000000_rep7,0.0036218370069614,Houseman_eq,CRC,cfrrbs,limma,in_silico,top50,0.025
healthy_CRC_0.025_20000000_rep8,0.0,Houseman_eq,CRC,cfrrbs,limma,in_silico,top50,0.025
healthy_CRC_0.025_20000000_rep9,0.0098179938658546,Houseman_eq,CRC,cfrrbs,limma,in_silico,top50,0.025
healthy_CRC_0.05_20000000_rep1,0.0360639683067787,Houseman_eq,CRC,cfrrbs,limma,in_silico,top50,0.05
healthy_CRC_0.05_20000000_rep10,0.0298366274659978,Houseman_eq,CRC,cfrrbs,limma,in_silico,top50,0.05
healthy_CRC_0.05_20000000_rep2,0.0234884210137147,Houseman_eq,CRC,cfrrbs,limma,in_silico,top50,0.05
healthy_CRC_0.05_20000000_rep3,0.0386614704860923,Houseman_eq,CRC,cfrrbs,limma,in_silico,top50,0.05
healthy_CRC_0.05_20000000_rep4,0.0147021053907714,Houseman_eq,CRC,cfrrbs,limma,in_silico,top50,0.05
healthy_CRC_0.05_20000000_rep5,0.0150706189033771,Houseman_eq,CRC,cfrrbs,limma,in_silico,top50,0.05
healthy_CRC_0.05_20000000_rep6,0.0322223984712513,Houseman_eq,CRC,cfrrbs,limma,in_silico,top50,0.05
healthy_CRC_0.05_20000000_rep7,0.0308155196885215,Houseman_eq,CRC,cfrrbs,limma,in_silico,top50,0.05
healthy_CRC_0.05_20000000_rep8,0.0329088033199665,Houseman_eq,CRC,cfrrbs,limma,in_silico,top50,0.05
healthy_CRC_0.05_20000000_rep9,0.028494545816926,Houseman_eq,CRC,cfrrbs,limma,in_silico,top50,0.05
healthy_CRC_0.1_20000000_rep1,0.0709742166023913,Houseman_eq,CRC,cfrrbs,limma,in_silico,top50,0.1
healthy_CRC_0.1_20000000_rep10,0.0613795475179545,Houseman_eq,CRC,cfrrbs,limma,in_silico,top50,0.1
healthy_CRC_0.1_20000000_rep2,0.0621145131931985,Houseman_eq,CRC,cfrrbs,limma,in_silico,top50,0.1
healthy_CRC_0.1_20000000_rep3,0.0594231978255715,Houseman_eq,CRC,cfrrbs,limma,in_silico,top50,0.1
healthy_CRC_0.1_20000000_rep4,0.0613427116765264,Houseman_eq,CRC,cfrrbs,limma,in_silico,top50,0.1
healthy_CRC_0.1_20000000_rep5,0.068864918823004,Houseman_eq,CRC,cfrrbs,limma,in_silico,top50,0.1
healthy_CRC_0.1_20000000_rep6,0.0497055165807125,Houseman_eq,CRC,cfrrbs,limma,in_silico,top50,0.1
healthy_CRC_0.1_20000000_rep7,0.0597487281923996,Houseman_eq,CRC,cfrrbs,limma,in_silico,top50,0.1
healthy_CRC_0.1_20000000_rep8,0.0713176741793141,Houseman_eq,CRC,cfrrbs,limma,in_silico,top50,0.1
healthy_CRC_0.1_20000000_rep9,0.0490510019592827,Houseman_eq,CRC,cfrrbs,limma,in_silico,top50,0.1
healthy_CRC_0.25_20000000_rep1,0.156765098810008,Houseman_eq,CRC,cfrrbs,limma,in_silico,top50,0.25
healthy_CRC_0.25_20000000_rep10,0.153713063870017,Houseman_eq,CRC,cfrrbs,limma,in_silico,top50,0.25
healthy_CRC_0.25_20000000_rep2,0.161222244043937,Houseman_eq,CRC,cfrrbs,limma,in_silico,top50,0.25
healthy_CRC_0.25_20000000_rep3,0.178540077417558,Houseman_eq,CRC,cfrrbs,limma,in_silico,top50,0.25
healthy_CRC_0.25_20000000_rep4,0.156940924046285,Houseman_eq,CRC,cfrrbs,limma,in_silico,top50,0.25
healthy_CRC_0.25_20000000_rep5,0.177742548817476,Houseman_eq,CRC,cfrrbs,limma,in_silico,top50,0.25
healthy_CRC_0.25_20000000_rep6,0.175806592095545,Houseman_eq,CRC,cfrrbs,limma,in_silico,top50,0.25
healthy_CRC_0.25_20000000_rep7,0.139617503206129,Houseman_eq,CRC,cfrrbs,limma,in_silico,top50,0.25
healthy_CRC_0.25_20000000_rep8,0.168779957267972,Houseman_eq,CRC,cfrrbs,limma,in_silico,top50,0.25
healthy_CRC_0.25_20000000_rep9,0.173408384205024,Houseman_eq,CRC,cfrrbs,limma,in_silico,top50,0.25
healthy_CRC_0.5_20000000_rep1,0.345882147128176,Houseman_eq,CRC,cfrrbs,limma,in_silico,top50,0.5
healthy_CRC_0.5_20000000_rep10,0.351931632367569,Houseman_eq,CRC,cfrrbs,limma,in_silico,top50,0.5
healthy_CRC_0.5_20000000_rep2,0.333549760739775,Houseman_eq,CRC,cfrrbs,limma,in_silico,top50,0.5
healthy_CRC_0.5_20000000_rep3,0.325194976029002,Houseman_eq,CRC,cfrrbs,limma,in_silico,top50,0.5
healthy_CRC_0.5_20000000_rep4,0.349198924953303,Houseman_eq,CRC,cfrrbs,limma,in_silico,top50,0.5
healthy_CRC_0.5_20000000_rep5,0.332588737562198,Houseman_eq,CRC,cfrrbs,limma,in_silico,top50,0.5
healthy_CRC_0.5_20000000_rep6,0.332984272199521,Houseman_eq,CRC,cfrrbs,limma,in_silico,top50,0.5
healthy_CRC_0.5_20000000_rep7,0.337148404090067,Houseman_eq,CRC,cfrrbs,limma,in_silico,top50,0.5
healthy_CRC_0.5_20000000_rep8,0.325826962179189,Houseman_eq,CRC,cfrrbs,limma,in_silico,top50,0.5
healthy_CRC_0.5_20000000_rep9,0.3189396136347,Houseman_eq,CRC,cfrrbs,limma,in_silico,top50,0.5
healthy_CRC_0_20000000_rep1,0.0001371826213914,Houseman_eq,CRC,cfrrbs,limma,in_silico,top50,0
healthy_CRC_0_20000000_rep10,0.0,Houseman_eq,CRC,cfrrbs,limma,in_silico,top50,0
healthy_CRC_0_20000000_rep2,0.0,Houseman_eq,CRC,cfrrbs,limma,in_silico,top50,0
healthy_CRC_0_20000000_rep3,0.0,Houseman_eq,CRC,cfrrbs,limma,in_silico,top50,0
healthy_CRC_0_20000000_rep4,0.0,Houseman_eq,CRC,cfrrbs,limma,in_silico,top50,0
healthy_CRC_0_20000000_rep5,0.0,Houseman_eq,CRC,cfrrbs,limma,in_silico,top50,0
healthy_CRC_0_20000000_rep6,0.0,Houseman_eq,CRC,cfrrbs,limma,in_silico,top50,0
healthy_CRC_0_20000000_rep7,-1.7347234759768098e-18,Houseman_eq,CRC,cfrrbs,limma,in_silico,top50,0
healthy_CRC_0_20000000_rep8,0.0,Houseman_eq,CRC,cfrrbs,limma,in_silico,top50,0
healthy_CRC_0_20000000_rep9,0.0,Houseman_eq,CRC,cfrrbs,limma,in_silico,top50,0
healthy_CRC_0.0001_20000000_rep1,0.0043965577247435,Houseman_eq,CRC,cfrrbs,limma,in_silico,top250,0.0001
healthy_CRC_0.0001_20000000_rep10,0.0,Houseman_eq,CRC,cfrrbs,limma,in_silico,top250,0.0001
healthy_CRC_0.0001_20000000_rep2,0.0012875660587534,Houseman_eq,CRC,cfrrbs,limma,in_silico,top250,0.0001
healthy_CRC_0.0001_20000000_rep3,0.0055419295405621,Houseman_eq,CRC,cfrrbs,limma,in_silico,top250,0.0001
healthy_CRC_0.0001_20000000_rep4,0.0,Houseman_eq,CRC,cfrrbs,limma,in_silico,top250,0.0001
healthy_CRC_0.0001_20000000_rep5,0.0020299048550645,Houseman_eq,CRC,cfrrbs,limma,in_silico,top250,0.0001
healthy_CRC_0.0001_20000000_rep6,0.0006165359110664,Houseman_eq,CRC,cfrrbs,limma,in_silico,top250,0.0001
healthy_CRC_0.0001_20000000_rep7,0.0005877253750756,Houseman_eq,CRC,cfrrbs,limma,in_silico,top250,0.0001
healthy_CRC_0.0001_20000000_rep8,0.0059605526698498,Houseman_eq,CRC,cfrrbs,limma,in_silico,top250,0.0001
healthy_CRC_0.0001_20000000_rep9,0.0044922329138914,Houseman_eq,CRC,cfrrbs,limma,in_silico,top250,0.0001
healthy_CRC_0.001_20000000_rep1,0.0,Houseman_eq,CRC,cfrrbs,limma,in_silico,top250,0.001
healthy_CRC_0.001_20000000_rep10,0.0014690112712759,Houseman_eq,CRC,cfrrbs,limma,in_silico,top250,0.001
healthy_CRC_0.001_20000000_rep2,0.0,Houseman_eq,CRC,cfrrbs,limma,in_silico,top250,0.001
healthy_CRC_0.001_20000000_rep3,0.0049307046878784,Houseman_eq,CRC,cfrrbs,limma,in_silico,top250,0.001
healthy_CRC_0.001_20000000_rep4,0.000522882112978,Houseman_eq,CRC,cfrrbs,limma,in_silico,top250,0.001
healthy_CRC_0.001_20000000_rep5,0.0051786593556001,Houseman_eq,CRC,cfrrbs,limma,in_silico,top250,0.001
healthy_CRC_0.001_20000000_rep6,0.002796033201171,Houseman_eq,CRC,cfrrbs,limma,in_silico,top250,0.001
healthy_CRC_0.001_20000000_rep7,0.0,Houseman_eq,CRC,cfrrbs,limma,in_silico,top250,0.001
healthy_CRC_0.001_20000000_rep8,0.0075394097619797,Houseman_eq,CRC,cfrrbs,limma,in_silico,top250,0.001
healthy_CRC_0.001_20000000_rep9,0.0011917783627693,Houseman_eq,CRC,cfrrbs,limma,in_silico,top250,0.001
healthy_CRC_0.003_20000000_rep1,0.0,Houseman_eq,CRC,cfrrbs,limma,in_silico,top250,0.003
healthy_CRC_0.003_20000000_rep10,0.0019465889776777,Houseman_eq,CRC,cfrrbs,limma,in_silico,top250,0.003
healthy_CRC_0.003_20000000_rep2,0.0035374398983211,Houseman_eq,CRC,cfrrbs,limma,in_silico,top250,0.003
healthy_CRC_0.003_20000000_rep3,0.0016707908986137,Houseman_eq,CRC,cfrrbs,limma,in_silico,top250,0.003
healthy_CRC_0.003_20000000_rep4,0.0058966010883197,Houseman_eq,CRC,cfrrbs,limma,in_silico,top250,0.003
healthy_CRC_0.003_20000000_rep5,0.0058292268364132,Houseman_eq,CRC,cfrrbs,limma,in_silico,top250,0.003
healthy_CRC_0.003_20000000_rep6,0.0029808060323738,Houseman_eq,CRC,cfrrbs,limma,in_silico,top250,0.003
healthy_CRC_0.003_20000000_rep7,0.0059695757275704,Houseman_eq,CRC,cfrrbs,limma,in_silico,top250,0.003
healthy_CRC_0.003_20000000_rep8,0.0071034889051027,Houseman_eq,CRC,cfrrbs,limma,in_silico,top250,0.003
healthy_CRC_0.003_20000000_rep9,0.0002495208587929,Houseman_eq,CRC,cfrrbs,limma,in_silico,top250,0.003
healthy_CRC_0.007_20000000_rep1,0.0095388274259163,Houseman_eq,CRC,cfrrbs,limma,in_silico,top250,0.007
healthy_CRC_0.007_20000000_rep10,0.0173841133234833,Houseman_eq,CRC,cfrrbs,limma,in_silico,top250,0.007
healthy_CRC_0.007_20000000_rep2,0.017613967746334,Houseman_eq,CRC,cfrrbs,limma,in_silico,top250,0.007
healthy_CRC_0.007_20000000_rep3,0.0105921916804013,Houseman_eq,CRC,cfrrbs,limma,in_silico,top250,0.007
healthy_CRC_0.007_20000000_rep4,0.0112498931975907,Houseman_eq,CRC,cfrrbs,limma,in_silico,top250,0.007
healthy_CRC_0.007_20000000_rep5,0.0007053537162568,Houseman_eq,CRC,cfrrbs,limma,in_silico,top250,0.007
healthy_CRC_0.007_20000000_rep6,0.0096145471606351,Houseman_eq,CRC,cfrrbs,limma,in_silico,top250,0.007
healthy_CRC_0.007_20000000_rep7,0.0103620983267328,Houseman_eq,CRC,cfrrbs,limma,in_silico,top250,0.007
healthy_CRC_0.007_20000000_rep8,0.0,Houseman_eq,CRC,cfrrbs,limma,in_silico,top250,0.007
healthy_CRC_0.007_20000000_rep9,0.0,Houseman_eq,CRC,cfrrbs,limma,in_silico,top250,0.007
healthy_CRC_0.01_20000000_rep1,0.0101309804451243,Houseman_eq,CRC,cfrrbs,limma,in_silico,top250,0.01
healthy_CRC_0.01_20000000_rep10,0.0020304087649319,Houseman_eq,CRC,cfrrbs,limma,in_silico,top250,0.01
healthy_CRC_0.01_20000000_rep2,0.0062657172768696,Houseman_eq,CRC,cfrrbs,limma,in_silico,top250,0.01
healthy_CRC_0.01_20000000_rep3,0.0072629344892001,Houseman_eq,CRC,cfrrbs,limma,in_silico,top250,0.01
healthy_CRC_0.01_20000000_rep4,0.0075200407581375,Houseman_eq,CRC,cfrrbs,limma,in_silico,top250,0.01
healthy_CRC_0.01_20000000_rep5,0.0132229686499575,Houseman_eq,CRC,cfrrbs,limma,in_silico,top250,0.01
healthy_CRC_0.01_20000000_rep6,0.013513986932047,Houseman_eq,CRC,cfrrbs,limma,in_silico,top250,0.01
healthy_CRC_0.01_20000000_rep7,0.0070630978210747,Houseman_eq,CRC,cfrrbs,limma,in_silico,top250,0.01
healthy_CRC_0.01_20000000_rep8,0.0073680504901214,Houseman_eq,CRC,cfrrbs,limma,in_silico,top250,0.01
healthy_CRC_0.01_20000000_rep9,0.0088019596207447,Houseman_eq,CRC,cfrrbs,limma,in_silico,top250,0.01
healthy_CRC_0.025_20000000_rep1,0.0117178535646799,Houseman_eq,CRC,cfrrbs,limma,in_silico,top250,0.025
healthy_CRC_0.025_20000000_rep10,0.0160933538292235,Houseman_eq,CRC,cfrrbs,limma,in_silico,top250,0.025
healthy_CRC_0.025_20000000_rep2,0.0259665036605737,Houseman_eq,CRC,cfrrbs,limma,in_silico,top250,0.025
healthy_CRC_0.025_20000000_rep3,0.0130360669442604,Houseman_eq,CRC,cfrrbs,limma,in_silico,top250,0.025
healthy_CRC_0.025_20000000_rep4,0.0141347081007662,Houseman_eq,CRC,cfrrbs,limma,in_silico,top250,0.025
healthy_CRC_0.025_20000000_rep5,0.022229015859654,Houseman_eq,CRC,cfrrbs,limma,in_silico,top250,0.025
healthy_CRC_0.025_20000000_rep6,0.0197865061303952,Houseman_eq,CRC,cfrrbs,limma,in_silico,top250,0.025
healthy_CRC_0.025_20000000_rep7,0.0185744309456625,Houseman_eq,CRC,cfrrbs,limma,in_silico,top250,0.025
healthy_CRC_0.025_20000000_rep8,0.0172581489247053,Houseman_eq,CRC,cfrrbs,limma,in_silico,top250,0.025
healthy_CRC_0.025_20000000_rep9,0.0202222711774508,Houseman_eq,CRC,cfrrbs,limma,in_silico,top250,0.025
healthy_CRC_0.05_20000000_rep1,0.0345464103629698,Houseman_eq,CRC,cfrrbs,limma,in_silico,top250,0.05
healthy_CRC_0.05_20000000_rep10,0.0323411836061173,Houseman_eq,CRC,cfrrbs,limma,in_silico,top250,0.05
healthy_CRC_0.05_20000000_rep2,0.0293392192829228,Houseman_eq,CRC,cfrrbs,limma,in_silico,top250,0.05
healthy_CRC_0.05_20000000_rep3,0.0390746733157523,Houseman_eq,CRC,cfrrbs,limma,in_silico,top250,0.05
healthy_CRC_0.05_20000000_rep4,0.0216119843465897,Houseman_eq,CRC,cfrrbs,limma,in_silico,top250,0.05
healthy_CRC_0.05_20000000_rep5,0.0284579959902823,Houseman_eq,CRC,cfrrbs,limma,in_silico,top250,0.05
healthy_CRC_0.05_20000000_rep6,0.031388868991637,Houseman_eq,CRC,cfrrbs,limma,in_silico,top250,0.05
healthy_CRC_0.05_20000000_rep7,0.0386611447432804,Houseman_eq,CRC,cfrrbs,limma,in_silico,top250,0.05
healthy_CRC_0.05_20000000_rep8,0.0305576678321196,Houseman_eq,CRC,cfrrbs,limma,in_silico,top250,0.05
healthy_CRC_0.05_20000000_rep9,0.0358583076442819,Houseman_eq,CRC,cfrrbs,limma,in_silico,top250,0.05
healthy_CRC_0.1_20000000_rep1,0.0636865019247029,Houseman_eq,CRC,cfrrbs,limma,in_silico,top250,0.1
healthy_CRC_0.1_20000000_rep10,0.0645228853460221,Houseman_eq,CRC,cfrrbs,limma,in_silico,top250,0.1
healthy_CRC_0.1_20000000_rep2,0.0575730787224468,Houseman_eq,CRC,cfrrbs,limma,in_silico,top250,0.1
healthy_CRC_0.1_20000000_rep3,0.0683214639329619,Houseman_eq,CRC,cfrrbs,limma,in_silico,top250,0.1
healthy_CRC_0.1_20000000_rep4,0.0619777023149957,Houseman_eq,CRC,cfrrbs,limma,in_silico,top250,0.1
healthy_CRC_0.1_20000000_rep5,0.0689394511665395,Houseman_eq,CRC,cfrrbs,limma,in_silico,top250,0.1
healthy_CRC_0.1_20000000_rep6,0.0577135836654668,Houseman_eq,CRC,cfrrbs,limma,in_silico,top250,0.1
healthy_CRC_0.1_20000000_rep7,0.058069151797876,Houseman_eq,CRC,cfrrbs,limma,in_silico,top250,0.1
healthy_CRC_0.1_20000000_rep8,0.0667329910618329,Houseman_eq,CRC,cfrrbs,limma,in_silico,top250,0.1
healthy_CRC_0.1_20000000_rep9,0.0569752935067265,Houseman_eq,CRC,cfrrbs,limma,in_silico,top250,0.1
healthy_CRC_0.25_20000000_rep1,0.148602662218073,Houseman_eq,CRC,cfrrbs,limma,in_silico,top250,0.25
healthy_CRC_0.25_20000000_rep10,0.154008557037506,Houseman_eq,CRC,cfrrbs,limma,in_silico,top250,0.25
healthy_CRC_0.25_20000000_rep2,0.153117527068389,Houseman_eq,CRC,cfrrbs,limma,in_silico,top250,0.25
healthy_CRC_0.25_20000000_rep3,0.163475155988839,Houseman_eq,CRC,cfrrbs,limma,in_silico,top250,0.25
healthy_CRC_0.25_20000000_rep4,0.149461191318681,Houseman_eq,CRC,cfrrbs,limma,in_silico,top250,0.25
healthy_CRC_0.25_20000000_rep5,0.155720360422757,Houseman_eq,CRC,cfrrbs,limma,in_silico,top250,0.25
healthy_CRC_0.25_20000000_rep6,0.160230978380351,Houseman_eq,CRC,cfrrbs,limma,in_silico,top250,0.25
healthy_CRC_0.25_20000000_rep7,0.15358252360416,Houseman_eq,CRC,cfrrbs,limma,in_silico,top250,0.25
healthy_CRC_0.25_20000000_rep8,0.159344648030818,Houseman_eq,CRC,cfrrbs,limma,in_silico,top250,0.25
healthy_CRC_0.25_20000000_rep9,0.156860158870199,Houseman_eq,CRC,cfrrbs,limma,in_silico,top250,0.25
healthy_CRC_0.5_20000000_rep1,0.323209022489256,Houseman_eq,CRC,cfrrbs,limma,in_silico,top250,0.5
healthy_CRC_0.5_20000000_rep10,0.331162079651278,Houseman_eq,CRC,cfrrbs,limma,in_silico,top250,0.5
healthy_CRC_0.5_20000000_rep2,0.314494071455701,Houseman_eq,CRC,cfrrbs,limma,in_silico,top250,0.5
healthy_CRC_0.5_20000000_rep3,0.322920497117436,Houseman_eq,CRC,cfrrbs,limma,in_silico,top250,0.5
healthy_CRC_0.5_20000000_rep4,0.319992648017554,Houseman_eq,CRC,cfrrbs,limma,in_silico,top250,0.5
healthy_CRC_0.5_20000000_rep5,0.319418800776849,Houseman_eq,CRC,cfrrbs,limma,in_silico,top250,0.5
healthy_CRC_0.5_20000000_rep6,0.318187546745072,Houseman_eq,CRC,cfrrbs,limma,in_silico,top250,0.5
healthy_CRC_0.5_20000000_rep7,0.317723570540827,Houseman_eq,CRC,cfrrbs,limma,in_silico,top250,0.5
healthy_CRC_0.5_20000000_rep8,0.310798598779749,Houseman_eq,CRC,cfrrbs,limma,in_silico,top250,0.5
healthy_CRC_0.5_20000000_rep9,0.316418214870964,Houseman_eq,CRC,cfrrbs,limma,in_silico,top250,0.5
healthy_CRC_0_20000000_rep1,0.0102971217599796,Houseman_eq,CRC,cfrrbs,limma,in_silico,top250,0
healthy_CRC_0_20000000_rep10,0.0039118520292234,Houseman_eq,CRC,cfrrbs,limma,in_silico,top250,0
healthy_CRC_0_20000000_rep2,0.0,Houseman_eq,CRC,cfrrbs,limma,in_silico,top250,0
healthy_CRC_0_20000000_rep3,0.0025505459837413,Houseman_eq,CRC,cfrrbs,limma,in_silico,top250,0
healthy_CRC_0_20000000_rep4,0.0021573880923221,Houseman_eq,CRC,cfrrbs,limma,in_silico,top250,0
healthy_CRC_0_20000000_rep5,0.0010935386485076,Houseman_eq,CRC,cfrrbs,limma,in_silico,top250,0
healthy_CRC_0_20000000_rep6,0.0057575834398081,Houseman_eq,CRC,cfrrbs,limma,in_silico,top250,0
healthy_CRC_0_20000000_rep7,0.0020521451897977,Houseman_eq,CRC,cfrrbs,limma,in_silico,top250,0
healthy_CRC_0_20000000_rep8,0.0068474621275019,Houseman_eq,CRC,cfrrbs,limma,in_silico,top250,0
healthy_CRC_0_20000000_rep9,0.0027977179880068,Houseman_eq,CRC,cfrrbs,limma,in_silico,top250,0
healthy_CRC_0.0001_20000000_rep1,0.0009206386987684,Houseman_eq,CRC,cfrrbs,limma,in_silico,top25,0.0001
healthy_CRC_0.0001_20000000_rep10,0.0,Houseman_eq,CRC,cfrrbs,limma,in_silico,top25,0.0001
healthy_CRC_0.0001_20000000_rep2,0.0,Houseman_eq,CRC,cfrrbs,limma,in_silico,top25,0.0001
healthy_CRC_0.0001_20000000_rep3,0.0091571269536054,Houseman_eq,CRC,cfrrbs,limma,in_silico,top25,0.0001
healthy_CRC_0.0001_20000000_rep4,3.4012452608416697e-18,Houseman_eq,CRC,cfrrbs,limma,in_silico,top25,0.0001
healthy_CRC_0.0001_20000000_rep5,0.0041509041922136,Houseman_eq,CRC,cfrrbs,limma,in_silico,top25,0.0001
healthy_CRC_0.0001_20000000_rep6,0.0,Houseman_eq,CRC,cfrrbs,limma,in_silico,top25,0.0001
healthy_CRC_0.0001_20000000_rep7,1.7347234759768098e-18,Houseman_eq,CRC,cfrrbs,limma,in_silico,top25,0.0001
healthy_CRC_0.0001_20000000_rep8,1.44593067301723e-18,Houseman_eq,CRC,cfrrbs,limma,in_silico,top25,0.0001
healthy_CRC_0.0001_20000000_rep9,0.0127981280949091,Houseman_eq,CRC,cfrrbs,limma,in_silico,top25,0.0001
healthy_CRC_0.001_20000000_rep1,0.0,Houseman_eq,CRC,cfrrbs,limma,in_silico,top25,0.001
healthy_CRC_0.001_20000000_rep10,-4.336808689942022e-19,Houseman_eq,CRC,cfrrbs,limma,in_silico,top25,0.001
healthy_CRC_0.001_20000000_rep2,0.0,Houseman_eq,CRC,cfrrbs,limma,in_silico,top25,0.001
healthy_CRC_0.001_20000000_rep3,0.0,Houseman_eq,CRC,cfrrbs,limma,in_silico,top25,0.001
healthy_CRC_0.001_20000000_rep4,0.0014820901769141,Houseman_eq,CRC,cfrrbs,limma,in_silico,top25,0.001
healthy_CRC_0.001_20000000_rep5,0.0,Houseman_eq,CRC,cfrrbs,limma,in_silico,top25,0.001
healthy_CRC_0.001_20000000_rep6,0.0,Houseman_eq,CRC,cfrrbs,limma,in_silico,top25,0.001
healthy_CRC_0.001_20000000_rep7,5.67536930604256e-18,Houseman_eq,CRC,cfrrbs,limma,in_silico,top25,0.001
healthy_CRC_0.001_20000000_rep8,0.0,Houseman_eq,CRC,cfrrbs,limma,in_silico,top25,0.001
healthy_CRC_0.001_20000000_rep9,1.04608767386816e-18,Houseman_eq,CRC,cfrrbs,limma,in_silico,top25,0.001
healthy_CRC_0.003_20000000_rep1,0.0,Houseman_eq,CRC,cfrrbs,limma,in_silico,top25,0.003
healthy_CRC_0.003_20000000_rep10,0.0,Houseman_eq,CRC,cfrrbs,limma,in_silico,top25,0.003
healthy_CRC_0.003_20000000_rep2,1.7347234759768098e-18,Houseman_eq,CRC,cfrrbs,limma,in_silico,top25,0.003
healthy_CRC_0.003_20000000_rep3,2.26627608668907e-18,Houseman_eq,CRC,cfrrbs,limma,in_silico,top25,0.003
healthy_CRC_0.003_20000000_rep4,0.0,Houseman_eq,CRC,cfrrbs,limma,in_silico,top25,0.003
healthy_CRC_0.003_20000000_rep5,0.0,Houseman_eq,CRC,cfrrbs,limma,in_silico,top25,0.003
healthy_CRC_0.003_20000000_rep6,0.0,Houseman_eq,CRC,cfrrbs,limma,in_silico,top25,0.003
healthy_CRC_0.003_20000000_rep7,0.0,Houseman_eq,CRC,cfrrbs,limma,in_silico,top25,0.003
healthy_CRC_0.003_20000000_rep8,0.0,Houseman_eq,CRC,cfrrbs,limma,in_silico,top25,0.003
healthy_CRC_0.003_20000000_rep9,0.0,Houseman_eq,CRC,cfrrbs,limma,in_silico,top25,0.003
healthy_CRC_0.007_20000000_rep1,0.0099476806875917,Houseman_eq,CRC,cfrrbs,limma,in_silico,top25,0.007
healthy_CRC_0.007_20000000_rep10,0.0078683392511393,Houseman_eq,CRC,cfrrbs,limma,in_silico,top25,0.007
healthy_CRC_0.007_20000000_rep2,0.0058264626328633,Houseman_eq,CRC,cfrrbs,limma,in_silico,top25,0.007
healthy_CRC_0.007_20000000_rep3,0.0,Houseman_eq,CRC,cfrrbs,limma,in_silico,top25,0.007
healthy_CRC_0.007_20000000_rep4,0.0,Houseman_eq,CRC,cfrrbs,limma,in_silico,top25,0.007
healthy_CRC_0.007_20000000_rep5,0.0,Houseman_eq,CRC,cfrrbs,limma,in_silico,top25,0.007
healthy_CRC_0.007_20000000_rep6,0.0,Houseman_eq,CRC,cfrrbs,limma,in_silico,top25,0.007
healthy_CRC_0.007_20000000_rep7,0.0,Houseman_eq,CRC,cfrrbs,limma,in_silico,top25,0.007
healthy_CRC_0.007_20000000_rep8,0.0,Houseman_eq,CRC,cfrrbs,limma,in_silico,top25,0.007
healthy_CRC_0.007_20000000_rep9,0.0,Houseman_eq,CRC,cfrrbs,limma,in_silico,top25,0.007
healthy_CRC_0.01_20000000_rep1,-1.52863953826512e-19,Houseman_eq,CRC,cfrrbs,limma,in_silico,top25,0.01
healthy_CRC_0.01_20000000_rep10,0.0,Houseman_eq,CRC,cfrrbs,limma,in_silico,top25,0.01
healthy_CRC_0.01_20000000_rep2,1.37097649028391e-18,Houseman_eq,CRC,cfrrbs,limma,in_silico,top25,0.01
healthy_CRC_0.01_20000000_rep3,9.72086559793441e-20,Houseman_eq,CRC,cfrrbs,limma,in_silico,top25,0.01
healthy_CRC_0.01_20000000_rep4,0.0,Houseman_eq,CRC,cfrrbs,limma,in_silico,top25,0.01
healthy_CRC_0.01_20000000_rep5,0.0050007936560964,Houseman_eq,CRC,cfrrbs,limma,in_silico,top25,0.01
healthy_CRC_0.01_20000000_rep6,0.0094427250413766,Houseman_eq,CRC,cfrrbs,limma,in_silico,top25,0.01
healthy_CRC_0.01_20000000_rep7,0.0,Houseman_eq,CRC,cfrrbs,limma,in_silico,top25,0.01
healthy_CRC_0.01_20000000_rep8,-4.336808689942022e-19,Houseman_eq,CRC,cfrrbs,limma,in_silico,top25,0.01
healthy_CRC_0.01_20000000_rep9,0.0023727639737178,Houseman_eq,CRC,cfrrbs,limma,in_silico,top25,0.01
healthy_CRC_0.025_20000000_rep1,1.25569819014181e-18,Houseman_eq,CRC,cfrrbs,limma,in_silico,top25,0.025
healthy_CRC_0.025_20000000_rep10,0.0100887968820702,Houseman_eq,CRC,cfrrbs,limma,in_silico,top25,0.025
healthy_CRC_0.025_20000000_rep2,0.0092413628538363,Houseman_eq,CRC,cfrrbs,limma,in_silico,top25,0.025
healthy_CRC_0.025_20000000_rep3,0.0,Houseman_eq,CRC,cfrrbs,limma,in_silico,top25,0.025
healthy_CRC_0.025_20000000_rep4,0.0170795710248088,Houseman_eq,CRC,cfrrbs,limma,in_silico,top25,0.025
healthy_CRC_0.025_20000000_rep5,0.0059634873978309,Houseman_eq,CRC,cfrrbs,limma,in_silico,top25,0.025
healthy_CRC_0.025_20000000_rep6,0.0152120212752338,Houseman_eq,CRC,cfrrbs,limma,in_silico,top25,0.025
healthy_CRC_0.025_20000000_rep7,0.0039207120019564,Houseman_eq,CRC,cfrrbs,limma,in_silico,top25,0.025
healthy_CRC_0.025_20000000_rep8,8.673617379884041e-19,Houseman_eq,CRC,cfrrbs,limma,in_silico,top25,0.025
healthy_CRC_0.025_20000000_rep9,0.0,Houseman_eq,CRC,cfrrbs,limma,in_silico,top25,0.025
healthy_CRC_0.05_20000000_rep1,0.0298564264935936,Houseman_eq,CRC,cfrrbs,limma,in_silico,top25,0.05
healthy_CRC_0.05_20000000_rep10,0.0267409870115783,Houseman_eq,CRC,cfrrbs,limma,in_silico,top25,0.05
healthy_CRC_0.05_20000000_rep2,0.0238703997608749,Houseman_eq,CRC,cfrrbs,limma,in_silico,top25,0.05
healthy_CRC_0.05_20000000_rep3,0.0378175927165462,Houseman_eq,CRC,cfrrbs,limma,in_silico,top25,0.05
healthy_CRC_0.05_20000000_rep4,0.0154030697938271,Houseman_eq,CRC,cfrrbs,limma,in_silico,top25,0.05
healthy_CRC_0.05_20000000_rep5,0.0178830758310168,Houseman_eq,CRC,cfrrbs,limma,in_silico,top25,0.05
healthy_CRC_0.05_20000000_rep6,0.0411373028817117,Houseman_eq,CRC,cfrrbs,limma,in_silico,top25,0.05
healthy_CRC_0.05_20000000_rep7,0.0357929860021138,Houseman_eq,CRC,cfrrbs,limma,in_silico,top25,0.05
healthy_CRC_0.05_20000000_rep8,0.0302839439276711,Houseman_eq,CRC,cfrrbs,limma,in_silico,top25,0.05
healthy_CRC_0.05_20000000_rep9,0.0262375411455758,Houseman_eq,CRC,cfrrbs,limma,in_silico,top25,0.05
healthy_CRC_0.1_20000000_rep1,0.0700826195057576,Houseman_eq,CRC,cfrrbs,limma,in_silico,top25,0.1
healthy_CRC_0.1_20000000_rep10,0.0635471886250177,Houseman_eq,CRC,cfrrbs,limma,in_silico,top25,0.1
healthy_CRC_0.1_20000000_rep2,0.0593415434643841,Houseman_eq,CRC,cfrrbs,limma,in_silico,top25,0.1
healthy_CRC_0.1_20000000_rep3,0.0506088827076489,Houseman_eq,CRC,cfrrbs,limma,in_silico,top25,0.1
healthy_CRC_0.1_20000000_rep4,0.0556212634801047,Houseman_eq,CRC,cfrrbs,limma,in_silico,top25,0.1
healthy_CRC_0.1_20000000_rep5,0.0632563139272397,Houseman_eq,CRC,cfrrbs,limma,in_silico,top25,0.1
healthy_CRC_0.1_20000000_rep6,0.0439752491922955,Houseman_eq,CRC,cfrrbs,limma,in_silico,top25,0.1
healthy_CRC_0.1_20000000_rep7,0.0707142493210736,Houseman_eq,CRC,cfrrbs,limma,in_silico,top25,0.1
healthy_CRC_0.1_20000000_rep8,0.0638763978094503,Houseman_eq,CRC,cfrrbs,limma,in_silico,top25,0.1
healthy_CRC_0.1_20000000_rep9,0.0458464429565254,Houseman_eq,CRC,cfrrbs,limma,in_silico,top25,0.1
healthy_CRC_0.25_20000000_rep1,0.143025251865013,Houseman_eq,CRC,cfrrbs,limma,in_silico,top25,0.25
healthy_CRC_0.25_20000000_rep10,0.152742030322111,Houseman_eq,CRC,cfrrbs,limma,in_silico,top25,0.25
healthy_CRC_0.25_20000000_rep2,0.150874759776062,Houseman_eq,CRC,cfrrbs,limma,in_silico,top25,0.25
healthy_CRC_0.25_20000000_rep3,0.174141706191994,Houseman_eq,CRC,cfrrbs,limma,in_silico,top25,0.25
healthy_CRC_0.25_20000000_rep4,0.151816285653759,Houseman_eq,CRC,cfrrbs,limma,in_silico,top25,0.25
healthy_CRC_0.25_20000000_rep5,0.162530216674599,Houseman_eq,CRC,cfrrbs,limma,in_silico,top25,0.25
healthy_CRC_0.25_20000000_rep6,0.17420925349096,Houseman_eq,CRC,cfrrbs,limma,in_silico,top25,0.25
healthy_CRC_0.25_20000000_rep7,0.140527031521317,Houseman_eq,CRC,cfrrbs,limma,in_silico,top25,0.25
healthy_CRC_0.25_20000000_rep8,0.144032297598161,Houseman_eq,CRC,cfrrbs,limma,in_silico,top25,0.25
healthy_CRC_0.25_20000000_rep9,0.164797623183598,Houseman_eq,CRC,cfrrbs,limma,in_silico,top25,0.25
healthy_CRC_0.5_20000000_rep1,0.333371143736226,Houseman_eq,CRC,cfrrbs,limma,in_silico,top25,0.5
healthy_CRC_0.5_20000000_rep10,0.359066799187512,Houseman_eq,CRC,cfrrbs,limma,in_silico,top25,0.5
healthy_CRC_0.5_20000000_rep2,0.344335187494186,Houseman_eq,CRC,cfrrbs,limma,in_silico,top25,0.5
healthy_CRC_0.5_20000000_rep3,0.313613305753369,Houseman_eq,CRC,cfrrbs,limma,in_silico,top25,0.5
healthy_CRC_0.5_20000000_rep4,0.355495778597401,Houseman_eq,CRC,cfrrbs,limma,in_silico,top25,0.5
healthy_CRC_0.5_20000000_rep5,0.333403367960823,Houseman_eq,CRC,cfrrbs,limma,in_silico,top25,0.5
healthy_CRC_0.5_20000000_rep6,0.329963491095449,Houseman_eq,CRC,cfrrbs,limma,in_silico,top25,0.5
healthy_CRC_0.5_20000000_rep7,0.342333840200045,Houseman_eq,CRC,cfrrbs,limma,in_silico,top25,0.5
healthy_CRC_0.5_20000000_rep8,0.3199231499093,Houseman_eq,CRC,cfrrbs,limma,in_silico,top25,0.5
healthy_CRC_0.5_20000000_rep9,0.324278445154284,Houseman_eq,CRC,cfrrbs,limma,in_silico,top25,0.5
healthy_CRC_0_20000000_rep1,0.0017512214825213,Houseman_eq,CRC,cfrrbs,limma,in_silico,top25,0
healthy_CRC_0_20000000_rep10,0.0,Houseman_eq,CRC,cfrrbs,limma,in_silico,top25,0
healthy_CRC_0_20000000_rep2,0.0,Houseman_eq,CRC,cfrrbs,limma,in_silico,top25,0
healthy_CRC_0_20000000_rep3,-4.336808689942022e-19,Houseman_eq,CRC,cfrrbs,limma,in_silico,top25,0
healthy_CRC_0_20000000_rep4,0.0,Houseman_eq,CRC,cfrrbs,limma,in_silico,top25,0
healthy_CRC_0_20000000_rep5,0.0,Houseman_eq,CRC,cfrrbs,limma,in_silico,top25,0
healthy_CRC_0_20000000_rep6,-1.7347234759768098e-18,Houseman_eq,CRC,cfrrbs,limma,in_silico,top25,0
healthy_CRC_0_20000000_rep7,0.0,Houseman_eq,CRC,cfrrbs,limma,in_silico,top25,0
healthy_CRC_0_20000000_rep8,8.673617379884041e-19,Houseman_eq,CRC,cfrrbs,limma,in_silico,top25,0
healthy_CRC_0_20000000_rep9,0.0,Houseman_eq,CRC,cfrrbs,limma,in_silico,top25,0
healthy_CRC_0.0001_20000000_rep1,0.0021968301448644,Houseman_eq,CRC,cfrrbs,limma,in_silico,top100,0.0001
healthy_CRC_0.0001_20000000_rep10,0.0,Houseman_eq,CRC,cfrrbs,limma,in_silico,top100,0.0001
healthy_CRC_0.0001_20000000_rep2,0.0,Houseman_eq,CRC,cfrrbs,limma,in_silico,top100,0.0001
healthy_CRC_0.0001_20000000_rep3,0.0,Houseman_eq,CRC,cfrrbs,limma,in_silico,top100,0.0001
healthy_CRC_0.0001_20000000_rep4,0.0,Houseman_eq,CRC,cfrrbs,limma,in_silico,top100,0.0001
healthy_CRC_0.0001_20000000_rep5,0.0,Houseman_eq,CRC,cfrrbs,limma,in_silico,top100,0.0001
healthy_CRC_0.0001_20000000_rep6,0.0,Houseman_eq,CRC,cfrrbs,limma,in_silico,top100,0.0001
healthy_CRC_0.0001_20000000_rep7,0.0,Houseman_eq,CRC,cfrrbs,limma,in_silico,top100,0.0001
healthy_CRC_0.0001_20000000_rep8,0.0,Houseman_eq,CRC,cfrrbs,limma,in_silico,top100,0.0001
healthy_CRC_0.0001_20000000_rep9,0.0010674200365973,Houseman_eq,CRC,cfrrbs,limma,in_silico,top100,0.0001
healthy_CRC_0.001_20000000_rep1,0.0,Houseman_eq,CRC,cfrrbs,limma,in_silico,top100,0.001
healthy_CRC_0.001_20000000_rep10,0.0,Houseman_eq,CRC,cfrrbs,limma,in_silico,top100,0.001
healthy_CRC_0.001_20000000_rep2,0.0,Houseman_eq,CRC,cfrrbs,limma,in_silico,top100,0.001
healthy_CRC_0.001_20000000_rep3,0.0,Houseman_eq,CRC,cfrrbs,limma,in_silico,top100,0.001
healthy_CRC_0.001_20000000_rep4,0.0,Houseman_eq,CRC,cfrrbs,limma,in_silico,top100,0.001
healthy_CRC_0.001_20000000_rep5,0.0,Houseman_eq,CRC,cfrrbs,limma,in_silico,top100,0.001
healthy_CRC_0.001_20000000_rep6,0.0,Houseman_eq,CRC,cfrrbs,limma,in_silico,top100,0.001
healthy_CRC_0.001_20000000_rep7,0.0,Houseman_eq,CRC,cfrrbs,limma,in_silico,top100,0.001
healthy_CRC_0.001_20000000_rep8,0.0018490922783322,Houseman_eq,CRC,cfrrbs,limma,in_silico,top100,0.001
healthy_CRC_0.001_20000000_rep9,0.0,Houseman_eq,CRC,cfrrbs,limma,in_silico,top100,0.001
healthy_CRC_0.003_20000000_rep1,0.0,Houseman_eq,CRC,cfrrbs,limma,in_silico,top100,0.003
healthy_CRC_0.003_20000000_rep10,0.0,Houseman_eq,CRC,cfrrbs,limma,in_silico,top100,0.003
healthy_CRC_0.003_20000000_rep2,0.0,Houseman_eq,CRC,cfrrbs,limma,in_silico,top100,0.003
healthy_CRC_0.003_20000000_rep3,0.0,Houseman_eq,CRC,cfrrbs,limma,in_silico,top100,0.003
healthy_CRC_0.003_20000000_rep4,0.0,Houseman_eq,CRC,cfrrbs,limma,in_silico,top100,0.003
healthy_CRC_0.003_20000000_rep5,0.0,Houseman_eq,CRC,cfrrbs,limma,in_silico,top100,0.003
healthy_CRC_0.003_20000000_rep6,0.0,Houseman_eq,CRC,cfrrbs,limma,in_silico,top100,0.003
healthy_CRC_0.003_20000000_rep7,0.0,Houseman_eq,CRC,cfrrbs,limma,in_silico,top100,0.003
healthy_CRC_0.003_20000000_rep8,0.0,Houseman_eq,CRC,cfrrbs,limma,in_silico,top100,0.003
healthy_CRC_0.003_20000000_rep9,0.0,Houseman_eq,CRC,cfrrbs,limma,in_silico,top100,0.003
healthy_CRC_0.007_20000000_rep1,0.0009463189419233,Houseman_eq,CRC,cfrrbs,limma,in_silico,top100,0.007
healthy_CRC_0.007_20000000_rep10,0.0091496390546,Houseman_eq,CRC,cfrrbs,limma,in_silico,top100,0.007
healthy_CRC_0.007_20000000_rep2,0.0091126527830336,Houseman_eq,CRC,cfrrbs,limma,in_silico,top100,0.007
healthy_CRC_0.007_20000000_rep3,0.0009464529703959,Houseman_eq,CRC,cfrrbs,limma,in_silico,top100,0.007
healthy_CRC_0.007_20000000_rep4,0.001405988908018,Houseman_eq,CRC,cfrrbs,limma,in_silico,top100,0.007
healthy_CRC_0.007_20000000_rep5,0.0,Houseman_eq,CRC,cfrrbs,limma,in_silico,top100,0.007
healthy_CRC_0.007_20000000_rep6,0.0,Houseman_eq,CRC,cfrrbs,limma,in_silico,top100,0.007
healthy_CRC_0.007_20000000_rep7,0.0015680356105886,Houseman_eq,CRC,cfrrbs,limma,in_silico,top100,0.007
healthy_CRC_0.007_20000000_rep8,0.0,Houseman_eq,CRC,cfrrbs,limma,in_silico,top100,0.007
healthy_CRC_0.007_20000000_rep9,0.0,Houseman_eq,CRC,cfrrbs,limma,in_silico,top100,0.007
healthy_CRC_0.01_20000000_rep1,0.0007188045483408,Houseman_eq,CRC,cfrrbs,limma,in_silico,top100,0.01
healthy_CRC_0.01_20000000_rep10,0.0,Houseman_eq,CRC,cfrrbs,limma,in_silico,top100,0.01
healthy_CRC_0.01_20000000_rep2,0.0024972416563018,Houseman_eq,CRC,cfrrbs,limma,in_silico,top100,0.01
healthy_CRC_0.01_20000000_rep3,0.0,Houseman_eq,CRC,cfrrbs,limma,in_silico,top100,0.01
healthy_CRC_0.01_20000000_rep4,0.0023288610501338,Houseman_eq,CRC,cfrrbs,limma,in_silico,top100,0.01
healthy_CRC_0.01_20000000_rep5,0.0067534199820879,Houseman_eq,CRC,cfrrbs,limma,in_silico,top100,0.01
healthy_CRC_0.01_20000000_rep6,0.0077547421676257,Houseman_eq,CRC,cfrrbs,limma,in_silico,top100,0.01
healthy_CRC_0.01_20000000_rep7,0.0006995221535994,Houseman_eq,CRC,cfrrbs,limma,in_silico,top100,0.01
healthy_CRC_0.01_20000000_rep8,0.0013136335409615,Houseman_eq,CRC,cfrrbs,limma,in_silico,top100,0.01
healthy_CRC_0.01_20000000_rep9,0.0029639919353865,Houseman_eq,CRC,cfrrbs,limma,in_silico,top100,0.01
healthy_CRC_0.025_20000000_rep1,0.0059719060864674,Houseman_eq,CRC,cfrrbs,limma,in_silico,top100,0.025
healthy_CRC_0.025_20000000_rep10,0.0088553283122847,Houseman_eq,CRC,cfrrbs,limma,in_silico,top100,0.025
healthy_CRC_0.025_20000000_rep2,0.0199478766101656,Houseman_eq,CRC,cfrrbs,limma,in_silico,top100,0.025
healthy_CRC_0.025_20000000_rep3,0.006335375761476,Houseman_eq,CRC,cfrrbs,limma,in_silico,top100,0.025
healthy_CRC_0.025_20000000_rep4,0.0066621142925191,Houseman_eq,CRC,cfrrbs,limma,in_silico,top100,0.025
healthy_CRC_0.025_20000000_rep5,0.0122564676357504,Houseman_eq,CRC,cfrrbs,limma,in_silico,top100,0.025
healthy_CRC_0.025_20000000_rep6,0.0146981355234504,Houseman_eq,CRC,cfrrbs,limma,in_silico,top100,0.025
healthy_CRC_0.025_20000000_rep7,0.0064083127352631,Houseman_eq,CRC,cfrrbs,limma,in_silico,top100,0.025
healthy_CRC_0.025_20000000_rep8,0.0052620549568041,Houseman_eq,CRC,cfrrbs,limma,in_silico,top100,0.025
healthy_CRC_0.025_20000000_rep9,0.0101927018448492,Houseman_eq,CRC,cfrrbs,limma,in_silico,top100,0.025
healthy_CRC_0.05_20000000_rep1,0.0341629697937111,Houseman_eq,CRC,cfrrbs,limma,in_silico,top100,0.05
healthy_CRC_0.05_20000000_rep10,0.0289036295653663,Houseman_eq,CRC,cfrrbs,limma,in_silico,top100,0.05
healthy_CRC_0.05_20000000_rep2,0.0208328156879404,Houseman_eq,CRC,cfrrbs,limma,in_silico,top100,0.05
healthy_CRC_0.05_20000000_rep3,0.0342002344845346,Houseman_eq,CRC,cfrrbs,limma,in_silico,top100,0.05
healthy_CRC_0.05_20000000_rep4,0.0154585506627176,Houseman_eq,CRC,cfrrbs,limma,in_silico,top100,0.05
healthy_CRC_0.05_20000000_rep5,0.0178243015820925,Houseman_eq,CRC,cfrrbs,limma,in_silico,top100,0.05
healthy_CRC_0.05_20000000_rep6,0.0272750492001804,Houseman_eq,CRC,cfrrbs,limma,in_silico,top100,0.05
healthy_CRC_0.05_20000000_rep7,0.0328567901839463,Houseman_eq,CRC,cfrrbs,limma,in_silico,top100,0.05
healthy_CRC_0.05_20000000_rep8,0.0319801774194711,Houseman_eq,CRC,cfrrbs,limma,in_silico,top100,0.05
healthy_CRC_0.05_20000000_rep9,0.0265241680681225,Houseman_eq,CRC,cfrrbs,limma,in_silico,top100,0.05
healthy_CRC_0.1_20000000_rep1,0.0643156074120384,Houseman_eq,CRC,cfrrbs,limma,in_silico,top100,0.1
healthy_CRC_0.1_20000000_rep10,0.0572541265489871,Houseman_eq,CRC,cfrrbs,limma,in_silico,top100,0.1
healthy_CRC_0.1_20000000_rep2,0.0499105960685707,Houseman_eq,CRC,cfrrbs,limma,in_silico,top100,0.1
healthy_CRC_0.1_20000000_rep3,0.0623135054933843,Houseman_eq,CRC,cfrrbs,limma,in_silico,top100,0.1
healthy_CRC_0.1_20000000_rep4,0.0488453979908709,Houseman_eq,CRC,cfrrbs,limma,in_silico,top100,0.1
healthy_CRC_0.1_20000000_rep5,0.0658222405777017,Houseman_eq,CRC,cfrrbs,limma,in_silico,top100,0.1
healthy_CRC_0.1_20000000_rep6,0.0462729669148517,Houseman_eq,CRC,cfrrbs,limma,in_silico,top100,0.1
healthy_CRC_0.1_20000000_rep7,0.0582926338886349,Houseman_eq,CRC,cfrrbs,limma,in_silico,top100,0.1
healthy_CRC_0.1_20000000_rep8,0.0655555754257262,Houseman_eq,CRC,cfrrbs,limma,in_silico,top100,0.1
healthy_CRC_0.1_20000000_rep9,0.0506457464409666,Houseman_eq,CRC,cfrrbs,limma,in_silico,top100,0.1
healthy_CRC_0.25_20000000_rep1,0.145596258656438,Houseman_eq,CRC,cfrrbs,limma,in_silico,top100,0.25
healthy_CRC_0.25_20000000_rep10,0.15083859716655,Houseman_eq,CRC,cfrrbs,limma,in_silico,top100,0.25
healthy_CRC_0.25_20000000_rep2,0.151296899504754,Houseman_eq,CRC,cfrrbs,limma,in_silico,top100,0.25
healthy_CRC_0.25_20000000_rep3,0.165019350993331,Houseman_eq,CRC,cfrrbs,limma,in_silico,top100,0.25
healthy_CRC_0.25_20000000_rep4,0.149867363383094,Houseman_eq,CRC,cfrrbs,limma,in_silico,top100,0.25
healthy_CRC_0.25_20000000_rep5,0.164652803642432,Houseman_eq,CRC,cfrrbs,limma,in_silico,top100,0.25
healthy_CRC_0.25_20000000_rep6,0.16420688722331,Houseman_eq,CRC,cfrrbs,limma,in_silico,top100,0.25
healthy_CRC_0.25_20000000_rep7,0.142895777015523,Houseman_eq,CRC,cfrrbs,limma,in_silico,top100,0.25
healthy_CRC_0.25_20000000_rep8,0.156011910781946,Houseman_eq,CRC,cfrrbs,limma,in_silico,top100,0.25
healthy_CRC_0.25_20000000_rep9,0.156551354733801,Houseman_eq,CRC,cfrrbs,limma,in_silico,top100,0.25
healthy_CRC_0.5_20000000_rep1,0.326130490205668,Houseman_eq,CRC,cfrrbs,limma,in_silico,top100,0.5
healthy_CRC_0.5_20000000_rep10,0.337865301971009,Houseman_eq,CRC,cfrrbs,limma,in_silico,top100,0.5
healthy_CRC_0.5_20000000_rep2,0.317722024572294,Houseman_eq,CRC,cfrrbs,limma,in_silico,top100,0.5
healthy_CRC_0.5_20000000_rep3,0.313482469025451,Houseman_eq,CRC,cfrrbs,limma,in_silico,top100,0.5
healthy_CRC_0.5_20000000_rep4,0.328945186821436,Houseman_eq,CRC,cfrrbs,limma,in_silico,top100,0.5
healthy_CRC_0.5_20000000_rep5,0.317435794759835,Houseman_eq,CRC,cfrrbs,limma,in_silico,top100,0.5
healthy_CRC_0.5_20000000_rep6,0.317271485600045,Houseman_eq,CRC,cfrrbs,limma,in_silico,top100,0.5
healthy_CRC_0.5_20000000_rep7,0.327421812759449,Houseman_eq,CRC,cfrrbs,limma,in_silico,top100,0.5
healthy_CRC_0.5_20000000_rep8,0.316060501604844,Houseman_eq,CRC,cfrrbs,limma,in_silico,top100,0.5
healthy_CRC_0.5_20000000_rep9,0.312768071032162,Houseman_eq,CRC,cfrrbs,limma,in_silico,top100,0.5
healthy_CRC_0_20000000_rep1,0.0046625038346323,Houseman_eq,CRC,cfrrbs,limma,in_silico,top100,0
healthy_CRC_0_20000000_rep10,0.0,Houseman_eq,CRC,cfrrbs,limma,in_silico,top100,0
healthy_CRC_0_20000000_rep2,0.0,Houseman_eq,CRC,cfrrbs,limma,in_silico,top100,0
healthy_CRC_0_20000000_rep3,0.0,Houseman_eq,CRC,cfrrbs,limma,in_silico,top100,0
healthy_CRC_0_20000000_rep4,0.0,Houseman_eq,CRC,cfrrbs,limma,in_silico,top100,0
healthy_CRC_0_20000000_rep5,0.0,Houseman_eq,CRC,cfrrbs,limma,in_silico,top100,0
healthy_CRC_0_20000000_rep6,0.0,Houseman_eq,CRC,cfrrbs,limma,in_silico,top100,0
healthy_CRC_0_20000000_rep7,0.0,Houseman_eq,CRC,cfrrbs,limma,in_silico,top100,0
healthy_CRC_0_20000000_rep8,0.0,Houseman_eq,CRC,cfrrbs,limma,in_silico,top100,0
healthy_CRC_0_20000000_rep9,0.0,Houseman_eq,CRC,cfrrbs,limma,in_silico,top100,0
healthy_CRC_0.0001_20000000_rep1,0.986,MetDecode,CRC,cfrrbs,limma,in_silico,top50,0.0001
healthy_CRC_0.0001_20000000_rep10,0.998,MetDecode,CRC,cfrrbs,limma,in_silico,top50,0.0001
healthy_CRC_0.0001_20000000_rep2,0.999,MetDecode,CRC,cfrrbs,limma,in_silico,top50,0.0001
healthy_CRC_0.0001_20000000_rep3,0.997,MetDecode,CRC,cfrrbs,limma,in_silico,top50,0.0001
healthy_CRC_0.0001_20000000_rep4,1.0,MetDecode,CRC,cfrrbs,limma,in_silico,top50,0.0001
healthy_CRC_0.0001_20000000_rep5,0.997,MetDecode,CRC,cfrrbs,limma,in_silico,top50,0.0001
healthy_CRC_0.0001_20000000_rep6,0.998,MetDecode,CRC,cfrrbs,limma,in_silico,top50,0.0001
healthy_CRC_0.0001_20000000_rep7,0.999,MetDecode,CRC,cfrrbs,limma,in_silico,top50,0.0001
healthy_CRC_0.0001_20000000_rep8,0.999,MetDecode,CRC,cfrrbs,limma,in_silico,top50,0.0001
healthy_CRC_0.0001_20000000_rep9,0.988,MetDecode,CRC,cfrrbs,limma,in_silico,top50,0.0001
healthy_CRC_0.001_20000000_rep1,0.996,MetDecode,CRC,cfrrbs,limma,in_silico,top50,0.001
healthy_CRC_0.001_20000000_rep10,0.995,MetDecode,CRC,cfrrbs,limma,in_silico,top50,0.001
healthy_CRC_0.001_20000000_rep2,0.996,MetDecode,CRC,cfrrbs,limma,in_silico,top50,0.001
healthy_CRC_0.001_20000000_rep3,0.99,MetDecode,CRC,cfrrbs,limma,in_silico,top50,0.001
healthy_CRC_0.001_20000000_rep4,0.992,MetDecode,CRC,cfrrbs,limma,in_silico,top50,0.001
healthy_CRC_0.001_20000000_rep5,0.996,MetDecode,CRC,cfrrbs,limma,in_silico,top50,0.001
healthy_CRC_0.001_20000000_rep6,0.997,MetDecode,CRC,cfrrbs,limma,in_silico,top50,0.001
healthy_CRC_0.001_20000000_rep7,0.997,MetDecode,CRC,cfrrbs,limma,in_silico,top50,0.001
healthy_CRC_0.001_20000000_rep8,0.982,MetDecode,CRC,cfrrbs,limma,in_silico,top50,0.001
healthy_CRC_0.001_20000000_rep9,1.0,MetDecode,CRC,cfrrbs,limma,in_silico,top50,0.001
healthy_CRC_0.003_20000000_rep1,0.998,MetDecode,CRC,cfrrbs,limma,in_silico,top50,0.003
healthy_CRC_0.003_20000000_rep10,0.992,MetDecode,CRC,cfrrbs,limma,in_silico,top50,0.003
healthy_CRC_0.003_20000000_rep2,0.997,MetDecode,CRC,cfrrbs,limma,in_silico,top50,0.003
healthy_CRC_0.003_20000000_rep3,0.995,MetDecode,CRC,cfrrbs,limma,in_silico,top50,0.003
healthy_CRC_0.003_20000000_rep4,0.992,MetDecode,CRC,cfrrbs,limma,in_silico,top50,0.003
healthy_CRC_0.003_20000000_rep5,0.994,MetDecode,CRC,cfrrbs,limma,in_silico,top50,0.003
healthy_CRC_0.003_20000000_rep6,0.996,MetDecode,CRC,cfrrbs,limma,in_silico,top50,0.003
healthy_CRC_0.003_20000000_rep7,0.99,MetDecode,CRC,cfrrbs,limma,in_silico,top50,0.003
healthy_CRC_0.003_20000000_rep8,0.991,MetDecode,CRC,cfrrbs,limma,in_silico,top50,0.003
healthy_CRC_0.003_20000000_rep9,1.0,MetDecode,CRC,cfrrbs,limma,in_silico,top50,0.003
healthy_CRC_0.007_20000000_rep1,0.988,MetDecode,CRC,cfrrbs,limma,in_silico,top50,0.007
healthy_CRC_0.007_20000000_rep10,0.965,MetDecode,CRC,cfrrbs,limma,in_silico,top50,0.007
healthy_CRC_0.007_20000000_rep2,0.991,MetDecode,CRC,cfrrbs,limma,in_silico,top50,0.007
healthy_CRC_0.007_20000000_rep3,0.995,MetDecode,CRC,cfrrbs,limma,in_silico,top50,0.007
healthy_CRC_0.007_20000000_rep4,0.992,MetDecode,CRC,cfrrbs,limma,in_silico,top50,0.007
healthy_CRC_0.007_20000000_rep5,0.999,MetDecode,CRC,cfrrbs,limma,in_silico,top50,0.007
healthy_CRC_0.007_20000000_rep6,0.995,MetDecode,CRC,cfrrbs,limma,in_silico,top50,0.007
healthy_CRC_0.007_20000000_rep7,0.989,MetDecode,CRC,cfrrbs,limma,in_silico,top50,0.007
healthy_CRC_0.007_20000000_rep8,0.989,MetDecode,CRC,cfrrbs,limma,in_silico,top50,0.007
healthy_CRC_0.007_20000000_rep9,0.994,MetDecode,CRC,cfrrbs,limma,in_silico,top50,0.007
healthy_CRC_0.01_20000000_rep1,0.999,MetDecode,CRC,cfrrbs,limma,in_silico,top50,0.01
healthy_CRC_0.01_20000000_rep10,0.994,MetDecode,CRC,cfrrbs,limma,in_silico,top50,0.01
healthy_CRC_0.01_20000000_rep2,0.994,MetDecode,CRC,cfrrbs,limma,in_silico,top50,0.01
healthy_CRC_0.01_20000000_rep3,1.0,MetDecode,CRC,cfrrbs,limma,in_silico,top50,0.01
healthy_CRC_0.01_20000000_rep4,0.997,MetDecode,CRC,cfrrbs,limma,in_silico,top50,0.01
healthy_CRC_0.01_20000000_rep5,0.995,MetDecode,CRC,cfrrbs,limma,in_silico,top50,0.01
healthy_CRC_0.01_20000000_rep6,0.987,MetDecode,CRC,cfrrbs,limma,in_silico,top50,0.01
healthy_CRC_0.01_20000000_rep7,0.983,MetDecode,CRC,cfrrbs,limma,in_silico,top50,0.01
healthy_CRC_0.01_20000000_rep8,0.995,MetDecode,CRC,cfrrbs,limma,in_silico,top50,0.01
healthy_CRC_0.01_20000000_rep9,0.989,MetDecode,CRC,cfrrbs,limma,in_silico,top50,0.01
healthy_CRC_0.025_20000000_rep1,0.995,MetDecode,CRC,cfrrbs,limma,in_silico,top50,0.025
healthy_CRC_0.025_20000000_rep10,0.984,MetDecode,CRC,cfrrbs,limma,in_silico,top50,0.025
healthy_CRC_0.025_20000000_rep2,0.943,MetDecode,CRC,cfrrbs,limma,in_silico,top50,0.025
healthy_CRC_0.025_20000000_rep3,0.98,MetDecode,CRC,cfrrbs,limma,in_silico,top50,0.025
healthy_CRC_0.025_20000000_rep4,0.969,MetDecode,CRC,cfrrbs,limma,in_silico,top50,0.025
healthy_CRC_0.025_20000000_rep5,0.971,MetDecode,CRC,cfrrbs,limma,in_silico,top50,0.025
healthy_CRC_0.025_20000000_rep6,0.962,MetDecode,CRC,cfrrbs,limma,in_silico,top50,0.025
healthy_CRC_0.025_20000000_rep7,0.964,MetDecode,CRC,cfrrbs,limma,in_silico,top50,0.025
healthy_CRC_0.025_20000000_rep8,0.994,MetDecode,CRC,cfrrbs,limma,in_silico,top50,0.025
healthy_CRC_0.025_20000000_rep9,0.968,MetDecode,CRC,cfrrbs,limma,in_silico,top50,0.025
healthy_CRC_0.05_20000000_rep1,0.95,MetDecode,CRC,cfrrbs,limma,in_silico,top50,0.05
healthy_CRC_0.05_20000000_rep10,0.969,MetDecode,CRC,cfrrbs,limma,in_silico,top50,0.05
healthy_CRC_0.05_20000000_rep2,0.943,MetDecode,CRC,cfrrbs,limma,in_silico,top50,0.05
healthy_CRC_0.05_20000000_rep3,0.954,MetDecode,CRC,cfrrbs,limma,in_silico,top50,0.05
healthy_CRC_0.05_20000000_rep4,0.959,MetDecode,CRC,cfrrbs,limma,in_silico,top50,0.05
healthy_CRC_0.05_20000000_rep5,0.955,MetDecode,CRC,cfrrbs,limma,in_silico,top50,0.05
healthy_CRC_0.05_20000000_rep6,0.915,MetDecode,CRC,cfrrbs,limma,in_silico,top50,0.05
healthy_CRC_0.05_20000000_rep7,0.949,MetDecode,CRC,cfrrbs,limma,in_silico,top50,0.05
healthy_CRC_0.05_20000000_rep8,0.947,MetDecode,CRC,cfrrbs,limma,in_silico,top50,0.05
healthy_CRC_0.05_20000000_rep9,0.95,MetDecode,CRC,cfrrbs,limma,in_silico,top50,0.05
healthy_CRC_0.1_20000000_rep1,0.896,MetDecode,CRC,cfrrbs,limma,in_silico,top50,0.1
healthy_CRC_0.1_20000000_rep10,0.868,MetDecode,CRC,cfrrbs,limma,in_silico,top50,0.1
healthy_CRC_0.1_20000000_rep2,0.892,MetDecode,CRC,cfrrbs,limma,in_silico,top50,0.1
healthy_CRC_0.1_20000000_rep3,0.887,MetDecode,CRC,cfrrbs,limma,in_silico,top50,0.1
healthy_CRC_0.1_20000000_rep4,0.909,MetDecode,CRC,cfrrbs,limma,in_silico,top50,0.1
healthy_CRC_0.1_20000000_rep5,0.871,MetDecode,CRC,cfrrbs,limma,in_silico,top50,0.1
healthy_CRC_0.1_20000000_rep6,0.905,MetDecode,CRC,cfrrbs,limma,in_silico,top50,0.1
healthy_CRC_0.1_20000000_rep7,0.881,MetDecode,CRC,cfrrbs,limma,in_silico,top50,0.1
healthy_CRC_0.1_20000000_rep8,0.868,MetDecode,CRC,cfrrbs,limma,in_silico,top50,0.1
healthy_CRC_0.1_20000000_rep9,0.893,MetDecode,CRC,cfrrbs,limma,in_silico,top50,0.1
healthy_CRC_0.25_20000000_rep1,0.716,MetDecode,CRC,cfrrbs,limma,in_silico,top50,0.25
healthy_CRC_0.25_20000000_rep10,0.772,MetDecode,CRC,cfrrbs,limma,in_silico,top50,0.25
healthy_CRC_0.25_20000000_rep2,0.739,MetDecode,CRC,cfrrbs,limma,in_silico,top50,0.25
healthy_CRC_0.25_20000000_rep3,0.705,MetDecode,CRC,cfrrbs,limma,in_silico,top50,0.25
healthy_CRC_0.25_20000000_rep4,0.761,MetDecode,CRC,cfrrbs,limma,in_silico,top50,0.25
healthy_CRC_0.25_20000000_rep5,0.703,MetDecode,CRC,cfrrbs,limma,in_silico,top50,0.25
healthy_CRC_0.25_20000000_rep6,0.717,MetDecode,CRC,cfrrbs,limma,in_silico,top50,0.25
healthy_CRC_0.25_20000000_rep7,0.755,MetDecode,CRC,cfrrbs,limma,in_silico,top50,0.25
healthy_CRC_0.25_20000000_rep8,0.767,MetDecode,CRC,cfrrbs,limma,in_silico,top50,0.25
healthy_CRC_0.25_20000000_rep9,0.711,MetDecode,CRC,cfrrbs,limma,in_silico,top50,0.25
healthy_CRC_0.5_20000000_rep1,0.482,MetDecode,CRC,cfrrbs,limma,in_silico,top50,0.5
healthy_CRC_0.5_20000000_rep10,0.49,MetDecode,CRC,cfrrbs,limma,in_silico,top50,0.5
healthy_CRC_0.5_20000000_rep2,0.492,MetDecode,CRC,cfrrbs,limma,in_silico,top50,0.5
healthy_CRC_0.5_20000000_rep3,0.509,MetDecode,CRC,cfrrbs,limma,in_silico,top50,0.5
healthy_CRC_0.5_20000000_rep4,0.512,MetDecode,CRC,cfrrbs,limma,in_silico,top50,0.5
healthy_CRC_0.5_20000000_rep5,0.498,MetDecode,CRC,cfrrbs,limma,in_silico,top50,0.5
healthy_CRC_0.5_20000000_rep6,0.484,MetDecode,CRC,cfrrbs,limma,in_silico,top50,0.5
healthy_CRC_0.5_20000000_rep7,0.499,MetDecode,CRC,cfrrbs,limma,in_silico,top50,0.5
healthy_CRC_0.5_20000000_rep8,0.52,MetDecode,CRC,cfrrbs,limma,in_silico,top50,0.5
healthy_CRC_0.5_20000000_rep9,0.493,MetDecode,CRC,cfrrbs,limma,in_silico,top50,0.5
healthy_CRC_0_20000000_rep1,0.999,MetDecode,CRC,cfrrbs,limma,in_silico,top50,0
healthy_CRC_0_20000000_rep10,0.998,MetDecode,CRC,cfrrbs,limma,in_silico,top50,0
healthy_CRC_0_20000000_rep2,0.996,MetDecode,CRC,cfrrbs,limma,in_silico,top50,0
healthy_CRC_0_20000000_rep3,0.99,MetDecode,CRC,cfrrbs,limma,in_silico,top50,0
healthy_CRC_0_20000000_rep4,0.996,MetDecode,CRC,cfrrbs,limma,in_silico,top50,0
healthy_CRC_0_20000000_rep5,0.998,MetDecode,CRC,cfrrbs,limma,in_silico,top50,0
healthy_CRC_0_20000000_rep6,1.0,MetDecode,CRC,cfrrbs,limma,in_silico,top50,0
healthy_CRC_0_20000000_rep7,0.999,MetDecode,CRC,cfrrbs,limma,in_silico,top50,0
healthy_CRC_0_20000000_rep8,0.999,MetDecode,CRC,cfrrbs,limma,in_silico,top50,0
healthy_CRC_0_20000000_rep9,0.994,MetDecode,CRC,cfrrbs,limma,in_silico,top50,0
healthy_CRC_0.0001_20000000_rep1,0.0039548355498658,CelFiE,CRC,cfrrbs,limma,in_silico,top50,0.0001
healthy_CRC_0.0001_20000000_rep10,0.0032130736995174,CelFiE,CRC,cfrrbs,limma,in_silico,top50,0.0001
healthy_CRC_0.0001_20000000_rep2,0.0014204672806005,CelFiE,CRC,cfrrbs,limma,in_silico,top50,0.0001
healthy_CRC_0.0001_20000000_rep3,0.0051277373235083,CelFiE,CRC,cfrrbs,limma,in_silico,top50,0.0001
healthy_CRC_0.0001_20000000_rep4,0.0002136475364559,CelFiE,CRC,cfrrbs,limma,in_silico,top50,0.0001
healthy_CRC_0.0001_20000000_rep5,0.0008968066324715,CelFiE,CRC,cfrrbs,limma,in_silico,top50,0.0001
healthy_CRC_0.0001_20000000_rep6,0.0029267652098567,CelFiE,CRC,cfrrbs,limma,in_silico,top50,0.0001
healthy_CRC_0.0001_20000000_rep7,0.0012300644956323,CelFiE,CRC,cfrrbs,limma,in_silico,top50,0.0001
healthy_CRC_0.0001_20000000_rep8,0.0035747333537199,CelFiE,CRC,cfrrbs,limma,in_silico,top50,0.0001
healthy_CRC_0.0001_20000000_rep9,0.0109723792546504,CelFiE,CRC,cfrrbs,limma,in_silico,top50,0.0001
healthy_CRC_0.001_20000000_rep1,0.0010268695670838,CelFiE,CRC,cfrrbs,limma,in_silico,top50,0.001
healthy_CRC_0.001_20000000_rep10,0.0019431031669938,CelFiE,CRC,cfrrbs,limma,in_silico,top50,0.001
healthy_CRC_0.001_20000000_rep2,0.0042763859281013,CelFiE,CRC,cfrrbs,limma,in_silico,top50,0.001
healthy_CRC_0.001_20000000_rep3,0.0047693668605104,CelFiE,CRC,cfrrbs,limma,in_silico,top50,0.001
healthy_CRC_0.001_20000000_rep4,0.0012438072584199,CelFiE,CRC,cfrrbs,limma,in_silico,top50,0.001
healthy_CRC_0.001_20000000_rep5,0.001715919956232,CelFiE,CRC,cfrrbs,limma,in_silico,top50,0.001
healthy_CRC_0.001_20000000_rep6,0.0019183046844345,CelFiE,CRC,cfrrbs,limma,in_silico,top50,0.001
healthy_CRC_0.001_20000000_rep7,0.0014041936727982,CelFiE,CRC,cfrrbs,limma,in_silico,top50,0.001
healthy_CRC_0.001_20000000_rep8,0.0036779949158823,CelFiE,CRC,cfrrbs,limma,in_silico,top50,0.001
healthy_CRC_0.001_20000000_rep9,0.0025883346105156,CelFiE,CRC,cfrrbs,limma,in_silico,top50,0.001
healthy_CRC_0.003_20000000_rep1,0.002143360892839,CelFiE,CRC,cfrrbs,limma,in_silico,top50,0.003
healthy_CRC_0.003_20000000_rep10,0.011588573871167,CelFiE,CRC,cfrrbs,limma,in_silico,top50,0.003
healthy_CRC_0.003_20000000_rep2,0.0038638894053936,CelFiE,CRC,cfrrbs,limma,in_silico,top50,0.003
healthy_CRC_0.003_20000000_rep3,0.0065638165096848,CelFiE,CRC,cfrrbs,limma,in_silico,top50,0.003
healthy_CRC_0.003_20000000_rep4,0.0051553751829693,CelFiE,CRC,cfrrbs,limma,in_silico,top50,0.003
healthy_CRC_0.003_20000000_rep5,0.0028624475004577,CelFiE,CRC,cfrrbs,limma,in_silico,top50,0.003
healthy_CRC_0.003_20000000_rep6,0.0003148111579813,CelFiE,CRC,cfrrbs,limma,in_silico,top50,0.003
healthy_CRC_0.003_20000000_rep7,0.0050502426469931,CelFiE,CRC,cfrrbs,limma,in_silico,top50,0.003
healthy_CRC_0.003_20000000_rep8,0.0051569664411494,CelFiE,CRC,cfrrbs,limma,in_silico,top50,0.003
healthy_CRC_0.003_20000000_rep9,0.0004631791829568,CelFiE,CRC,cfrrbs,limma,in_silico,top50,0.003
healthy_CRC_0.007_20000000_rep1,0.0040083729512796,CelFiE,CRC,cfrrbs,limma,in_silico,top50,0.007
healthy_CRC_0.007_20000000_rep10,0.0128717188052436,CelFiE,CRC,cfrrbs,limma,in_silico,top50,0.007
healthy_CRC_0.007_20000000_rep2,0.0043188852044257,CelFiE,CRC,cfrrbs,limma,in_silico,top50,0.007
healthy_CRC_0.007_20000000_rep3,0.004605483959528,CelFiE,CRC,cfrrbs,limma,in_silico,top50,0.007
healthy_CRC_0.007_20000000_rep4,0.0039889048666123,CelFiE,CRC,cfrrbs,limma,in_silico,top50,0.007
healthy_CRC_0.007_20000000_rep5,0.0031929286265245,CelFiE,CRC,cfrrbs,limma,in_silico,top50,0.007
healthy_CRC_0.007_20000000_rep6,0.0073962510062556,CelFiE,CRC,cfrrbs,limma,in_silico,top50,0.007
healthy_CRC_0.007_20000000_rep7,0.0142772085865746,CelFiE,CRC,cfrrbs,limma,in_silico,top50,0.007
healthy_CRC_0.007_20000000_rep8,0.0091030844694169,CelFiE,CRC,cfrrbs,limma,in_silico,top50,0.007
healthy_CRC_0.007_20000000_rep9,0.0024462445199992,CelFiE,CRC,cfrrbs,limma,in_silico,top50,0.007
healthy_CRC_0.01_20000000_rep1,0.0042460091643405,CelFiE,CRC,cfrrbs,limma,in_silico,top50,0.01
healthy_CRC_0.01_20000000_rep10,0.0031177432502951,CelFiE,CRC,cfrrbs,limma,in_silico,top50,0.01
healthy_CRC_0.01_20000000_rep2,0.0075767751984165,CelFiE,CRC,cfrrbs,limma,in_silico,top50,0.01
healthy_CRC_0.01_20000000_rep3,0.0097957953648432,CelFiE,CRC,cfrrbs,limma,in_silico,top50,0.01
healthy_CRC_0.01_20000000_rep4,0.0103815222796625,CelFiE,CRC,cfrrbs,limma,in_silico,top50,0.01
healthy_CRC_0.01_20000000_rep5,0.0099547959858937,CelFiE,CRC,cfrrbs,limma,in_silico,top50,0.01
healthy_CRC_0.01_20000000_rep6,0.0105422067705548,CelFiE,CRC,cfrrbs,limma,in_silico,top50,0.01
healthy_CRC_0.01_20000000_rep7,0.0081108822843698,CelFiE,CRC,cfrrbs,limma,in_silico,top50,0.01
healthy_CRC_0.01_20000000_rep8,0.0052823304790447,CelFiE,CRC,cfrrbs,limma,in_silico,top50,0.01
healthy_CRC_0.01_20000000_rep9,0.0126208325262987,CelFiE,CRC,cfrrbs,limma,in_silico,top50,0.01
healthy_CRC_0.025_20000000_rep1,0.0086269304929362,CelFiE,CRC,cfrrbs,limma,in_silico,top50,0.025
healthy_CRC_0.025_20000000_rep10,0.0233933139272537,CelFiE,CRC,cfrrbs,limma,in_silico,top50,0.025
healthy_CRC_0.025_20000000_rep2,0.0280633984631853,CelFiE,CRC,cfrrbs,limma,in_silico,top50,0.025
healthy_CRC_0.025_20000000_rep3,0.0142160158911418,CelFiE,CRC,cfrrbs,limma,in_silico,top50,0.025
healthy_CRC_0.025_20000000_rep4,0.0222060105366706,CelFiE,CRC,cfrrbs,limma,in_silico,top50,0.025
healthy_CRC_0.025_20000000_rep5,0.0201483860857537,CelFiE,CRC,cfrrbs,limma,in_silico,top50,0.025
healthy_CRC_0.025_20000000_rep6,0.0222319048357414,CelFiE,CRC,cfrrbs,limma,in_silico,top50,0.025
healthy_CRC_0.025_20000000_rep7,0.0140080318181574,CelFiE,CRC,cfrrbs,limma,in_silico,top50,0.025
healthy_CRC_0.025_20000000_rep8,0.0075335166396039,CelFiE,CRC,cfrrbs,limma,in_silico,top50,0.025
healthy_CRC_0.025_20000000_rep9,0.0263587260331128,CelFiE,CRC,cfrrbs,limma,in_silico,top50,0.025
healthy_CRC_0.05_20000000_rep1,0.0369676997209192,CelFiE,CRC,cfrrbs,limma,in_silico,top50,0.05
healthy_CRC_0.05_20000000_rep10,0.0303402488836094,CelFiE,CRC,cfrrbs,limma,in_silico,top50,0.05
healthy_CRC_0.05_20000000_rep2,0.0406001384631394,CelFiE,CRC,cfrrbs,limma,in_silico,top50,0.05
healthy_CRC_0.05_20000000_rep3,0.0443724491547515,CelFiE,CRC,cfrrbs,limma,in_silico,top50,0.05
healthy_CRC_0.05_20000000_rep4,0.0309844906096241,CelFiE,CRC,cfrrbs,limma,in_silico,top50,0.05
healthy_CRC_0.05_20000000_rep5,0.0260981204762922,CelFiE,CRC,cfrrbs,limma,in_silico,top50,0.05
healthy_CRC_0.05_20000000_rep6,0.0546880495287014,CelFiE,CRC,cfrrbs,limma,in_silico,top50,0.05
healthy_CRC_0.05_20000000_rep7,0.0350661538089128,CelFiE,CRC,cfrrbs,limma,in_silico,top50,0.05
healthy_CRC_0.05_20000000_rep8,0.0304052934898045,CelFiE,CRC,cfrrbs,limma,in_silico,top50,0.05
healthy_CRC_0.05_20000000_rep9,0.0357422684536866,CelFiE,CRC,cfrrbs,limma,in_silico,top50,0.05
healthy_CRC_0.1_20000000_rep1,0.0811761789947208,CelFiE,CRC,cfrrbs,limma,in_silico,top50,0.1
healthy_CRC_0.1_20000000_rep10,0.0710473872816154,CelFiE,CRC,cfrrbs,limma,in_silico,top50,0.1
healthy_CRC_0.1_20000000_rep2,0.0688680562505666,CelFiE,CRC,cfrrbs,limma,in_silico,top50,0.1
healthy_CRC_0.1_20000000_rep3,0.0717493927985419,CelFiE,CRC,cfrrbs,limma,in_silico,top50,0.1
healthy_CRC_0.1_20000000_rep4,0.0731289873729505,CelFiE,CRC,cfrrbs,limma,in_silico,top50,0.1
healthy_CRC_0.1_20000000_rep5,0.0809289052746104,CelFiE,CRC,cfrrbs,limma,in_silico,top50,0.1
healthy_CRC_0.1_20000000_rep6,0.054758888551029,CelFiE,CRC,cfrrbs,limma,in_silico,top50,0.1
healthy_CRC_0.1_20000000_rep7,0.0731635305458206,CelFiE,CRC,cfrrbs,limma,in_silico,top50,0.1
healthy_CRC_0.1_20000000_rep8,0.0820459277675177,CelFiE,CRC,cfrrbs,limma,in_silico,top50,0.1
healthy_CRC_0.1_20000000_rep9,0.0620573839327849,CelFiE,CRC,cfrrbs,limma,in_silico,top50,0.1
healthy_CRC_0.25_20000000_rep1,0.1846945646294598,CelFiE,CRC,cfrrbs,limma,in_silico,top50,0.25
healthy_CRC_0.25_20000000_rep10,0.1780737351787303,CelFiE,CRC,cfrrbs,limma,in_silico,top50,0.25
healthy_CRC_0.25_20000000_rep2,0.2003114913888028,CelFiE,CRC,cfrrbs,limma,in_silico,top50,0.25
healthy_CRC_0.25_20000000_rep3,0.207882448351946,CelFiE,CRC,cfrrbs,limma,in_silico,top50,0.25
healthy_CRC_0.25_20000000_rep4,0.1820091791859968,CelFiE,CRC,cfrrbs,limma,in_silico,top50,0.25
healthy_CRC_0.25_20000000_rep5,0.2048427986049409,CelFiE,CRC,cfrrbs,limma,in_silico,top50,0.25
healthy_CRC_0.25_20000000_rep6,0.2067238688755218,CelFiE,CRC,cfrrbs,limma,in_silico,top50,0.25
healthy_CRC_0.25_20000000_rep7,0.1777641218402968,CelFiE,CRC,cfrrbs,limma,in_silico,top50,0.25
healthy_CRC_0.25_20000000_rep8,0.1859104041503504,CelFiE,CRC,cfrrbs,limma,in_silico,top50,0.25
healthy_CRC_0.25_20000000_rep9,0.2107591740190695,CelFiE,CRC,cfrrbs,limma,in_silico,top50,0.25
healthy_CRC_0.5_20000000_rep1,0.4173182710361277,CelFiE,CRC,cfrrbs,limma,in_silico,top50,0.5
healthy_CRC_0.5_20000000_rep10,0.4194592018466285,CelFiE,CRC,cfrrbs,limma,in_silico,top50,0.5
healthy_CRC_0.5_20000000_rep2,0.4046307471393504,CelFiE,CRC,cfrrbs,limma,in_silico,top50,0.5
healthy_CRC_0.5_20000000_rep3,0.3906953248354086,CelFiE,CRC,cfrrbs,limma,in_silico,top50,0.5
healthy_CRC_0.5_20000000_rep4,0.4111704333726956,CelFiE,CRC,cfrrbs,limma,in_silico,top50,0.5
healthy_CRC_0.5_20000000_rep5,0.4053299987167957,CelFiE,CRC,cfrrbs,limma,in_silico,top50,0.5
healthy_CRC_0.5_20000000_rep6,0.4023214528892649,CelFiE,CRC,cfrrbs,limma,in_silico,top50,0.5
healthy_CRC_0.5_20000000_rep7,0.4145549260313242,CelFiE,CRC,cfrrbs,limma,in_silico,top50,0.5
healthy_CRC_0.5_20000000_rep8,0.3967366430000975,CelFiE,CRC,cfrrbs,limma,in_silico,top50,0.5
healthy_CRC_0.5_20000000_rep9,0.3933858325034758,CelFiE,CRC,cfrrbs,limma,in_silico,top50,0.5
healthy_CRC_0_20000000_rep1,0.0048440930632108,CelFiE,CRC,cfrrbs,limma,in_silico,top50,0
healthy_CRC_0_20000000_rep10,0.0003446019601693,CelFiE,CRC,cfrrbs,limma,in_silico,top50,0
healthy_CRC_0_20000000_rep2,0.0046590091000665,CelFiE,CRC,cfrrbs,limma,in_silico,top50,0
healthy_CRC_0_20000000_rep3,0.004952201442829,CelFiE,CRC,cfrrbs,limma,in_silico,top50,0
healthy_CRC_0_20000000_rep4,0.0060600371866538,CelFiE,CRC,cfrrbs,limma,in_silico,top50,0
healthy_CRC_0_20000000_rep5,0.0032057689548894,CelFiE,CRC,cfrrbs,limma,in_silico,top50,0
healthy_CRC_0_20000000_rep6,0.0003430807971451,CelFiE,CRC,cfrrbs,limma,in_silico,top50,0
healthy_CRC_0_20000000_rep7,0.0011799039248834,CelFiE,CRC,cfrrbs,limma,in_silico,top50,0
healthy_CRC_0_20000000_rep8,0.0023415520026785,CelFiE,CRC,cfrrbs,limma,in_silico,top50,0
healthy_CRC_0_20000000_rep9,0.0062475737258768,CelFiE,CRC,cfrrbs,limma,in_silico,top50,0
healthy_CRC_0.0001_20000000_rep1,0.0,UXM,CRC,cfrrbs,limma,in_silico,top50,0.0001
healthy_CRC_0.0001_20000000_rep10,0.092256,UXM,CRC,cfrrbs,limma,in_silico,top50,0.0001
healthy_CRC_0.0001_20000000_rep2,0.0134143,UXM,CRC,cfrrbs,limma,in_silico,top50,0.0001
healthy_CRC_0.0001_20000000_rep3,0.0,UXM,CRC,cfrrbs,limma,in_silico,top50,0.0001
healthy_CRC_0.0001_20000000_rep4,0.1359911,UXM,CRC,cfrrbs,limma,in_silico,top50,0.0001
healthy_CRC_0.0001_20000000_rep5,0.0,UXM,CRC,cfrrbs,limma,in_silico,top50,0.0001
healthy_CRC_0.0001_20000000_rep6,0.1698409,UXM,CRC,cfrrbs,limma,in_silico,top50,0.0001
healthy_CRC_0.0001_20000000_rep7,0.0,UXM,CRC,cfrrbs,limma,in_silico,top50,0.0001
healthy_CRC_0.0001_20000000_rep8,0.1273089,UXM,CRC,cfrrbs,limma,in_silico,top50,0.0001
healthy_CRC_0.0001_20000000_rep9,0.0014371,UXM,CRC,cfrrbs,limma,in_silico,top50,0.0001
healthy_CRC_0.001_20000000_rep1,0.0010903,UXM,CRC,cfrrbs,limma,in_silico,top50,0.001
healthy_CRC_0.001_20000000_rep10,0.1051513,UXM,CRC,cfrrbs,limma,in_silico,top50,0.001
healthy_CRC_0.001_20000000_rep2,0.0523759,UXM,CRC,cfrrbs,limma,in_silico,top50,0.001
healthy_CRC_0.001_20000000_rep3,0.1006234,UXM,CRC,cfrrbs,limma,in_silico,top50,0.001
healthy_CRC_0.001_20000000_rep4,0.05035,UXM,CRC,cfrrbs,limma,in_silico,top50,0.001
healthy_CRC_0.001_20000000_rep5,0.1642476,UXM,CRC,cfrrbs,limma,in_silico,top50,0.001
healthy_CRC_0.001_20000000_rep6,0.0,UXM,CRC,cfrrbs,limma,in_silico,top50,0.001
healthy_CRC_0.001_20000000_rep7,0.0,UXM,CRC,cfrrbs,limma,in_silico,top50,0.001
healthy_CRC_0.001_20000000_rep8,0.0,UXM,CRC,cfrrbs,limma,in_silico,top50,0.001
healthy_CRC_0.001_20000000_rep9,0.0565003,UXM,CRC,cfrrbs,limma,in_silico,top50,0.001
healthy_CRC_0.003_20000000_rep1,0.0,UXM,CRC,cfrrbs,limma,in_silico,top50,0.003
healthy_CRC_0.003_20000000_rep10,0.0,UXM,CRC,cfrrbs,limma,in_silico,top50,0.003
healthy_CRC_0.003_20000000_rep2,0.0748619,UXM,CRC,cfrrbs,limma,in_silico,top50,0.003
healthy_CRC_0.003_20000000_rep3,0.0324146,UXM,CRC,cfrrbs,limma,in_silico,top50,0.003
healthy_CRC_0.003_20000000_rep4,0.1248589,UXM,CRC,cfrrbs,limma,in_silico,top50,0.003
healthy_CRC_0.003_20000000_rep5,0.245789,UXM,CRC,cfrrbs,limma,in_silico,top50,0.003
healthy_CRC_0.003_20000000_rep6,0.0,UXM,CRC,cfrrbs,limma,in_silico,top50,0.003
healthy_CRC_0.003_20000000_rep7,0.0,UXM,CRC,cfrrbs,limma,in_silico,top50,0.003
healthy_CRC_0.003_20000000_rep8,0.0,UXM,CRC,cfrrbs,limma,in_silico,top50,0.003
healthy_CRC_0.003_20000000_rep9,0.0324765,UXM,CRC,cfrrbs,limma,in_silico,top50,0.003
healthy_CRC_0.007_20000000_rep1,0.1023803,UXM,CRC,cfrrbs,limma,in_silico,top50,0.007
healthy_CRC_0.007_20000000_rep10,0.0,UXM,CRC,cfrrbs,limma,in_silico,top50,0.007
healthy_CRC_0.007_20000000_rep2,0.0,UXM,CRC,cfrrbs,limma,in_silico,top50,0.007
healthy_CRC_0.007_20000000_rep3,0.0,UXM,CRC,cfrrbs,limma,in_silico,top50,0.007
healthy_CRC_0.007_20000000_rep4,0.0447648,UXM,CRC,cfrrbs,limma,in_silico,top50,0.007
healthy_CRC_0.007_20000000_rep5,0.0,UXM,CRC,cfrrbs,limma,in_silico,top50,0.007
healthy_CRC_0.007_20000000_rep6,0.0,UXM,CRC,cfrrbs,limma,in_silico,top50,0.007
healthy_CRC_0.007_20000000_rep7,0.1838989,UXM,CRC,cfrrbs,limma,in_silico,top50,0.007
healthy_CRC_0.007_20000000_rep8,0.0,UXM,CRC,cfrrbs,limma,in_silico,top50,0.007
healthy_CRC_0.007_20000000_rep9,0.1635846,UXM,CRC,cfrrbs,limma,in_silico,top50,0.007
healthy_CRC_0.01_20000000_rep1,0.0718692,UXM,CRC,cfrrbs,limma,in_silico,top50,0.01
healthy_CRC_0.01_20000000_rep10,0.0,UXM,CRC,cfrrbs,limma,in_silico,top50,0.01
healthy_CRC_0.01_20000000_rep2,0.0862404,UXM,CRC,cfrrbs,limma,in_silico,top50,0.01
healthy_CRC_0.01_20000000_rep3,0.0789937,UXM,CRC,cfrrbs,limma,in_silico,top50,0.01
healthy_CRC_0.01_20000000_rep4,0.0974955,UXM,CRC,cfrrbs,limma,in_silico,top50,0.01
healthy_CRC_0.01_20000000_rep5,0.1487346,UXM,CRC,cfrrbs,limma,in_silico,top50,0.01
healthy_CRC_0.01_20000000_rep6,0.0007682,UXM,CRC,cfrrbs,limma,in_silico,top50,0.01
healthy_CRC_0.01_20000000_rep7,0.0,UXM,CRC,cfrrbs,limma,in_silico,top50,0.01
healthy_CRC_0.01_20000000_rep8,0.0793467,UXM,CRC,cfrrbs,limma,in_silico,top50,0.01
healthy_CRC_0.01_20000000_rep9,0.0187606,UXM,CRC,cfrrbs,limma,in_silico,top50,0.01
healthy_CRC_0.025_20000000_rep1,0.1067254,UXM,CRC,cfrrbs,limma,in_silico,top50,0.025
healthy_CRC_0.025_20000000_rep10,0.0,UXM,CRC,cfrrbs,limma,in_silico,top50,0.025
healthy_CRC_0.025_20000000_rep2,0.0229173,UXM,CRC,cfrrbs,limma,in_silico,top50,0.025
healthy_CRC_0.025_20000000_rep3,0.0,UXM,CRC,cfrrbs,limma,in_silico,top50,0.025
healthy_CRC_0.025_20000000_rep4,0.0,UXM,CRC,cfrrbs,limma,in_silico,top50,0.025
healthy_CRC_0.025_20000000_rep5,0.0,UXM,CRC,cfrrbs,limma,in_silico,top50,0.025
healthy_CRC_0.025_20000000_rep6,0.0516042,UXM,CRC,cfrrbs,limma,in_silico,top50,0.025
healthy_CRC_0.025_20000000_rep7,0.0618157,UXM,CRC,cfrrbs,limma,in_silico,top50,0.025
healthy_CRC_0.025_20000000_rep8,0.0,UXM,CRC,cfrrbs,limma,in_silico,top50,0.025
healthy_CRC_0.025_20000000_rep9,0.0,UXM,CRC,cfrrbs,limma,in_silico,top50,0.025
healthy_CRC_0.05_20000000_rep1,0.0,UXM,CRC,cfrrbs,limma,in_silico,top50,0.05
healthy_CRC_0.05_20000000_rep10,0.0,UXM,CRC,cfrrbs,limma,in_silico,top50,0.05
healthy_CRC_0.05_20000000_rep2,0.0133567,UXM,CRC,cfrrbs,limma,in_silico,top50,0.05
healthy_CRC_0.05_20000000_rep3,0.1631752,UXM,CRC,cfrrbs,limma,in_silico,top50,0.05
healthy_CRC_0.05_20000000_rep4,0.0,UXM,CRC,cfrrbs,limma,in_silico,top50,0.05
healthy_CRC_0.05_20000000_rep5,0.0607893,UXM,CRC,cfrrbs,limma,in_silico,top50,0.05
healthy_CRC_0.05_20000000_rep6,0.169356,UXM,CRC,cfrrbs,limma,in_silico,top50,0.05
healthy_CRC_0.05_20000000_rep7,0.1220052,UXM,CRC,cfrrbs,limma,in_silico,top50,0.05
healthy_CRC_0.05_20000000_rep8,0.0,UXM,CRC,cfrrbs,limma,in_silico,top50,0.05
healthy_CRC_0.05_20000000_rep9,0.0,UXM,CRC,cfrrbs,limma,in_silico,top50,0.05
healthy_CRC_0.1_20000000_rep1,0.1406997,UXM,CRC,cfrrbs,limma,in_silico,top50,0.1
healthy_CRC_0.1_20000000_rep10,0.0037205,UXM,CRC,cfrrbs,limma,in_silico,top50,0.1
healthy_CRC_0.1_20000000_rep2,0.2050303,UXM,CRC,cfrrbs,limma,in_silico,top50,0.1
healthy_CRC_0.1_20000000_rep3,0.1779005,UXM,CRC,cfrrbs,limma,in_silico,top50,0.1
healthy_CRC_0.1_20000000_rep4,0.1692129,UXM,CRC,cfrrbs,limma,in_silico,top50,0.1
healthy_CRC_0.1_20000000_rep5,0.1488706,UXM,CRC,cfrrbs,limma,in_silico,top50,0.1
healthy_CRC_0.1_20000000_rep6,0.1502897,UXM,CRC,cfrrbs,limma,in_silico,top50,0.1
healthy_CRC_0.1_20000000_rep7,0.3129795,UXM,CRC,cfrrbs,limma,in_silico,top50,0.1
healthy_CRC_0.1_20000000_rep8,0.1301087,UXM,CRC,cfrrbs,limma,in_silico,top50,0.1
healthy_CRC_0.1_20000000_rep9,0.0072547,UXM,CRC,cfrrbs,limma,in_silico,top50,0.1
healthy_CRC_0.25_20000000_rep1,0.1557048,UXM,CRC,cfrrbs,limma,in_silico,top50,0.25
healthy_CRC_0.25_20000000_rep10,0.2902656,UXM,CRC,cfrrbs,limma,in_silico,top50,0.25
healthy_CRC_0.25_20000000_rep2,0.4721614,UXM,CRC,cfrrbs,limma,in_silico,top50,0.25
healthy_CRC_0.25_20000000_rep3,0.3581927,UXM,CRC,cfrrbs,limma,in_silico,top50,0.25
healthy_CRC_0.25_20000000_rep4,0.1720467,UXM,CRC,cfrrbs,limma,in_silico,top50,0.25
healthy_CRC_0.25_20000000_rep5,0.1567057,UXM,CRC,cfrrbs,limma,in_silico,top50,0.25
healthy_CRC_0.25_20000000_rep6,0.1930229,UXM,CRC,cfrrbs,limma,in_silico,top50,0.25
healthy_CRC_0.25_20000000_rep7,0.3672001,UXM,CRC,cfrrbs,limma,in_silico,top50,0.25
healthy_CRC_0.25_20000000_rep8,0.1490386,UXM,CRC,cfrrbs,limma,in_silico,top50,0.25
healthy_CRC_0.25_20000000_rep9,0.2267094,UXM,CRC,cfrrbs,limma,in_silico,top50,0.25
healthy_CRC_0.5_20000000_rep1,0.512072,UXM,CRC,cfrrbs,limma,in_silico,top50,0.5
healthy_CRC_0.5_20000000_rep10,0.615568,UXM,CRC,cfrrbs,limma,in_silico,top50,0.5
healthy_CRC_0.5_20000000_rep2,0.5821592,UXM,CRC,cfrrbs,limma,in_silico,top50,0.5
healthy_CRC_0.5_20000000_rep3,0.3353757,UXM,CRC,cfrrbs,limma,in_silico,top50,0.5
healthy_CRC_0.5_20000000_rep4,0.3909278,UXM,CRC,cfrrbs,limma,in_silico,top50,0.5
healthy_CRC_0.5_20000000_rep5,0.4045933,UXM,CRC,cfrrbs,limma,in_silico,top50,0.5
healthy_CRC_0.5_20000000_rep6,0.4510904,UXM,CRC,cfrrbs,limma,in_silico,top50,0.5
healthy_CRC_0.5_20000000_rep7,0.1579947,UXM,CRC,cfrrbs,limma,in_silico,top50,0.5
healthy_CRC_0.5_20000000_rep8,0.4801848,UXM,CRC,cfrrbs,limma,in_silico,top50,0.5
healthy_CRC_0.5_20000000_rep9,0.2537539,UXM,CRC,cfrrbs,limma,in_silico,top50,0.5
healthy_NBL_0_20000000_rep1,0.0776899,UXM,CRC,cfrrbs,limma,in_silico,top50,0
healthy_NBL_0_20000000_rep10,0.0051382,UXM,CRC,cfrrbs,limma,in_silico,top50,0
healthy_NBL_0_20000000_rep2,0.0,UXM,CRC,cfrrbs,limma,in_silico,top50,0
healthy_NBL_0_20000000_rep3,0.0,UXM,CRC,cfrrbs,limma,in_silico,top50,0
healthy_NBL_0_20000000_rep4,0.0285008,UXM,CRC,cfrrbs,limma,in_silico,top50,0
healthy_NBL_0_20000000_rep5,0.1600105,UXM,CRC,cfrrbs,limma,in_silico,top50,0
healthy_NBL_0_20000000_rep6,0.0,UXM,CRC,cfrrbs,limma,in_silico,top50,0
healthy_NBL_0_20000000_rep7,0.0530019,UXM,CRC,cfrrbs,limma,in_silico,top50,0
healthy_NBL_0_20000000_rep8,0.0,UXM,CRC,cfrrbs,limma,in_silico,top50,0
healthy_NBL_0_20000000_rep9,0.0,UXM,CRC,cfrrbs,limma,in_silico,top50,0
healthy_CRC_0.0001_20000000_rep1,0.0341138086154158,EpiDISH,CRC,cfrrbs,limma,in_silico,top50,0.0001
healthy_CRC_0.0001_20000000_rep10,0.0,EpiDISH,CRC,cfrrbs,limma,in_silico,top50,0.0001
healthy_CRC_0.0001_20000000_rep2,0.0,EpiDISH,CRC,cfrrbs,limma,in_silico,top50,0.0001
healthy_CRC_0.0001_20000000_rep3,0.0,EpiDISH,CRC,cfrrbs,limma,in_silico,top50,0.0001
healthy_CRC_0.0001_20000000_rep4,0.0167841012566335,EpiDISH,CRC,cfrrbs,limma,in_silico,top50,0.0001
healthy_CRC_0.0001_20000000_rep5,0.0173293228634378,EpiDISH,CRC,cfrrbs,limma,in_silico,top50,0.0001
healthy_CRC_0.0001_20000000_rep6,0.0263826278024347,EpiDISH,CRC,cfrrbs,limma,in_silico,top50,0.0001
healthy_CRC_0.0001_20000000_rep7,0.0074200277566782,EpiDISH,CRC,cfrrbs,limma,in_silico,top50,0.0001
healthy_CRC_0.0001_20000000_rep8,0.0,EpiDISH,CRC,cfrrbs,limma,in_silico,top50,0.0001
healthy_CRC_0.0001_20000000_rep9,0.0420842678415684,EpiDISH,CRC,cfrrbs,limma,in_silico,top50,0.0001
healthy_CRC_0.001_20000000_rep1,0.0136422162069954,EpiDISH,CRC,cfrrbs,limma,in_silico,top50,0.001
healthy_CRC_0.001_20000000_rep10,0.0309148657576484,EpiDISH,CRC,cfrrbs,limma,in_silico,top50,0.001
healthy_CRC_0.001_20000000_rep2,0.0070799502439055,EpiDISH,CRC,cfrrbs,limma,in_silico,top50,0.001
healthy_CRC_0.001_20000000_rep3,0.0016882456793892,EpiDISH,CRC,cfrrbs,limma,in_silico,top50,0.001
healthy_CRC_0.001_20000000_rep4,0.0186282236896341,EpiDISH,CRC,cfrrbs,limma,in_silico,top50,0.001
healthy_CRC_0.001_20000000_rep5,0.0017929373924988,EpiDISH,CRC,cfrrbs,limma,in_silico,top50,0.001
healthy_CRC_0.001_20000000_rep6,0.0315705460405658,EpiDISH,CRC,cfrrbs,limma,in_silico,top50,0.001
healthy_CRC_0.001_20000000_rep7,0.0,EpiDISH,CRC,cfrrbs,limma,in_silico,top50,0.001
healthy_CRC_0.001_20000000_rep8,0.0252113087831743,EpiDISH,CRC,cfrrbs,limma,in_silico,top50,0.001
healthy_CRC_0.001_20000000_rep9,0.0,EpiDISH,CRC,cfrrbs,limma,in_silico,top50,0.001
healthy_CRC_0.003_20000000_rep1,0.0,EpiDISH,CRC,cfrrbs,limma,in_silico,top50,0.003
healthy_CRC_0.003_20000000_rep10,0.0045612791237865,EpiDISH,CRC,cfrrbs,limma,in_silico,top50,0.003
healthy_CRC_0.003_20000000_rep2,0.0,EpiDISH,CRC,cfrrbs,limma,in_silico,top50,0.003
healthy_CRC_0.003_20000000_rep3,0.0,EpiDISH,CRC,cfrrbs,limma,in_silico,top50,0.003
healthy_CRC_0.003_20000000_rep4,0.0526355368671288,EpiDISH,CRC,cfrrbs,limma,in_silico,top50,0.003
healthy_CRC_0.003_20000000_rep5,0.0,EpiDISH,CRC,cfrrbs,limma,in_silico,top50,0.003
healthy_CRC_0.003_20000000_rep6,0.0387309269569621,EpiDISH,CRC,cfrrbs,limma,in_silico,top50,0.003
healthy_CRC_0.003_20000000_rep7,0.0273727688801506,EpiDISH,CRC,cfrrbs,limma,in_silico,top50,0.003
healthy_CRC_0.003_20000000_rep8,0.0155811655007498,EpiDISH,CRC,cfrrbs,limma,in_silico,top50,0.003
healthy_CRC_0.003_20000000_rep9,0.0,EpiDISH,CRC,cfrrbs,limma,in_silico,top50,0.003
healthy_CRC_0.007_20000000_rep1,0.0361817203307709,EpiDISH,CRC,cfrrbs,limma,in_silico,top50,0.007
healthy_CRC_0.007_20000000_rep10,0.0448329178554956,EpiDISH,CRC,cfrrbs,limma,in_silico,top50,0.007
healthy_CRC_0.007_20000000_rep2,0.0339199903851754,EpiDISH,CRC,cfrrbs,limma,in_silico,top50,0.007
healthy_CRC_0.007_20000000_rep3,0.0,EpiDISH,CRC,cfrrbs,limma,in_silico,top50,0.007
healthy_CRC_0.007_20000000_rep4,0.0297910339468191,EpiDISH,CRC,cfrrbs,limma,in_silico,top50,0.007
healthy_CRC_0.007_20000000_rep5,0.0,EpiDISH,CRC,cfrrbs,limma,in_silico,top50,0.007
healthy_CRC_0.007_20000000_rep6,0.0160989908197991,EpiDISH,CRC,cfrrbs,limma,in_silico,top50,0.007
healthy_CRC_0.007_20000000_rep7,0.033414360906546,EpiDISH,CRC,cfrrbs,limma,in_silico,top50,0.007
healthy_CRC_0.007_20000000_rep8,0.0,EpiDISH,CRC,cfrrbs,limma,in_silico,top50,0.007
healthy_CRC_0.007_20000000_rep9,0.0,EpiDISH,CRC,cfrrbs,limma,in_silico,top50,0.007
healthy_CRC_0.01_20000000_rep1,0.0,EpiDISH,CRC,cfrrbs,limma,in_silico,top50,0.01
healthy_CRC_0.01_20000000_rep10,0.0093824210359307,EpiDISH,CRC,cfrrbs,limma,in_silico,top50,0.01
healthy_CRC_0.01_20000000_rep2,0.0362737098868712,EpiDISH,CRC,cfrrbs,limma,in_silico,top50,0.01
healthy_CRC_0.01_20000000_rep3,0.0,EpiDISH,CRC,cfrrbs,limma,in_silico,top50,0.01
healthy_CRC_0.01_20000000_rep4,0.0191664567044371,EpiDISH,CRC,cfrrbs,limma,in_silico,top50,0.01
healthy_CRC_0.01_20000000_rep5,0.0404689543677619,EpiDISH,CRC,cfrrbs,limma,in_silico,top50,0.01
healthy_CRC_0.01_20000000_rep6,0.0542656652501038,EpiDISH,CRC,cfrrbs,limma,in_silico,top50,0.01
healthy_CRC_0.01_20000000_rep7,0.0152153880257959,EpiDISH,CRC,cfrrbs,limma,in_silico,top50,0.01
healthy_CRC_0.01_20000000_rep8,0.0,EpiDISH,CRC,cfrrbs,limma,in_silico,top50,0.01
healthy_CRC_0.01_20000000_rep9,0.0291897152385508,EpiDISH,CRC,cfrrbs,limma,in_silico,top50,0.01
healthy_CRC_0.025_20000000_rep1,0.0,EpiDISH,CRC,cfrrbs,limma,in_silico,top50,0.025
healthy_CRC_0.025_20000000_rep10,0.0297602983061851,EpiDISH,CRC,cfrrbs,limma,in_silico,top50,0.025
healthy_CRC_0.025_20000000_rep2,0.0202280275899437,EpiDISH,CRC,cfrrbs,limma,in_silico,top50,0.025
healthy_CRC_0.025_20000000_rep3,0.0,EpiDISH,CRC,cfrrbs,limma,in_silico,top50,0.025
healthy_CRC_0.025_20000000_rep4,0.0161241471033775,EpiDISH,CRC,cfrrbs,limma,in_silico,top50,0.025
healthy_CRC_0.025_20000000_rep5,0.0503011305076347,EpiDISH,CRC,cfrrbs,limma,in_silico,top50,0.025
healthy_CRC_0.025_20000000_rep6,0.0572695034261279,EpiDISH,CRC,cfrrbs,limma,in_silico,top50,0.025
healthy_CRC_0.025_20000000_rep7,0.0,EpiDISH,CRC,cfrrbs,limma,in_silico,top50,0.025
healthy_CRC_0.025_20000000_rep8,0.0,EpiDISH,CRC,cfrrbs,limma,in_silico,top50,0.025
healthy_CRC_0.025_20000000_rep9,0.045256557165633,EpiDISH,CRC,cfrrbs,limma,in_silico,top50,0.025
healthy_CRC_0.05_20000000_rep1,0.0353464162290554,EpiDISH,CRC,cfrrbs,limma,in_silico,top50,0.05
healthy_CRC_0.05_20000000_rep10,0.0673293927253238,EpiDISH,CRC,cfrrbs,limma,in_silico,top50,0.05
healthy_CRC_0.05_20000000_rep2,0.0355164473628449,EpiDISH,CRC,cfrrbs,limma,in_silico,top50,0.05
healthy_CRC_0.05_20000000_rep3,0.0633285854881717,EpiDISH,CRC,cfrrbs,limma,in_silico,top50,0.05
healthy_CRC_0.05_20000000_rep4,0.0,EpiDISH,CRC,cfrrbs,limma,in_silico,top50,0.05
healthy_CRC_0.05_20000000_rep5,0.0,EpiDISH,CRC,cfrrbs,limma,in_silico,top50,0.05
healthy_CRC_0.05_20000000_rep6,0.0398500455686337,EpiDISH,CRC,cfrrbs,limma,in_silico,top50,0.05
healthy_CRC_0.05_20000000_rep7,0.0730940007461312,EpiDISH,CRC,cfrrbs,limma,in_silico,top50,0.05
healthy_CRC_0.05_20000000_rep8,0.0690311559956339,EpiDISH,CRC,cfrrbs,limma,in_silico,top50,0.05
healthy_CRC_0.05_20000000_rep9,0.0358755805491028,EpiDISH,CRC,cfrrbs,limma,in_silico,top50,0.05
healthy_CRC_0.1_20000000_rep1,0.0887424003816357,EpiDISH,CRC,cfrrbs,limma,in_silico,top50,0.1
healthy_CRC_0.1_20000000_rep10,0.0880611323536153,EpiDISH,CRC,cfrrbs,limma,in_silico,top50,0.1
healthy_CRC_0.1_20000000_rep2,0.0349863393883793,EpiDISH,CRC,cfrrbs,limma,in_silico,top50,0.1
healthy_CRC_0.1_20000000_rep3,0.0443524486933964,EpiDISH,CRC,cfrrbs,limma,in_silico,top50,0.1
healthy_CRC_0.1_20000000_rep4,0.0475692481203989,EpiDISH,CRC,cfrrbs,limma,in_silico,top50,0.1
healthy_CRC_0.1_20000000_rep5,0.0865665853270691,EpiDISH,CRC,cfrrbs,limma,in_silico,top50,0.1
healthy_CRC_0.1_20000000_rep6,0.055528280238121,EpiDISH,CRC,cfrrbs,limma,in_silico,top50,0.1
healthy_CRC_0.1_20000000_rep7,0.0729075665983075,EpiDISH,CRC,cfrrbs,limma,in_silico,top50,0.1
healthy_CRC_0.1_20000000_rep8,0.0528420111587845,EpiDISH,CRC,cfrrbs,limma,in_silico,top50,0.1
healthy_CRC_0.1_20000000_rep9,0.0674660761602933,EpiDISH,CRC,cfrrbs,limma,in_silico,top50,0.1
healthy_CRC_0.25_20000000_rep1,0.170173197162912,EpiDISH,CRC,cfrrbs,limma,in_silico,top50,0.25
healthy_CRC_0.25_20000000_rep10,0.152823262667516,EpiDISH,CRC,cfrrbs,limma,in_silico,top50,0.25
healthy_CRC_0.25_20000000_rep2,0.166914403920229,EpiDISH,CRC,cfrrbs,limma,in_silico,top50,0.25
healthy_CRC_0.25_20000000_rep3,0.113265921945884,EpiDISH,CRC,cfrrbs,limma,in_silico,top50,0.25
healthy_CRC_0.25_20000000_rep4,0.15540341002281,EpiDISH,CRC,cfrrbs,limma,in_silico,top50,0.25
healthy_CRC_0.25_20000000_rep5,0.153027752457643,EpiDISH,CRC,cfrrbs,limma,in_silico,top50,0.25
healthy_CRC_0.25_20000000_rep6,0.144378150672032,EpiDISH,CRC,cfrrbs,limma,in_silico,top50,0.25
healthy_CRC_0.25_20000000_rep7,0.139782110513308,EpiDISH,CRC,cfrrbs,limma,in_silico,top50,0.25
healthy_CRC_0.25_20000000_rep8,0.14701690351088,EpiDISH,CRC,cfrrbs,limma,in_silico,top50,0.25
healthy_CRC_0.25_20000000_rep9,0.149509050818233,EpiDISH,CRC,cfrrbs,limma,in_silico,top50,0.25
healthy_CRC_0.5_20000000_rep1,0.313486632546473,EpiDISH,CRC,cfrrbs,limma,in_silico,top50,0.5
healthy_CRC_0.5_20000000_rep10,0.322106263685985,EpiDISH,CRC,cfrrbs,limma,in_silico,top50,0.5
healthy_CRC_0.5_20000000_rep2,0.338608712215677,EpiDISH,CRC,cfrrbs,limma,in_silico,top50,0.5
healthy_CRC_0.5_20000000_rep3,0.275507248983164,EpiDISH,CRC,cfrrbs,limma,in_silico,top50,0.5
healthy_CRC_0.5_20000000_rep4,0.324981833635256,EpiDISH,CRC,cfrrbs,limma,in_silico,top50,0.5
healthy_CRC_0.5_20000000_rep5,0.274922572312785,EpiDISH,CRC,cfrrbs,limma,in_silico,top50,0.5
healthy_CRC_0.5_20000000_rep6,0.297013301174036,EpiDISH,CRC,cfrrbs,limma,in_silico,top50,0.5
healthy_CRC_0.5_20000000_rep7,0.349384533541143,EpiDISH,CRC,cfrrbs,limma,in_silico,top50,0.5
healthy_CRC_0.5_20000000_rep8,0.298531830690729,EpiDISH,CRC,cfrrbs,limma,in_silico,top50,0.5
healthy_CRC_0.5_20000000_rep9,0.280651210322639,EpiDISH,CRC,cfrrbs,limma,in_silico,top50,0.5
healthy_CRC_0_20000000_rep1,0.0208831336507467,EpiDISH,CRC,cfrrbs,limma,in_silico,top50,0
healthy_CRC_0_20000000_rep10,0.055690933102877,EpiDISH,CRC,cfrrbs,limma,in_silico,top50,0
healthy_CRC_0_20000000_rep2,0.0048736156037957,EpiDISH,CRC,cfrrbs,limma,in_silico,top50,0
healthy_CRC_0_20000000_rep3,0.019855025990244,EpiDISH,CRC,cfrrbs,limma,in_silico,top50,0
healthy_CRC_0_20000000_rep4,0.0075205681934426,EpiDISH,CRC,cfrrbs,limma,in_silico,top50,0
healthy_CRC_0_20000000_rep5,0.0250695366468406,EpiDISH,CRC,cfrrbs,limma,in_silico,top50,0
healthy_CRC_0_20000000_rep6,0.0286489323560473,EpiDISH,CRC,cfrrbs,limma,in_silico,top50,0
healthy_CRC_0_20000000_rep7,0.0047261356838351,EpiDISH,CRC,cfrrbs,limma,in_silico,top50,0
healthy_CRC_0_20000000_rep8,0.0,EpiDISH,CRC,cfrrbs,limma,in_silico,top50,0
healthy_CRC_0_20000000_rep9,0.0223060680585847,EpiDISH,CRC,cfrrbs,limma,in_silico,top50,0
healthy_CRC_0.0001_20000000_rep1,0.0001,PRMeth,CRC,cfrrbs,limma,in_silico,top50,0.0001
healthy_CRC_0.0001_20000000_rep10,0.0,PRMeth,CRC,cfrrbs,limma,in_silico,top50,0.0001
healthy_CRC_0.0001_20000000_rep2,0.0,PRMeth,CRC,cfrrbs,limma,in_silico,top50,0.0001
healthy_CRC_0.0001_20000000_rep3,0.0,PRMeth,CRC,cfrrbs,limma,in_silico,top50,0.0001
healthy_CRC_0.0001_20000000_rep4,0.0,PRMeth,CRC,cfrrbs,limma,in_silico,top50,0.0001
healthy_CRC_0.0001_20000000_rep5,0.0,PRMeth,CRC,cfrrbs,limma,in_silico,top50,0.0001
healthy_CRC_0.0001_20000000_rep6,0.0,PRMeth,CRC,cfrrbs,limma,in_silico,top50,0.0001
healthy_CRC_0.0001_20000000_rep7,0.0,PRMeth,CRC,cfrrbs,limma,in_silico,top50,0.0001
healthy_CRC_0.0001_20000000_rep8,0.0,PRMeth,CRC,cfrrbs,limma,in_silico,top50,0.0001
healthy_CRC_0.0001_20000000_rep9,0.0069,PRMeth,CRC,cfrrbs,limma,in_silico,top50,0.0001
healthy_CRC_0.001_20000000_rep1,0.0,PRMeth,CRC,cfrrbs,limma,in_silico,top50,0.001
healthy_CRC_0.001_20000000_rep10,0.0,PRMeth,CRC,cfrrbs,limma,in_silico,top50,0.001
healthy_CRC_0.001_20000000_rep2,0.0,PRMeth,CRC,cfrrbs,limma,in_silico,top50,0.001
healthy_CRC_0.001_20000000_rep3,0.0016,PRMeth,CRC,cfrrbs,limma,in_silico,top50,0.001
healthy_CRC_0.001_20000000_rep4,0.0,PRMeth,CRC,cfrrbs,limma,in_silico,top50,0.001
healthy_CRC_0.001_20000000_rep5,0.0,PRMeth,CRC,cfrrbs,limma,in_silico,top50,0.001
healthy_CRC_0.001_20000000_rep6,0.0,PRMeth,CRC,cfrrbs,limma,in_silico,top50,0.001
healthy_CRC_0.001_20000000_rep7,0.0,PRMeth,CRC,cfrrbs,limma,in_silico,top50,0.001
healthy_CRC_0.001_20000000_rep8,0.0,PRMeth,CRC,cfrrbs,limma,in_silico,top50,0.001
healthy_CRC_0.001_20000000_rep9,0.0,PRMeth,CRC,cfrrbs,limma,in_silico,top50,0.001
healthy_CRC_0.003_20000000_rep1,0.0,PRMeth,CRC,cfrrbs,limma,in_silico,top50,0.003
healthy_CRC_0.003_20000000_rep10,0.0,PRMeth,CRC,cfrrbs,limma,in_silico,top50,0.003
healthy_CRC_0.003_20000000_rep2,0.0,PRMeth,CRC,cfrrbs,limma,in_silico,top50,0.003
healthy_CRC_0.003_20000000_rep3,0.0,PRMeth,CRC,cfrrbs,limma,in_silico,top50,0.003
healthy_CRC_0.003_20000000_rep4,0.0,PRMeth,CRC,cfrrbs,limma,in_silico,top50,0.003
healthy_CRC_0.003_20000000_rep5,0.0,PRMeth,CRC,cfrrbs,limma,in_silico,top50,0.003
healthy_CRC_0.003_20000000_rep6,0.0,PRMeth,CRC,cfrrbs,limma,in_silico,top50,0.003
healthy_CRC_0.003_20000000_rep7,0.0,PRMeth,CRC,cfrrbs,limma,in_silico,top50,0.003
healthy_CRC_0.003_20000000_rep8,0.0,PRMeth,CRC,cfrrbs,limma,in_silico,top50,0.003
healthy_CRC_0.003_20000000_rep9,0.0,PRMeth,CRC,cfrrbs,limma,in_silico,top50,0.003
healthy_CRC_0.007_20000000_rep1,0.0066,PRMeth,CRC,cfrrbs,limma,in_silico,top50,0.007
healthy_CRC_0.007_20000000_rep10,0.0112,PRMeth,CRC,cfrrbs,limma,in_silico,top50,0.007
healthy_CRC_0.007_20000000_rep2,0.0065,PRMeth,CRC,cfrrbs,limma,in_silico,top50,0.007
healthy_CRC_0.007_20000000_rep3,0.0002,PRMeth,CRC,cfrrbs,limma,in_silico,top50,0.007
healthy_CRC_0.007_20000000_rep4,0.0002,PRMeth,CRC,cfrrbs,limma,in_silico,top50,0.007
healthy_CRC_0.007_20000000_rep5,0.0,PRMeth,CRC,cfrrbs,limma,in_silico,top50,0.007
healthy_CRC_0.007_20000000_rep6,0.0,PRMeth,CRC,cfrrbs,limma,in_silico,top50,0.007
healthy_CRC_0.007_20000000_rep7,0.0072,PRMeth,CRC,cfrrbs,limma,in_silico,top50,0.007
healthy_CRC_0.007_20000000_rep8,0.0,PRMeth,CRC,cfrrbs,limma,in_silico,top50,0.007
healthy_CRC_0.007_20000000_rep9,0.0,PRMeth,CRC,cfrrbs,limma,in_silico,top50,0.007
healthy_CRC_0.01_20000000_rep1,0.0,PRMeth,CRC,cfrrbs,limma,in_silico,top50,0.01
healthy_CRC_0.01_20000000_rep10,0.0,PRMeth,CRC,cfrrbs,limma,in_silico,top50,0.01
healthy_CRC_0.01_20000000_rep2,0.0082,PRMeth,CRC,cfrrbs,limma,in_silico,top50,0.01
healthy_CRC_0.01_20000000_rep3,0.0,PRMeth,CRC,cfrrbs,limma,in_silico,top50,0.01
healthy_CRC_0.01_20000000_rep4,0.0,PRMeth,CRC,cfrrbs,limma,in_silico,top50,0.01
healthy_CRC_0.01_20000000_rep5,0.0018,PRMeth,CRC,cfrrbs,limma,in_silico,top50,0.01
healthy_CRC_0.01_20000000_rep6,0.0091,PRMeth,CRC,cfrrbs,limma,in_silico,top50,0.01
healthy_CRC_0.01_20000000_rep7,0.0022,PRMeth,CRC,cfrrbs,limma,in_silico,top50,0.01
healthy_CRC_0.01_20000000_rep8,0.0024,PRMeth,CRC,cfrrbs,limma,in_silico,top50,0.01
healthy_CRC_0.01_20000000_rep9,0.0047,PRMeth,CRC,cfrrbs,limma,in_silico,top50,0.01
healthy_CRC_0.025_20000000_rep1,0.0004,PRMeth,CRC,cfrrbs,limma,in_silico,top50,0.025
healthy_CRC_0.025_20000000_rep10,0.0133,PRMeth,CRC,cfrrbs,limma,in_silico,top50,0.025
healthy_CRC_0.025_20000000_rep2,0.0204,PRMeth,CRC,cfrrbs,limma,in_silico,top50,0.025
healthy_CRC_0.025_20000000_rep3,0.0079,PRMeth,CRC,cfrrbs,limma,in_silico,top50,0.025
healthy_CRC_0.025_20000000_rep4,0.0126,PRMeth,CRC,cfrrbs,limma,in_silico,top50,0.025
healthy_CRC_0.025_20000000_rep5,0.0106,PRMeth,CRC,cfrrbs,limma,in_silico,top50,0.025
healthy_CRC_0.025_20000000_rep6,0.0186,PRMeth,CRC,cfrrbs,limma,in_silico,top50,0.025
healthy_CRC_0.025_20000000_rep7,0.0057,PRMeth,CRC,cfrrbs,limma,in_silico,top50,0.025
healthy_CRC_0.025_20000000_rep8,0.0,PRMeth,CRC,cfrrbs,limma,in_silico,top50,0.025
healthy_CRC_0.025_20000000_rep9,0.0116,PRMeth,CRC,cfrrbs,limma,in_silico,top50,0.025
healthy_CRC_0.05_20000000_rep1,0.0384,PRMeth,CRC,cfrrbs,limma,in_silico,top50,0.05
healthy_CRC_0.05_20000000_rep10,0.0318,PRMeth,CRC,cfrrbs,limma,in_silico,top50,0.05
healthy_CRC_0.05_20000000_rep2,0.0253,PRMeth,CRC,cfrrbs,limma,in_silico,top50,0.05
healthy_CRC_0.05_20000000_rep3,0.0407,PRMeth,CRC,cfrrbs,limma,in_silico,top50,0.05
healthy_CRC_0.05_20000000_rep4,0.0168,PRMeth,CRC,cfrrbs,limma,in_silico,top50,0.05
healthy_CRC_0.05_20000000_rep5,0.0172,PRMeth,CRC,cfrrbs,limma,in_silico,top50,0.05
healthy_CRC_0.05_20000000_rep6,0.0343,PRMeth,CRC,cfrrbs,limma,in_silico,top50,0.05
healthy_CRC_0.05_20000000_rep7,0.0327,PRMeth,CRC,cfrrbs,limma,in_silico,top50,0.05
healthy_CRC_0.05_20000000_rep8,0.0351,PRMeth,CRC,cfrrbs,limma,in_silico,top50,0.05
healthy_CRC_0.05_20000000_rep9,0.0308,PRMeth,CRC,cfrrbs,limma,in_silico,top50,0.05
healthy_CRC_0.1_20000000_rep1,0.073,PRMeth,CRC,cfrrbs,limma,in_silico,top50,0.1
healthy_CRC_0.1_20000000_rep10,0.0638,PRMeth,CRC,cfrrbs,limma,in_silico,top50,0.1
healthy_CRC_0.1_20000000_rep2,0.0644,PRMeth,CRC,cfrrbs,limma,in_silico,top50,0.1
healthy_CRC_0.1_20000000_rep3,0.0613,PRMeth,CRC,cfrrbs,limma,in_silico,top50,0.1
healthy_CRC_0.1_20000000_rep4,0.0636,PRMeth,CRC,cfrrbs,limma,in_silico,top50,0.1
healthy_CRC_0.1_20000000_rep5,0.0712,PRMeth,CRC,cfrrbs,limma,in_silico,top50,0.1
healthy_CRC_0.1_20000000_rep6,0.0523,PRMeth,CRC,cfrrbs,limma,in_silico,top50,0.1
healthy_CRC_0.1_20000000_rep7,0.0618,PRMeth,CRC,cfrrbs,limma,in_silico,top50,0.1
healthy_CRC_0.1_20000000_rep8,0.0736,PRMeth,CRC,cfrrbs,limma,in_silico,top50,0.1
healthy_CRC_0.1_20000000_rep9,0.0513,PRMeth,CRC,cfrrbs,limma,in_silico,top50,0.1
healthy_CRC_0.25_20000000_rep1,0.1585,PRMeth,CRC,cfrrbs,limma,in_silico,top50,0.25
healthy_CRC_0.25_20000000_rep10,0.1561,PRMeth,CRC,cfrrbs,limma,in_silico,top50,0.25
healthy_CRC_0.25_20000000_rep2,0.1639,PRMeth,CRC,cfrrbs,limma,in_silico,top50,0.25
healthy_CRC_0.25_20000000_rep3,0.1813,PRMeth,CRC,cfrrbs,limma,in_silico,top50,0.25
healthy_CRC_0.25_20000000_rep4,0.1595,PRMeth,CRC,cfrrbs,limma,in_silico,top50,0.25
healthy_CRC_0.25_20000000_rep5,0.1804,PRMeth,CRC,cfrrbs,limma,in_silico,top50,0.25
healthy_CRC_0.25_20000000_rep6,0.1785,PRMeth,CRC,cfrrbs,limma,in_silico,top50,0.25
healthy_CRC_0.25_20000000_rep7,0.1422,PRMeth,CRC,cfrrbs,limma,in_silico,top50,0.25
healthy_CRC_0.25_20000000_rep8,0.1713,PRMeth,CRC,cfrrbs,limma,in_silico,top50,0.25
healthy_CRC_0.25_20000000_rep9,0.1759,PRMeth,CRC,cfrrbs,limma,in_silico,top50,0.25
healthy_CRC_0.5_20000000_rep1,0.3435,PRMeth,CRC,cfrrbs,limma,in_silico,top50,0.5
healthy_CRC_0.5_20000000_rep10,0.3495,PRMeth,CRC,cfrrbs,limma,in_silico,top50,0.5
healthy_CRC_0.5_20000000_rep2,0.3323,PRMeth,CRC,cfrrbs,limma,in_silico,top50,0.5
healthy_CRC_0.5_20000000_rep3,0.3256,PRMeth,CRC,cfrrbs,limma,in_silico,top50,0.5
healthy_CRC_0.5_20000000_rep4,0.3455,PRMeth,CRC,cfrrbs,limma,in_silico,top50,0.5
healthy_CRC_0.5_20000000_rep5,0.3309,PRMeth,CRC,cfrrbs,limma,in_silico,top50,0.5
healthy_CRC_0.5_20000000_rep6,0.3274,PRMeth,CRC,cfrrbs,limma,in_silico,top50,0.5
healthy_CRC_0.5_20000000_rep7,0.3369,PRMeth,CRC,cfrrbs,limma,in_silico,top50,0.5
healthy_CRC_0.5_20000000_rep8,0.3215,PRMeth,CRC,cfrrbs,limma,in_silico,top50,0.5
healthy_CRC_0.5_20000000_rep9,0.3154,PRMeth,CRC,cfrrbs,limma,in_silico,top50,0.5
healthy_CRC_0_20000000_rep1,0.0018,PRMeth,CRC,cfrrbs,limma,in_silico,top50,0
healthy_CRC_0_20000000_rep10,0.0,PRMeth,CRC,cfrrbs,limma,in_silico,top50,0
healthy_CRC_0_20000000_rep2,0.0,PRMeth,CRC,cfrrbs,limma,in_silico,top50,0
healthy_CRC_0_20000000_rep3,0.0,PRMeth,CRC,cfrrbs,limma,in_silico,top50,0
healthy_CRC_0_20000000_rep4,0.0,PRMeth,CRC,cfrrbs,limma,in_silico,top50,0
healthy_CRC_0_20000000_rep5,0.0013,PRMeth,CRC,cfrrbs,limma,in_silico,top50,0
healthy_CRC_0_20000000_rep6,0.0,PRMeth,CRC,cfrrbs,limma,in_silico,top50,0
healthy_CRC_0_20000000_rep7,0.0,PRMeth,CRC,cfrrbs,limma,in_silico,top50,0
healthy_CRC_0_20000000_rep8,0.0,PRMeth,CRC,cfrrbs,limma,in_silico,top50,0
healthy_CRC_0_20000000_rep9,0.0001,PRMeth,CRC,cfrrbs,limma,in_silico,top50,0
healthy_CRC_0.0001_20000000_rep1,0.0415569181245649,CIBERSORT,CRC,cfrrbs,limma,in_silico,top50,0.0001
healthy_CRC_0.0001_20000000_rep10,0.0,CIBERSORT,CRC,cfrrbs,limma,in_silico,top50,0.0001
healthy_CRC_0.0001_20000000_rep2,0.0,CIBERSORT,CRC,cfrrbs,limma,in_silico,top50,0.0001
healthy_CRC_0.0001_20000000_rep3,0.0122964693730763,CIBERSORT,CRC,cfrrbs,limma,in_silico,top50,0.0001
healthy_CRC_0.0001_20000000_rep4,0.0290318742184752,CIBERSORT,CRC,cfrrbs,limma,in_silico,top50,0.0001
healthy_CRC_0.0001_20000000_rep5,0.0541912768321629,CIBERSORT,CRC,cfrrbs,limma,in_silico,top50,0.0001
healthy_CRC_0.0001_20000000_rep6,0.0368375744521482,CIBERSORT,CRC,cfrrbs,limma,in_silico,top50,0.0001
healthy_CRC_0.0001_20000000_rep7,0.0253254770350644,CIBERSORT,CRC,cfrrbs,limma,in_silico,top50,0.0001
healthy_CRC_0.0001_20000000_rep8,0.0,CIBERSORT,CRC,cfrrbs,limma,in_silico,top50,0.0001
healthy_CRC_0.0001_20000000_rep9,0.0515665943614265,CIBERSORT,CRC,cfrrbs,limma,in_silico,top50,0.0001
healthy_CRC_0.001_20000000_rep1,0.032257412444986,CIBERSORT,CRC,cfrrbs,limma,in_silico,top50,0.001
healthy_CRC_0.001_20000000_rep10,0.0340700377341393,CIBERSORT,CRC,cfrrbs,limma,in_silico,top50,0.001
healthy_CRC_0.001_20000000_rep2,0.0035342439106736,CIBERSORT,CRC,cfrrbs,limma,in_silico,top50,0.001
healthy_CRC_0.001_20000000_rep3,0.0005206849984661,CIBERSORT,CRC,cfrrbs,limma,in_silico,top50,0.001
healthy_CRC_0.001_20000000_rep4,0.0288647856374939,CIBERSORT,CRC,cfrrbs,limma,in_silico,top50,0.001
healthy_CRC_0.001_20000000_rep5,0.0284771133591944,CIBERSORT,CRC,cfrrbs,limma,in_silico,top50,0.001
healthy_CRC_0.001_20000000_rep6,0.0395230561600679,CIBERSORT,CRC,cfrrbs,limma,in_silico,top50,0.001
healthy_CRC_0.001_20000000_rep7,0.0047743215980123,CIBERSORT,CRC,cfrrbs,limma,in_silico,top50,0.001
healthy_CRC_0.001_20000000_rep8,0.0225861420587335,CIBERSORT,CRC,cfrrbs,limma,in_silico,top50,0.001
healthy_CRC_0.001_20000000_rep9,0.0,CIBERSORT,CRC,cfrrbs,limma,in_silico,top50,0.001
healthy_CRC_0.003_20000000_rep1,0.0062339972984879,CIBERSORT,CRC,cfrrbs,limma,in_silico,top50,0.003
healthy_CRC_0.003_20000000_rep10,0.0039990020166776,CIBERSORT,CRC,cfrrbs,limma,in_silico,top50,0.003
healthy_CRC_0.003_20000000_rep2,0.0013903053080228,CIBERSORT,CRC,cfrrbs,limma,in_silico,top50,0.003
healthy_CRC_0.003_20000000_rep3,0.0,CIBERSORT,CRC,cfrrbs,limma,in_silico,top50,0.003
healthy_CRC_0.003_20000000_rep4,0.055082436366158,CIBERSORT,CRC,cfrrbs,limma,in_silico,top50,0.003
healthy_CRC_0.003_20000000_rep5,0.0004409105697633,CIBERSORT,CRC,cfrrbs,limma,in_silico,top50,0.003
healthy_CRC_0.003_20000000_rep6,0.0429187899937903,CIBERSORT,CRC,cfrrbs,limma,in_silico,top50,0.003
healthy_CRC_0.003_20000000_rep7,0.0394601721244014,CIBERSORT,CRC,cfrrbs,limma,in_silico,top50,0.003
healthy_CRC_0.003_20000000_rep8,0.008076968467365,CIBERSORT,CRC,cfrrbs,limma,in_silico,top50,0.003
healthy_CRC_0.003_20000000_rep9,0.0415288374983669,CIBERSORT,CRC,cfrrbs,limma,in_silico,top50,0.003
healthy_CRC_0.007_20000000_rep1,0.0504686589681587,CIBERSORT,CRC,cfrrbs,limma,in_silico,top50,0.007
healthy_CRC_0.007_20000000_rep10,0.0523941593707145,CIBERSORT,CRC,cfrrbs,limma,in_silico,top50,0.007
healthy_CRC_0.007_20000000_rep2,0.0448797523047799,CIBERSORT,CRC,cfrrbs,limma,in_silico,top50,0.007
healthy_CRC_0.007_20000000_rep3,0.0229785578107403,CIBERSORT,CRC,cfrrbs,limma,in_silico,top50,0.007
healthy_CRC_0.007_20000000_rep4,0.0363112331652294,CIBERSORT,CRC,cfrrbs,limma,in_silico,top50,0.007
healthy_CRC_0.007_20000000_rep5,0.0057232025217225,CIBERSORT,CRC,cfrrbs,limma,in_silico,top50,0.007
healthy_CRC_0.007_20000000_rep6,0.0231084453267833,CIBERSORT,CRC,cfrrbs,limma,in_silico,top50,0.007
healthy_CRC_0.007_20000000_rep7,0.0390202053870166,CIBERSORT,CRC,cfrrbs,limma,in_silico,top50,0.007
healthy_CRC_0.007_20000000_rep8,0.0,CIBERSORT,CRC,cfrrbs,limma,in_silico,top50,0.007
healthy_CRC_0.007_20000000_rep9,0.0,CIBERSORT,CRC,cfrrbs,limma,in_silico,top50,0.007
healthy_CRC_0.01_20000000_rep1,0.0,CIBERSORT,CRC,cfrrbs,limma,in_silico,top50,0.01
healthy_CRC_0.01_20000000_rep10,0.0,CIBERSORT,CRC,cfrrbs,limma,in_silico,top50,0.01
healthy_CRC_0.01_20000000_rep2,0.0653912303986819,CIBERSORT,CRC,cfrrbs,limma,in_silico,top50,0.01
healthy_CRC_0.01_20000000_rep3,0.0,CIBERSORT,CRC,cfrrbs,limma,in_silico,top50,0.01
healthy_CRC_0.01_20000000_rep4,0.0237143204949556,CIBERSORT,CRC,cfrrbs,limma,in_silico,top50,0.01
healthy_CRC_0.01_20000000_rep5,0.0370495518563206,CIBERSORT,CRC,cfrrbs,limma,in_silico,top50,0.01
healthy_CRC_0.01_20000000_rep6,0.0556773842350145,CIBERSORT,CRC,cfrrbs,limma,in_silico,top50,0.01
healthy_CRC_0.01_20000000_rep7,0.0362095157668949,CIBERSORT,CRC,cfrrbs,limma,in_silico,top50,0.01
healthy_CRC_0.01_20000000_rep8,0.0325729716401363,CIBERSORT,CRC,cfrrbs,limma,in_silico,top50,0.01
healthy_CRC_0.01_20000000_rep9,0.0387808722972277,CIBERSORT,CRC,cfrrbs,limma,in_silico,top50,0.01
healthy_CRC_0.025_20000000_rep1,0.0077972432259066,CIBERSORT,CRC,cfrrbs,limma,in_silico,top50,0.025
healthy_CRC_0.025_20000000_rep10,0.0500241507211131,CIBERSORT,CRC,cfrrbs,limma,in_silico,top50,0.025
healthy_CRC_0.025_20000000_rep2,0.0314212311490328,CIBERSORT,CRC,cfrrbs,limma,in_silico,top50,0.025
healthy_CRC_0.025_20000000_rep3,0.0,CIBERSORT,CRC,cfrrbs,limma,in_silico,top50,0.025
healthy_CRC_0.025_20000000_rep4,0.0208947520579256,CIBERSORT,CRC,cfrrbs,limma,in_silico,top50,0.025
healthy_CRC_0.025_20000000_rep5,0.0857359673659643,CIBERSORT,CRC,cfrrbs,limma,in_silico,top50,0.025
healthy_CRC_0.025_20000000_rep6,0.0625174278245949,CIBERSORT,CRC,cfrrbs,limma,in_silico,top50,0.025
healthy_CRC_0.025_20000000_rep7,0.022524543018324,CIBERSORT,CRC,cfrrbs,limma,in_silico,top50,0.025
healthy_CRC_0.025_20000000_rep8,0.0,CIBERSORT,CRC,cfrrbs,limma,in_silico,top50,0.025
healthy_CRC_0.025_20000000_rep9,0.0576971693106198,CIBERSORT,CRC,cfrrbs,limma,in_silico,top50,0.025
healthy_CRC_0.05_20000000_rep1,0.0420240235622155,CIBERSORT,CRC,cfrrbs,limma,in_silico,top50,0.05
healthy_CRC_0.05_20000000_rep10,0.0838989940903244,CIBERSORT,CRC,cfrrbs,limma,in_silico,top50,0.05
healthy_CRC_0.05_20000000_rep2,0.0549189131591216,CIBERSORT,CRC,cfrrbs,limma,in_silico,top50,0.05
healthy_CRC_0.05_20000000_rep3,0.0916725474059749,CIBERSORT,CRC,cfrrbs,limma,in_silico,top50,0.05
healthy_CRC_0.05_20000000_rep4,0.0351442667947448,CIBERSORT,CRC,cfrrbs,limma,in_silico,top50,0.05
healthy_CRC_0.05_20000000_rep5,0.0035752429101969,CIBERSORT,CRC,cfrrbs,limma,in_silico,top50,0.05
healthy_CRC_0.05_20000000_rep6,0.036136412079687,CIBERSORT,CRC,cfrrbs,limma,in_silico,top50,0.05
healthy_CRC_0.05_20000000_rep7,0.0794111763216396,CIBERSORT,CRC,cfrrbs,limma,in_silico,top50,0.05
healthy_CRC_0.05_20000000_rep8,0.102521923309485,CIBERSORT,CRC,cfrrbs,limma,in_silico,top50,0.05
healthy_CRC_0.05_20000000_rep9,0.0445307245951893,CIBERSORT,CRC,cfrrbs,limma,in_silico,top50,0.05
healthy_CRC_0.1_20000000_rep1,0.0919494801928515,CIBERSORT,CRC,cfrrbs,limma,in_silico,top50,0.1
healthy_CRC_0.1_20000000_rep10,0.107351329004615,CIBERSORT,CRC,cfrrbs,limma,in_silico,top50,0.1
healthy_CRC_0.1_20000000_rep2,0.0476480350668301,CIBERSORT,CRC,cfrrbs,limma,in_silico,top50,0.1
healthy_CRC_0.1_20000000_rep3,0.065051857880608,CIBERSORT,CRC,cfrrbs,limma,in_silico,top50,0.1
healthy_CRC_0.1_20000000_rep4,0.0685414919842799,CIBERSORT,CRC,cfrrbs,limma,in_silico,top50,0.1
healthy_CRC_0.1_20000000_rep5,0.0907615334578805,CIBERSORT,CRC,cfrrbs,limma,in_silico,top50,0.1
healthy_CRC_0.1_20000000_rep6,0.0625458240160223,CIBERSORT,CRC,cfrrbs,limma,in_silico,top50,0.1
healthy_CRC_0.1_20000000_rep7,0.0807907138351484,CIBERSORT,CRC,cfrrbs,limma,in_silico,top50,0.1
healthy_CRC_0.1_20000000_rep8,0.0687243361895998,CIBERSORT,CRC,cfrrbs,limma,in_silico,top50,0.1
healthy_CRC_0.1_20000000_rep9,0.0762637024318687,CIBERSORT,CRC,cfrrbs,limma,in_silico,top50,0.1
healthy_CRC_0.25_20000000_rep1,0.188218143723867,CIBERSORT,CRC,cfrrbs,limma,in_silico,top50,0.25
healthy_CRC_0.25_20000000_rep10,0.164297964524827,CIBERSORT,CRC,cfrrbs,limma,in_silico,top50,0.25
healthy_CRC_0.25_20000000_rep2,0.195175837807183,CIBERSORT,CRC,cfrrbs,limma,in_silico,top50,0.25
healthy_CRC_0.25_20000000_rep3,0.146954788824556,CIBERSORT,CRC,cfrrbs,limma,in_silico,top50,0.25
healthy_CRC_0.25_20000000_rep4,0.177191779468903,CIBERSORT,CRC,cfrrbs,limma,in_silico,top50,0.25
healthy_CRC_0.25_20000000_rep5,0.185916932534774,CIBERSORT,CRC,cfrrbs,limma,in_silico,top50,0.25
healthy_CRC_0.25_20000000_rep6,0.16045968817181,CIBERSORT,CRC,cfrrbs,limma,in_silico,top50,0.25
healthy_CRC_0.25_20000000_rep7,0.159128028239884,CIBERSORT,CRC,cfrrbs,limma,in_silico,top50,0.25
healthy_CRC_0.25_20000000_rep8,0.164186634467683,CIBERSORT,CRC,cfrrbs,limma,in_silico,top50,0.25
healthy_CRC_0.25_20000000_rep9,0.163835752078291,CIBERSORT,CRC,cfrrbs,limma,in_silico,top50,0.25
healthy_CRC_0.5_20000000_rep1,0.28327785659194,CIBERSORT,CRC,cfrrbs,limma,in_silico,top50,0.5
healthy_CRC_0.5_20000000_rep10,0.283563557463914,CIBERSORT,CRC,cfrrbs,limma,in_silico,top50,0.5
healthy_CRC_0.5_20000000_rep2,0.299848684342415,CIBERSORT,CRC,cfrrbs,limma,in_silico,top50,0.5
healthy_CRC_0.5_20000000_rep3,0.265805653749776,CIBERSORT,CRC,cfrrbs,limma,in_silico,top50,0.5
healthy_CRC_0.5_20000000_rep4,0.283566337200376,CIBERSORT,CRC,cfrrbs,limma,in_silico,top50,0.5
healthy_CRC_0.5_20000000_rep5,0.273518398639996,CIBERSORT,CRC,cfrrbs,limma,in_silico,top50,0.5
healthy_CRC_0.5_20000000_rep6,0.296999561372203,CIBERSORT,CRC,cfrrbs,limma,in_silico,top50,0.5
healthy_CRC_0.5_20000000_rep7,0.293938149668135,CIBERSORT,CRC,cfrrbs,limma,in_silico,top50,0.5
healthy_CRC_0.5_20000000_rep8,0.289162537913631,CIBERSORT,CRC,cfrrbs,limma,in_silico,top50,0.5
healthy_CRC_0.5_20000000_rep9,0.295457671182398,CIBERSORT,CRC,cfrrbs,limma,in_silico,top50,0.5
healthy_CRC_0_20000000_rep1,0.0207890164256723,CIBERSORT,CRC,cfrrbs,limma,in_silico,top50,0
healthy_CRC_0_20000000_rep10,0.0812472635526766,CIBERSORT,CRC,cfrrbs,limma,in_silico,top50,0
healthy_CRC_0_20000000_rep2,0.0038122382336102,CIBERSORT,CRC,cfrrbs,limma,in_silico,top50,0
healthy_CRC_0_20000000_rep3,0.0425813018689625,CIBERSORT,CRC,cfrrbs,limma,in_silico,top50,0
healthy_CRC_0_20000000_rep4,0.0123700378028403,CIBERSORT,CRC,cfrrbs,limma,in_silico,top50,0
healthy_CRC_0_20000000_rep5,0.0230485719075508,CIBERSORT,CRC,cfrrbs,limma,in_silico,top50,0
healthy_CRC_0_20000000_rep6,0.0400606762864,CIBERSORT,CRC,cfrrbs,limma,in_silico,top50,0
healthy_CRC_0_20000000_rep7,0.0127630604080995,CIBERSORT,CRC,cfrrbs,limma,in_silico,top50,0
healthy_CRC_0_20000000_rep8,0.0347218251216196,CIBERSORT,CRC,cfrrbs,limma,in_silico,top50,0
healthy_CRC_0_20000000_rep9,0.0252001982067069,CIBERSORT,CRC,cfrrbs,limma,in_silico,top50,0
healthy_CRC_0.0001_20000000_rep1,0.027,meth_atlas,CRC,cfrrbs,limma,in_silico,top50,0.0001
healthy_CRC_0.0001_20000000_rep10,0.008,meth_atlas,CRC,cfrrbs,limma,in_silico,top50,0.0001
healthy_CRC_0.0001_20000000_rep2,0.009,meth_atlas,CRC,cfrrbs,limma,in_silico,top50,0.0001
healthy_CRC_0.0001_20000000_rep3,0.012,meth_atlas,CRC,cfrrbs,limma,in_silico,top50,0.0001
healthy_CRC_0.0001_20000000_rep4,0.0,meth_atlas,CRC,cfrrbs,limma,in_silico,top50,0.0001
healthy_CRC_0.0001_20000000_rep5,0.021,meth_atlas,CRC,cfrrbs,limma,in_silico,top50,0.0001
healthy_CRC_0.0001_20000000_rep6,0.015,meth_atlas,CRC,cfrrbs,limma,in_silico,top50,0.0001
healthy_CRC_0.0001_20000000_rep7,0.009,meth_atlas,CRC,cfrrbs,limma,in_silico,top50,0.0001
healthy_CRC_0.0001_20000000_rep8,0.012,meth_atlas,CRC,cfrrbs,limma,in_silico,top50,0.0001
healthy_CRC_0.0001_20000000_rep9,0.02,meth_atlas,CRC,cfrrbs,limma,in_silico,top50,0.0001
healthy_CRC_0.001_20000000_rep1,0.013,meth_atlas,CRC,cfrrbs,limma,in_silico,top50,0.001
healthy_CRC_0.001_20000000_rep10,0.016,meth_atlas,CRC,cfrrbs,limma,in_silico,top50,0.001
healthy_CRC_0.001_20000000_rep2,0.02,meth_atlas,CRC,cfrrbs,limma,in_silico,top50,0.001
healthy_CRC_0.001_20000000_rep3,0.028,meth_atlas,CRC,cfrrbs,limma,in_silico,top50,0.001
healthy_CRC_0.001_20000000_rep4,0.02,meth_atlas,CRC,cfrrbs,limma,in_silico,top50,0.001
healthy_CRC_0.001_20000000_rep5,0.008,meth_atlas,CRC,cfrrbs,limma,in_silico,top50,0.001
healthy_CRC_0.001_20000000_rep6,0.02,meth_atlas,CRC,cfrrbs,limma,in_silico,top50,0.001
healthy_CRC_0.001_20000000_rep7,0.003,meth_atlas,CRC,cfrrbs,limma,in_silico,top50,0.001
healthy_CRC_0.001_20000000_rep8,0.024,meth_atlas,CRC,cfrrbs,limma,in_silico,top50,0.001
healthy_CRC_0.001_20000000_rep9,0.002,meth_atlas,CRC,cfrrbs,limma,in_silico,top50,0.001
healthy_CRC_0.003_20000000_rep1,0.006,meth_atlas,CRC,cfrrbs,limma,in_silico,top50,0.003
healthy_CRC_0.003_20000000_rep10,0.017,meth_atlas,CRC,cfrrbs,limma,in_silico,top50,0.003
healthy_CRC_0.003_20000000_rep2,0.014,meth_atlas,CRC,cfrrbs,limma,in_silico,top50,0.003
healthy_CRC_0.003_20000000_rep3,0.007,meth_atlas,CRC,cfrrbs,limma,in_silico,top50,0.003
healthy_CRC_0.003_20000000_rep4,0.018,meth_atlas,CRC,cfrrbs,limma,in_silico,top50,0.003
healthy_CRC_0.003_20000000_rep5,0.011,meth_atlas,CRC,cfrrbs,limma,in_silico,top50,0.003
healthy_CRC_0.003_20000000_rep6,0.017,meth_atlas,CRC,cfrrbs,limma,in_silico,top50,0.003
healthy_CRC_0.003_20000000_rep7,0.03,meth_atlas,CRC,cfrrbs,limma,in_silico,top50,0.003
healthy_CRC_0.003_20000000_rep8,0.022,meth_atlas,CRC,cfrrbs,limma,in_silico,top50,0.003
healthy_CRC_0.003_20000000_rep9,0.003,meth_atlas,CRC,cfrrbs,limma,in_silico,top50,0.003
healthy_CRC_0.007_20000000_rep1,0.033,meth_atlas,CRC,cfrrbs,limma,in_silico,top50,0.007
healthy_CRC_0.007_20000000_rep10,0.04,meth_atlas,CRC,cfrrbs,limma,in_silico,top50,0.007
healthy_CRC_0.007_20000000_rep2,0.031,meth_atlas,CRC,cfrrbs,limma,in_silico,top50,0.007
healthy_CRC_0.007_20000000_rep3,0.021,meth_atlas,CRC,cfrrbs,limma,in_silico,top50,0.007
healthy_CRC_0.007_20000000_rep4,0.022,meth_atlas,CRC,cfrrbs,limma,in_silico,top50,0.007
healthy_CRC_0.007_20000000_rep5,0.012,meth_atlas,CRC,cfrrbs,limma,in_silico,top50,0.007
healthy_CRC_0.007_20000000_rep6,0.017,meth_atlas,CRC,cfrrbs,limma,in_silico,top50,0.007
healthy_CRC_0.007_20000000_rep7,0.028,meth_atlas,CRC,cfrrbs,limma,in_silico,top50,0.007
healthy_CRC_0.007_20000000_rep8,0.012,meth_atlas,CRC,cfrrbs,limma,in_silico,top50,0.007
healthy_CRC_0.007_20000000_rep9,0.006,meth_atlas,CRC,cfrrbs,limma,in_silico,top50,0.007
healthy_CRC_0.01_20000000_rep1,0.012,meth_atlas,CRC,cfrrbs,limma,in_silico,top50,0.01
healthy_CRC_0.01_20000000_rep10,0.013,meth_atlas,CRC,cfrrbs,limma,in_silico,top50,0.01
healthy_CRC_0.01_20000000_rep2,0.019,meth_atlas,CRC,cfrrbs,limma,in_silico,top50,0.01
healthy_CRC_0.01_20000000_rep3,0.007,meth_atlas,CRC,cfrrbs,limma,in_silico,top50,0.01
healthy_CRC_0.01_20000000_rep4,0.011,meth_atlas,CRC,cfrrbs,limma,in_silico,top50,0.01
healthy_CRC_0.01_20000000_rep5,0.019,meth_atlas,CRC,cfrrbs,limma,in_silico,top50,0.01
healthy_CRC_0.01_20000000_rep6,0.031,meth_atlas,CRC,cfrrbs,limma,in_silico,top50,0.01
healthy_CRC_0.01_20000000_rep7,0.024,meth_atlas,CRC,cfrrbs,limma,in_silico,top50,0.01
healthy_CRC_0.01_20000000_rep8,0.024,meth_atlas,CRC,cfrrbs,limma,in_silico,top50,0.01
healthy_CRC_0.01_20000000_rep9,0.026,meth_atlas,CRC,cfrrbs,limma,in_silico,top50,0.01
healthy_CRC_0.025_20000000_rep1,0.014,meth_atlas,CRC,cfrrbs,limma,in_silico,top50,0.025
healthy_CRC_0.025_20000000_rep10,0.035,meth_atlas,CRC,cfrrbs,limma,in_silico,top50,0.025
healthy_CRC_0.025_20000000_rep2,0.049,meth_atlas,CRC,cfrrbs,limma,in_silico,top50,0.025
healthy_CRC_0.025_20000000_rep3,0.02,meth_atlas,CRC,cfrrbs,limma,in_silico,top50,0.025
healthy_CRC_0.025_20000000_rep4,0.037,meth_atlas,CRC,cfrrbs,limma,in_silico,top50,0.025
healthy_CRC_0.025_20000000_rep5,0.044,meth_atlas,CRC,cfrrbs,limma,in_silico,top50,0.025
healthy_CRC_0.025_20000000_rep6,0.036,meth_atlas,CRC,cfrrbs,limma,in_silico,top50,0.025
healthy_CRC_0.025_20000000_rep7,0.031,meth_atlas,CRC,cfrrbs,limma,in_silico,top50,0.025
healthy_CRC_0.025_20000000_rep8,0.013,meth_atlas,CRC,cfrrbs,limma,in_silico,top50,0.025
healthy_CRC_0.025_20000000_rep9,0.04,meth_atlas,CRC,cfrrbs,limma,in_silico,top50,0.025
healthy_CRC_0.05_20000000_rep1,0.064,meth_atlas,CRC,cfrrbs,limma,in_silico,top50,0.05
healthy_CRC_0.05_20000000_rep10,0.056,meth_atlas,CRC,cfrrbs,limma,in_silico,top50,0.05
healthy_CRC_0.05_20000000_rep2,0.036,meth_atlas,CRC,cfrrbs,limma,in_silico,top50,0.05
healthy_CRC_0.05_20000000_rep3,0.057,meth_atlas,CRC,cfrrbs,limma,in_silico,top50,0.05
healthy_CRC_0.05_20000000_rep4,0.047,meth_atlas,CRC,cfrrbs,limma,in_silico,top50,0.05
healthy_CRC_0.05_20000000_rep5,0.037,meth_atlas,CRC,cfrrbs,limma,in_silico,top50,0.05
healthy_CRC_0.05_20000000_rep6,0.062,meth_atlas,CRC,cfrrbs,limma,in_silico,top50,0.05
healthy_CRC_0.05_20000000_rep7,0.058,meth_atlas,CRC,cfrrbs,limma,in_silico,top50,0.05
healthy_CRC_0.05_20000000_rep8,0.06,meth_atlas,CRC,cfrrbs,limma,in_silico,top50,0.05
healthy_CRC_0.05_20000000_rep9,0.053,meth_atlas,CRC,cfrrbs,limma,in_silico,top50,0.05
healthy_CRC_0.1_20000000_rep1,0.097,meth_atlas,CRC,cfrrbs,limma,in_silico,top50,0.1
healthy_CRC_0.1_20000000_rep10,0.104,meth_atlas,CRC,cfrrbs,limma,in_silico,top50,0.1
healthy_CRC_0.1_20000000_rep2,0.097,meth_atlas,CRC,cfrrbs,limma,in_silico,top50,0.1
healthy_CRC_0.1_20000000_rep3,0.081,meth_atlas,CRC,cfrrbs,limma,in_silico,top50,0.1
healthy_CRC_0.1_20000000_rep4,0.091,meth_atlas,CRC,cfrrbs,limma,in_silico,top50,0.1
healthy_CRC_0.1_20000000_rep5,0.099,meth_atlas,CRC,cfrrbs,limma,in_silico,top50,0.1
healthy_CRC_0.1_20000000_rep6,0.089,meth_atlas,CRC,cfrrbs,limma,in_silico,top50,0.1
healthy_CRC_0.1_20000000_rep7,0.088,meth_atlas,CRC,cfrrbs,limma,in_silico,top50,0.1
healthy_CRC_0.1_20000000_rep8,0.096,meth_atlas,CRC,cfrrbs,limma,in_silico,top50,0.1
healthy_CRC_0.1_20000000_rep9,0.088,meth_atlas,CRC,cfrrbs,limma,in_silico,top50,0.1
healthy_CRC_0.25_20000000_rep1,0.201,meth_atlas,CRC,cfrrbs,limma,in_silico,top50,0.25
healthy_CRC_0.25_20000000_rep10,0.189,meth_atlas,CRC,cfrrbs,limma,in_silico,top50,0.25
healthy_CRC_0.25_20000000_rep2,0.198,meth_atlas,CRC,cfrrbs,limma,in_silico,top50,0.25
healthy_CRC_0.25_20000000_rep3,0.216,meth_atlas,CRC,cfrrbs,limma,in_silico,top50,0.25
healthy_CRC_0.25_20000000_rep4,0.196,meth_atlas,CRC,cfrrbs,limma,in_silico,top50,0.25
healthy_CRC_0.25_20000000_rep5,0.21,meth_atlas,CRC,cfrrbs,limma,in_silico,top50,0.25
healthy_CRC_0.25_20000000_rep6,0.225,meth_atlas,CRC,cfrrbs,limma,in_silico,top50,0.25
healthy_CRC_0.25_20000000_rep7,0.184,meth_atlas,CRC,cfrrbs,limma,in_silico,top50,0.25
healthy_CRC_0.25_20000000_rep8,0.205,meth_atlas,CRC,cfrrbs,limma,in_silico,top50,0.25
healthy_CRC_0.25_20000000_rep9,0.216,meth_atlas,CRC,cfrrbs,limma,in_silico,top50,0.25
healthy_CRC_0.5_20000000_rep1,0.378,meth_atlas,CRC,cfrrbs,limma,in_silico,top50,0.5
healthy_CRC_0.5_20000000_rep10,0.391,meth_atlas,CRC,cfrrbs,limma,in_silico,top50,0.5
healthy_CRC_0.5_20000000_rep2,0.375,meth_atlas,CRC,cfrrbs,limma,in_silico,top50,0.5
healthy_CRC_0.5_20000000_rep3,0.357,meth_atlas,CRC,cfrrbs,limma,in_silico,top50,0.5
healthy_CRC_0.5_20000000_rep4,0.385,meth_atlas,CRC,cfrrbs,limma,in_silico,top50,0.5
healthy_CRC_0.5_20000000_rep5,0.375,meth_atlas,CRC,cfrrbs,limma,in_silico,top50,0.5
healthy_CRC_0.5_20000000_rep6,0.372,meth_atlas,CRC,cfrrbs,limma,in_silico,top50,0.5
healthy_CRC_0.5_20000000_rep7,0.385,meth_atlas,CRC,cfrrbs,limma,in_silico,top50,0.5
healthy_CRC_0.5_20000000_rep8,0.375,meth_atlas,CRC,cfrrbs,limma,in_silico,top50,0.5
healthy_CRC_0.5_20000000_rep9,0.356,meth_atlas,CRC,cfrrbs,limma,in_silico,top50,0.5
healthy_CRC_0_20000000_rep1,0.013,meth_atlas,CRC,cfrrbs,limma,in_silico,top50,0
healthy_CRC_0_20000000_rep10,0.019,meth_atlas,CRC,cfrrbs,limma,in_silico,top50,0
healthy_CRC_0_20000000_rep2,0.009,meth_atlas,CRC,cfrrbs,limma,in_silico,top50,0
healthy_CRC_0_20000000_rep3,0.028,meth_atlas,CRC,cfrrbs,limma,in_silico,top50,0
healthy_CRC_0_20000000_rep4,0.011,meth_atlas,CRC,cfrrbs,limma,in_silico,top50,0
healthy_CRC_0_20000000_rep5,0.018,meth_atlas,CRC,cfrrbs,limma,in_silico,top50,0
healthy_CRC_0_20000000_rep6,0.009,meth_atlas,CRC,cfrrbs,limma,in_silico,top50,0
healthy_CRC_0_20000000_rep7,0.008,meth_atlas,CRC,cfrrbs,limma,in_silico,top50,0
healthy_CRC_0_20000000_rep8,0.016,meth_atlas,CRC,cfrrbs,limma,in_silico,top50,0
healthy_CRC_0_20000000_rep9,0.023,meth_atlas,CRC,cfrrbs,limma,in_silico,top50,0
healthy_CRC_0.0001_20000000_rep1,0.0307825843896976,EpiSCORE,CRC,cfrrbs,limma,in_silico,top50,0.0001
healthy_CRC_0.0001_20000000_rep10,0.0,EpiSCORE,CRC,cfrrbs,limma,in_silico,top50,0.0001
healthy_CRC_0.0001_20000000_rep2,0.0027193152608148,EpiSCORE,CRC,cfrrbs,limma,in_silico,top50,0.0001
healthy_CRC_0.0001_20000000_rep3,0.0,EpiSCORE,CRC,cfrrbs,limma,in_silico,top50,0.0001
healthy_CRC_0.0001_20000000_rep4,0.0265240631606606,EpiSCORE,CRC,cfrrbs,limma,in_silico,top50,0.0001
healthy_CRC_0.0001_20000000_rep5,0.0,EpiSCORE,CRC,cfrrbs,limma,in_silico,top50,0.0001
healthy_CRC_0.0001_20000000_rep6,0.0380485920628175,EpiSCORE,CRC,cfrrbs,limma,in_silico,top50,0.0001
healthy_CRC_0.0001_20000000_rep7,0.0073743428959106,EpiSCORE,CRC,cfrrbs,limma,in_silico,top50,0.0001
healthy_CRC_0.0001_20000000_rep8,0.0,EpiSCORE,CRC,cfrrbs,limma,in_silico,top50,0.0001
healthy_CRC_0.0001_20000000_rep9,0.0500108594673918,EpiSCORE,CRC,cfrrbs,limma,in_silico,top50,0.0001
healthy_CRC_0.001_20000000_rep1,0.0513977448243066,EpiSCORE,CRC,cfrrbs,limma,in_silico,top50,0.001
healthy_CRC_0.001_20000000_rep10,0.0188339563051299,EpiSCORE,CRC,cfrrbs,limma,in_silico,top50,0.001
healthy_CRC_0.001_20000000_rep2,0.0,EpiSCORE,CRC,cfrrbs,limma,in_silico,top50,0.001
healthy_CRC_0.001_20000000_rep3,0.0023439297403165,EpiSCORE,CRC,cfrrbs,limma,in_silico,top50,0.001
healthy_CRC_0.001_20000000_rep4,0.0,EpiSCORE,CRC,cfrrbs,limma,in_silico,top50,0.001
healthy_CRC_0.001_20000000_rep5,0.0125789351495445,EpiSCORE,CRC,cfrrbs,limma,in_silico,top50,0.001
healthy_CRC_0.001_20000000_rep6,0.02823938519984,EpiSCORE,CRC,cfrrbs,limma,in_silico,top50,0.001
healthy_CRC_0.001_20000000_rep7,0.0049778228597195,EpiSCORE,CRC,cfrrbs,limma,in_silico,top50,0.001
healthy_CRC_0.001_20000000_rep8,0.0113990750918415,EpiSCORE,CRC,cfrrbs,limma,in_silico,top50,0.001
healthy_CRC_0.001_20000000_rep9,0.0,EpiSCORE,CRC,cfrrbs,limma,in_silico,top50,0.001
healthy_CRC_0.003_20000000_rep1,0.0201501539755224,EpiSCORE,CRC,cfrrbs,limma,in_silico,top50,0.003
healthy_CRC_0.003_20000000_rep10,0.0214792091122954,EpiSCORE,CRC,cfrrbs,limma,in_silico,top50,0.003
healthy_CRC_0.003_20000000_rep2,0.0042804461659227,EpiSCORE,CRC,cfrrbs,limma,in_silico,top50,0.003
healthy_CRC_0.003_20000000_rep3,0.0,EpiSCORE,CRC,cfrrbs,limma,in_silico,top50,0.003
healthy_CRC_0.003_20000000_rep4,0.0555231141133038,EpiSCORE,CRC,cfrrbs,limma,in_silico,top50,0.003
healthy_CRC_0.003_20000000_rep5,0.0275216728876032,EpiSCORE,CRC,cfrrbs,limma,in_silico,top50,0.003
healthy_CRC_0.003_20000000_rep6,0.0418773555577597,EpiSCORE,CRC,cfrrbs,limma,in_silico,top50,0.003
healthy_CRC_0.003_20000000_rep7,0.0122712587270727,EpiSCORE,CRC,cfrrbs,limma,in_silico,top50,0.003
healthy_CRC_0.003_20000000_rep8,0.0,EpiSCORE,CRC,cfrrbs,limma,in_silico,top50,0.003
healthy_CRC_0.003_20000000_rep9,0.0019648943287024,EpiSCORE,CRC,cfrrbs,limma,in_silico,top50,0.003
healthy_CRC_0.007_20000000_rep1,0.0310932183095564,EpiSCORE,CRC,cfrrbs,limma,in_silico,top50,0.007
healthy_CRC_0.007_20000000_rep10,0.035802817929026,EpiSCORE,CRC,cfrrbs,limma,in_silico,top50,0.007
healthy_CRC_0.007_20000000_rep2,0.0149605559659393,EpiSCORE,CRC,cfrrbs,limma,in_silico,top50,0.007
healthy_CRC_0.007_20000000_rep3,0.0063004441937185,EpiSCORE,CRC,cfrrbs,limma,in_silico,top50,0.007
healthy_CRC_0.007_20000000_rep4,0.0308655627141078,EpiSCORE,CRC,cfrrbs,limma,in_silico,top50,0.007
healthy_CRC_0.007_20000000_rep5,0.0,EpiSCORE,CRC,cfrrbs,limma,in_silico,top50,0.007
healthy_CRC_0.007_20000000_rep6,0.0213885944045295,EpiSCORE,CRC,cfrrbs,limma,in_silico,top50,0.007
healthy_CRC_0.007_20000000_rep7,0.0433839171894496,EpiSCORE,CRC,cfrrbs,limma,in_silico,top50,0.007
healthy_CRC_0.007_20000000_rep8,0.0,EpiSCORE,CRC,cfrrbs,limma,in_silico,top50,0.007
healthy_CRC_0.007_20000000_rep9,0.0,EpiSCORE,CRC,cfrrbs,limma,in_silico,top50,0.007
healthy_CRC_0.01_20000000_rep1,0.0,EpiSCORE,CRC,cfrrbs,limma,in_silico,top50,0.01
healthy_CRC_0.01_20000000_rep10,0.0290781438739781,EpiSCORE,CRC,cfrrbs,limma,in_silico,top50,0.01
healthy_CRC_0.01_20000000_rep2,0.0327791514004387,EpiSCORE,CRC,cfrrbs,limma,in_silico,top50,0.01
healthy_CRC_0.01_20000000_rep3,0.0,EpiSCORE,CRC,cfrrbs,limma,in_silico,top50,0.01
healthy_CRC_0.01_20000000_rep4,0.0268771784318646,EpiSCORE,CRC,cfrrbs,limma,in_silico,top50,0.01
healthy_CRC_0.01_20000000_rep5,0.04333461101541,EpiSCORE,CRC,cfrrbs,limma,in_silico,top50,0.01
healthy_CRC_0.01_20000000_rep6,0.0406122114522153,EpiSCORE,CRC,cfrrbs,limma,in_silico,top50,0.01
healthy_CRC_0.01_20000000_rep7,0.029035303610439,EpiSCORE,CRC,cfrrbs,limma,in_silico,top50,0.01
healthy_CRC_0.01_20000000_rep8,0.0,EpiSCORE,CRC,cfrrbs,limma,in_silico,top50,0.01
healthy_CRC_0.01_20000000_rep9,0.0409572830234319,EpiSCORE,CRC,cfrrbs,limma,in_silico,top50,0.01
healthy_CRC_0.025_20000000_rep1,0.022619967286938,EpiSCORE,CRC,cfrrbs,limma,in_silico,top50,0.025
healthy_CRC_0.025_20000000_rep10,0.0281153327879295,EpiSCORE,CRC,cfrrbs,limma,in_silico,top50,0.025
healthy_CRC_0.025_20000000_rep2,0.0336809905629763,EpiSCORE,CRC,cfrrbs,limma,in_silico,top50,0.025
healthy_CRC_0.025_20000000_rep3,0.0,EpiSCORE,CRC,cfrrbs,limma,in_silico,top50,0.025
healthy_CRC_0.025_20000000_rep4,0.0387896436880143,EpiSCORE,CRC,cfrrbs,limma,in_silico,top50,0.025
healthy_CRC_0.025_20000000_rep5,0.0608383646659163,EpiSCORE,CRC,cfrrbs,limma,in_silico,top50,0.025
healthy_CRC_0.025_20000000_rep6,0.0538179311202488,EpiSCORE,CRC,cfrrbs,limma,in_silico,top50,0.025
healthy_CRC_0.025_20000000_rep7,0.0,EpiSCORE,CRC,cfrrbs,limma,in_silico,top50,0.025
healthy_CRC_0.025_20000000_rep8,0.0,EpiSCORE,CRC,cfrrbs,limma,in_silico,top50,0.025
healthy_CRC_0.025_20000000_rep9,0.0544925679235182,EpiSCORE,CRC,cfrrbs,limma,in_silico,top50,0.025
healthy_CRC_0.05_20000000_rep1,0.0485554729949249,EpiSCORE,CRC,cfrrbs,limma,in_silico,top50,0.05
healthy_CRC_0.05_20000000_rep10,0.0520912224723099,EpiSCORE,CRC,cfrrbs,limma,in_silico,top50,0.05
healthy_CRC_0.05_20000000_rep2,0.0407951120897581,EpiSCORE,CRC,cfrrbs,limma,in_silico,top50,0.05
healthy_CRC_0.05_20000000_rep3,0.071769577534522,EpiSCORE,CRC,cfrrbs,limma,in_silico,top50,0.05
healthy_CRC_0.05_20000000_rep4,0.0,EpiSCORE,CRC,cfrrbs,limma,in_silico,top50,0.05
healthy_CRC_0.05_20000000_rep5,0.002334341690526,EpiSCORE,CRC,cfrrbs,limma,in_silico,top50,0.05
healthy_CRC_0.05_20000000_rep6,0.0185453758663226,EpiSCORE,CRC,cfrrbs,limma,in_silico,top50,0.05
healthy_CRC_0.05_20000000_rep7,0.0671942604485637,EpiSCORE,CRC,cfrrbs,limma,in_silico,top50,0.05
healthy_CRC_0.05_20000000_rep8,0.03187978993509,EpiSCORE,CRC,cfrrbs,limma,in_silico,top50,0.05
healthy_CRC_0.05_20000000_rep9,0.0177681247130293,EpiSCORE,CRC,cfrrbs,limma,in_silico,top50,0.05
healthy_CRC_0.1_20000000_rep1,0.0890796020292225,EpiSCORE,CRC,cfrrbs,limma,in_silico,top50,0.1
healthy_CRC_0.1_20000000_rep10,0.0988034021254975,EpiSCORE,CRC,cfrrbs,limma,in_silico,top50,0.1
healthy_CRC_0.1_20000000_rep2,0.0298105990620957,EpiSCORE,CRC,cfrrbs,limma,in_silico,top50,0.1
healthy_CRC_0.1_20000000_rep3,0.0436906986824972,EpiSCORE,CRC,cfrrbs,limma,in_silico,top50,0.1
healthy_CRC_0.1_20000000_rep4,0.0513546340599837,EpiSCORE,CRC,cfrrbs,limma,in_silico,top50,0.1
healthy_CRC_0.1_20000000_rep5,0.0729665734477327,EpiSCORE,CRC,cfrrbs,limma,in_silico,top50,0.1
healthy_CRC_0.1_20000000_rep6,0.0520708717323588,EpiSCORE,CRC,cfrrbs,limma,in_silico,top50,0.1
healthy_CRC_0.1_20000000_rep7,0.0096005148774885,EpiSCORE,CRC,cfrrbs,limma,in_silico,top50,0.1
healthy_CRC_0.1_20000000_rep8,0.0528659687025614,EpiSCORE,CRC,cfrrbs,limma,in_silico,top50,0.1
healthy_CRC_0.1_20000000_rep9,0.0737809837224549,EpiSCORE,CRC,cfrrbs,limma,in_silico,top50,0.1
healthy_CRC_0.25_20000000_rep1,0.179933652899808,EpiSCORE,CRC,cfrrbs,limma,in_silico,top50,0.25
healthy_CRC_0.25_20000000_rep10,0.159151908323309,EpiSCORE,CRC,cfrrbs,limma,in_silico,top50,0.25
healthy_CRC_0.25_20000000_rep2,0.153961207226428,EpiSCORE,CRC,cfrrbs,limma,in_silico,top50,0.25
healthy_CRC_0.25_20000000_rep3,0.107115057829618,EpiSCORE,CRC,cfrrbs,limma,in_silico,top50,0.25
healthy_CRC_0.25_20000000_rep4,0.120928827534568,EpiSCORE,CRC,cfrrbs,limma,in_silico,top50,0.25
healthy_CRC_0.25_20000000_rep5,0.136475165229322,EpiSCORE,CRC,cfrrbs,limma,in_silico,top50,0.25
healthy_CRC_0.25_20000000_rep6,0.127245801705276,EpiSCORE,CRC,cfrrbs,limma,in_silico,top50,0.25
healthy_CRC_0.25_20000000_rep7,0.110857322315178,EpiSCORE,CRC,cfrrbs,limma,in_silico,top50,0.25
healthy_CRC_0.25_20000000_rep8,0.153705164122637,EpiSCORE,CRC,cfrrbs,limma,in_silico,top50,0.25
healthy_CRC_0.25_20000000_rep9,0.169542591167938,EpiSCORE,CRC,cfrrbs,limma,in_silico,top50,0.25
healthy_CRC_0.5_20000000_rep1,0.315592659405648,EpiSCORE,CRC,cfrrbs,limma,in_silico,top50,0.5
healthy_CRC_0.5_20000000_rep10,0.300181715640874,EpiSCORE,CRC,cfrrbs,limma,in_silico,top50,0.5
healthy_CRC_0.5_20000000_rep2,0.361015352989224,EpiSCORE,CRC,cfrrbs,limma,in_silico,top50,0.5
healthy_CRC_0.5_20000000_rep3,0.292502051242444,EpiSCORE,CRC,cfrrbs,limma,in_silico,top50,0.5
healthy_CRC_0.5_20000000_rep4,0.32356427453892,EpiSCORE,CRC,cfrrbs,limma,in_silico,top50,0.5
healthy_CRC_0.5_20000000_rep5,0.272310812392571,EpiSCORE,CRC,cfrrbs,limma,in_silico,top50,0.5
healthy_CRC_0.5_20000000_rep6,0.291939726218731,EpiSCORE,CRC,cfrrbs,limma,in_silico,top50,0.5
healthy_CRC_0.5_20000000_rep7,0.348050578439827,EpiSCORE,CRC,cfrrbs,limma,in_silico,top50,0.5
healthy_CRC_0.5_20000000_rep8,0.311706146562148,EpiSCORE,CRC,cfrrbs,limma,in_silico,top50,0.5
healthy_CRC_0.5_20000000_rep9,0.278325392189459,EpiSCORE,CRC,cfrrbs,limma,in_silico,top50,0.5
healthy_CRC_0_20000000_rep1,0.012224491114141,EpiSCORE,CRC,cfrrbs,limma,in_silico,top50,0
healthy_CRC_0_20000000_rep10,0.0494089345613666,EpiSCORE,CRC,cfrrbs,limma,in_silico,top50,0
healthy_CRC_0_20000000_rep2,0.0089790646855755,EpiSCORE,CRC,cfrrbs,limma,in_silico,top50,0
healthy_CRC_0_20000000_rep3,0.0109361579808476,EpiSCORE,CRC,cfrrbs,limma,in_silico,top50,0
healthy_CRC_0_20000000_rep4,0.0399569854467282,EpiSCORE,CRC,cfrrbs,limma,in_silico,top50,0
healthy_CRC_0_20000000_rep5,0.0274418197072223,EpiSCORE,CRC,cfrrbs,limma,in_silico,top50,0
healthy_CRC_0_20000000_rep6,0.0073628928002294,EpiSCORE,CRC,cfrrbs,limma,in_silico,top50,0
healthy_CRC_0_20000000_rep7,0.023509858882457,EpiSCORE,CRC,cfrrbs,limma,in_silico,top50,0
healthy_CRC_0_20000000_rep8,0.0,EpiSCORE,CRC,cfrrbs,limma,in_silico,top50,0
healthy_CRC_0_20000000_rep9,0.0303638019717964,EpiSCORE,CRC,cfrrbs,limma,in_silico,top50,0
healthy_CRC_0.0001_20000000_rep1,0.0025360426153566,Houseman_ineq,CRC,cfrrbs,limma,in_silico,top500,0.0001
healthy_CRC_0.0001_20000000_rep10,-1.7347234759768098e-18,Houseman_ineq,CRC,cfrrbs,limma,in_silico,top500,0.0001
healthy_CRC_0.0001_20000000_rep2,0.0,Houseman_ineq,CRC,cfrrbs,limma,in_silico,top500,0.0001
healthy_CRC_0.0001_20000000_rep3,0.0,Houseman_ineq,CRC,cfrrbs,limma,in_silico,top500,0.0001
healthy_CRC_0.0001_20000000_rep4,0.0,Houseman_ineq,CRC,cfrrbs,limma,in_silico,top500,0.0001
healthy_CRC_0.0001_20000000_rep5,0.0004599529196327,Houseman_ineq,CRC,cfrrbs,limma,in_silico,top500,0.0001
healthy_CRC_0.0001_20000000_rep6,4.336808689942022e-19,Houseman_ineq,CRC,cfrrbs,limma,in_silico,top500,0.0001
healthy_CRC_0.0001_20000000_rep7,-4.336808689942022e-19,Houseman_ineq,CRC,cfrrbs,limma,in_silico,top500,0.0001
healthy_CRC_0.0001_20000000_rep8,0.0,Houseman_ineq,CRC,cfrrbs,limma,in_silico,top500,0.0001
healthy_CRC_0.0001_20000000_rep9,0.0010171199143926,Houseman_ineq,CRC,cfrrbs,limma,in_silico,top500,0.0001
healthy_CRC_0.001_20000000_rep1,0.0,Houseman_ineq,CRC,cfrrbs,limma,in_silico,top500,0.001
healthy_CRC_0.001_20000000_rep10,0.0,Houseman_ineq,CRC,cfrrbs,limma,in_silico,top500,0.001
healthy_CRC_0.001_20000000_rep2,0.0,Houseman_ineq,CRC,cfrrbs,limma,in_silico,top500,0.001
healthy_CRC_0.001_20000000_rep3,0.0007617563028641,Houseman_ineq,CRC,cfrrbs,limma,in_silico,top500,0.001
healthy_CRC_0.001_20000000_rep4,0.0,Houseman_ineq,CRC,cfrrbs,limma,in_silico,top500,0.001
healthy_CRC_0.001_20000000_rep5,0.0,Houseman_ineq,CRC,cfrrbs,limma,in_silico,top500,0.001
healthy_CRC_0.001_20000000_rep6,0.0024401675662174,Houseman_ineq,CRC,cfrrbs,limma,in_silico,top500,0.001
healthy_CRC_0.001_20000000_rep7,0.0,Houseman_ineq,CRC,cfrrbs,limma,in_silico,top500,0.001
healthy_CRC_0.001_20000000_rep8,0.0071933307001136,Houseman_ineq,CRC,cfrrbs,limma,in_silico,top500,0.001
healthy_CRC_0.001_20000000_rep9,0.0,Houseman_ineq,CRC,cfrrbs,limma,in_silico,top500,0.001
healthy_CRC_0.003_20000000_rep1,0.0,Houseman_ineq,CRC,cfrrbs,limma,in_silico,top500,0.003
healthy_CRC_0.003_20000000_rep10,2.1684043449710103e-19,Houseman_ineq,CRC,cfrrbs,limma,in_silico,top500,0.003
healthy_CRC_0.003_20000000_rep2,0.0,Houseman_ineq,CRC,cfrrbs,limma,in_silico,top500,0.003
healthy_CRC_0.003_20000000_rep3,0.0,Houseman_ineq,CRC,cfrrbs,limma,in_silico,top500,0.003
healthy_CRC_0.003_20000000_rep4,0.0016934407158348,Houseman_ineq,CRC,cfrrbs,limma,in_silico,top500,0.003
healthy_CRC_0.003_20000000_rep5,0.0006113642688476,Houseman_ineq,CRC,cfrrbs,limma,in_silico,top500,0.003
healthy_CRC_0.003_20000000_rep6,0.0010107566754296,Houseman_ineq,CRC,cfrrbs,limma,in_silico,top500,0.003
healthy_CRC_0.003_20000000_rep7,0.0034435097220999,Houseman_ineq,CRC,cfrrbs,limma,in_silico,top500,0.003
healthy_CRC_0.003_20000000_rep8,0.0043137301775886,Houseman_ineq,CRC,cfrrbs,limma,in_silico,top500,0.003
healthy_CRC_0.003_20000000_rep9,0.0,Houseman_ineq,CRC,cfrrbs,limma,in_silico,top500,0.003
healthy_CRC_0.007_20000000_rep1,0.0081281426266856,Houseman_ineq,CRC,cfrrbs,limma,in_silico,top500,0.007
healthy_CRC_0.007_20000000_rep10,0.0146839333419613,Houseman_ineq,CRC,cfrrbs,limma,in_silico,top500,0.007
healthy_CRC_0.007_20000000_rep2,0.0141780160191991,Houseman_ineq,CRC,cfrrbs,limma,in_silico,top500,0.007
healthy_CRC_0.007_20000000_rep3,0.0072204450212172,Houseman_ineq,CRC,cfrrbs,limma,in_silico,top500,0.007
healthy_CRC_0.007_20000000_rep4,0.0083956414219157,Houseman_ineq,CRC,cfrrbs,limma,in_silico,top500,0.007
healthy_CRC_0.007_20000000_rep5,-8.673617379884041e-19,Houseman_ineq,CRC,cfrrbs,limma,in_silico,top500,0.007
healthy_CRC_0.007_20000000_rep6,0.0068679340527102,Houseman_ineq,CRC,cfrrbs,limma,in_silico,top500,0.007
healthy_CRC_0.007_20000000_rep7,0.0052424830602104,Houseman_ineq,CRC,cfrrbs,limma,in_silico,top500,0.007
healthy_CRC_0.007_20000000_rep8,0.0,Houseman_ineq,CRC,cfrrbs,limma,in_silico,top500,0.007
healthy_CRC_0.007_20000000_rep9,0.0,Houseman_ineq,CRC,cfrrbs,limma,in_silico,top500,0.007
healthy_CRC_0.01_20000000_rep1,0.0049635229227371,Houseman_ineq,CRC,cfrrbs,limma,in_silico,top500,0.01
healthy_CRC_0.01_20000000_rep10,0.0,Houseman_ineq,CRC,cfrrbs,limma,in_silico,top500,0.01
healthy_CRC_0.01_20000000_rep2,0.0033484802251556,Houseman_ineq,CRC,cfrrbs,limma,in_silico,top500,0.01
healthy_CRC_0.01_20000000_rep3,0.0011041678010126,Houseman_ineq,CRC,cfrrbs,limma,in_silico,top500,0.01
healthy_CRC_0.01_20000000_rep4,0.0013875208521908,Houseman_ineq,CRC,cfrrbs,limma,in_silico,top500,0.01
healthy_CRC_0.01_20000000_rep5,0.0102306407721322,Houseman_ineq,CRC,cfrrbs,limma,in_silico,top500,0.01
healthy_CRC_0.01_20000000_rep6,0.0103934891592257,Houseman_ineq,CRC,cfrrbs,limma,in_silico,top500,0.01
healthy_CRC_0.01_20000000_rep7,0.0050584433707877,Houseman_ineq,CRC,cfrrbs,limma,in_silico,top500,0.01
healthy_CRC_0.01_20000000_rep8,0.0052055195943781,Houseman_ineq,CRC,cfrrbs,limma,in_silico,top500,0.01
healthy_CRC_0.01_20000000_rep9,0.0071421635491148,Houseman_ineq,CRC,cfrrbs,limma,in_silico,top500,0.01
healthy_CRC_0.025_20000000_rep1,0.0089802230141362,Houseman_ineq,CRC,cfrrbs,limma,in_silico,top500,0.025
healthy_CRC_0.025_20000000_rep10,0.0130745495459784,Houseman_ineq,CRC,cfrrbs,limma,in_silico,top500,0.025
healthy_CRC_0.025_20000000_rep2,0.0244488887768559,Houseman_ineq,CRC,cfrrbs,limma,in_silico,top500,0.025
healthy_CRC_0.025_20000000_rep3,0.0118562814461024,Houseman_ineq,CRC,cfrrbs,limma,in_silico,top500,0.025
healthy_CRC_0.025_20000000_rep4,0.011676351899099,Houseman_ineq,CRC,cfrrbs,limma,in_silico,top500,0.025
healthy_CRC_0.025_20000000_rep5,0.0194302939055015,Houseman_ineq,CRC,cfrrbs,limma,in_silico,top500,0.025
healthy_CRC_0.025_20000000_rep6,0.0157137165318857,Houseman_ineq,CRC,cfrrbs,limma,in_silico,top500,0.025
healthy_CRC_0.025_20000000_rep7,0.0143181489110388,Houseman_ineq,CRC,cfrrbs,limma,in_silico,top500,0.025
healthy_CRC_0.025_20000000_rep8,0.0142769129434176,Houseman_ineq,CRC,cfrrbs,limma,in_silico,top500,0.025
healthy_CRC_0.025_20000000_rep9,0.0200520430273148,Houseman_ineq,CRC,cfrrbs,limma,in_silico,top500,0.025
healthy_CRC_0.05_20000000_rep1,0.03339985837873,Houseman_ineq,CRC,cfrrbs,limma,in_silico,top500,0.05
healthy_CRC_0.05_20000000_rep10,0.0310133322551758,Houseman_ineq,CRC,cfrrbs,limma,in_silico,top500,0.05
healthy_CRC_0.05_20000000_rep2,0.026498862095178,Houseman_ineq,CRC,cfrrbs,limma,in_silico,top500,0.05
healthy_CRC_0.05_20000000_rep3,0.0354975483152302,Houseman_ineq,CRC,cfrrbs,limma,in_silico,top500,0.05
healthy_CRC_0.05_20000000_rep4,0.0220281421260505,Houseman_ineq,CRC,cfrrbs,limma,in_silico,top500,0.05
healthy_CRC_0.05_20000000_rep5,0.0255157819784744,Houseman_ineq,CRC,cfrrbs,limma,in_silico,top500,0.05
healthy_CRC_0.05_20000000_rep6,0.0299722862446386,Houseman_ineq,CRC,cfrrbs,limma,in_silico,top500,0.05
healthy_CRC_0.05_20000000_rep7,0.0355153050611856,Houseman_ineq,CRC,cfrrbs,limma,in_silico,top500,0.05
healthy_CRC_0.05_20000000_rep8,0.0290456296840782,Houseman_ineq,CRC,cfrrbs,limma,in_silico,top500,0.05
healthy_CRC_0.05_20000000_rep9,0.0335323482734256,Houseman_ineq,CRC,cfrrbs,limma,in_silico,top500,0.05
healthy_CRC_0.1_20000000_rep1,0.0613040634526273,Houseman_ineq,CRC,cfrrbs,limma,in_silico,top500,0.1
healthy_CRC_0.1_20000000_rep10,0.0609426252464146,Houseman_ineq,CRC,cfrrbs,limma,in_silico,top500,0.1
healthy_CRC_0.1_20000000_rep2,0.0547040697468673,Houseman_ineq,CRC,cfrrbs,limma,in_silico,top500,0.1
healthy_CRC_0.1_20000000_rep3,0.0676443317067032,Houseman_ineq,CRC,cfrrbs,limma,in_silico,top500,0.1
healthy_CRC_0.1_20000000_rep4,0.0612013211191003,Houseman_ineq,CRC,cfrrbs,limma,in_silico,top500,0.1
healthy_CRC_0.1_20000000_rep5,0.0648326174405605,Houseman_ineq,CRC,cfrrbs,limma,in_silico,top500,0.1
healthy_CRC_0.1_20000000_rep6,0.0566053539214269,Houseman_ineq,CRC,cfrrbs,limma,in_silico,top500,0.1
healthy_CRC_0.1_20000000_rep7,0.0567929848787301,Houseman_ineq,CRC,cfrrbs,limma,in_silico,top500,0.1
healthy_CRC_0.1_20000000_rep8,0.0655110813670896,Houseman_ineq,CRC,cfrrbs,limma,in_silico,top500,0.1
healthy_CRC_0.1_20000000_rep9,0.0553097102513837,Houseman_ineq,CRC,cfrrbs,limma,in_silico,top500,0.1
healthy_CRC_0.25_20000000_rep1,0.142361358602602,Houseman_ineq,CRC,cfrrbs,limma,in_silico,top500,0.25
healthy_CRC_0.25_20000000_rep10,0.148351766675537,Houseman_ineq,CRC,cfrrbs,limma,in_silico,top500,0.25
healthy_CRC_0.25_20000000_rep2,0.148676877887085,Houseman_ineq,CRC,cfrrbs,limma,in_silico,top500,0.25
healthy_CRC_0.25_20000000_rep3,0.157982408858405,Houseman_ineq,CRC,cfrrbs,limma,in_silico,top500,0.25
healthy_CRC_0.25_20000000_rep4,0.145058368031226,Houseman_ineq,CRC,cfrrbs,limma,in_silico,top500,0.25
healthy_CRC_0.25_20000000_rep5,0.150820211638056,Houseman_ineq,CRC,cfrrbs,limma,in_silico,top500,0.25
healthy_CRC_0.25_20000000_rep6,0.150936267791136,Houseman_ineq,CRC,cfrrbs,limma,in_silico,top500,0.25
healthy_CRC_0.25_20000000_rep7,0.14693617543167,Houseman_ineq,CRC,cfrrbs,limma,in_silico,top500,0.25
healthy_CRC_0.25_20000000_rep8,0.154519289742974,Houseman_ineq,CRC,cfrrbs,limma,in_silico,top500,0.25
healthy_CRC_0.25_20000000_rep9,0.148289681334372,Houseman_ineq,CRC,cfrrbs,limma,in_silico,top500,0.25
healthy_CRC_0.5_20000000_rep1,0.315416932014696,Houseman_ineq,CRC,cfrrbs,limma,in_silico,top500,0.5
healthy_CRC_0.5_20000000_rep10,0.31763873765654,Houseman_ineq,CRC,cfrrbs,limma,in_silico,top500,0.5
healthy_CRC_0.5_20000000_rep2,0.304599494349154,Houseman_ineq,CRC,cfrrbs,limma,in_silico,top500,0.5
healthy_CRC_0.5_20000000_rep3,0.31440860644402,Houseman_ineq,CRC,cfrrbs,limma,in_silico,top500,0.5
healthy_CRC_0.5_20000000_rep4,0.310903614209802,Houseman_ineq,CRC,cfrrbs,limma,in_silico,top500,0.5
healthy_CRC_0.5_20000000_rep5,0.309250012970292,Houseman_ineq,CRC,cfrrbs,limma,in_silico,top500,0.5
healthy_CRC_0.5_20000000_rep6,0.310532636926885,Houseman_ineq,CRC,cfrrbs,limma,in_silico,top500,0.5
healthy_CRC_0.5_20000000_rep7,0.309809848725935,Houseman_ineq,CRC,cfrrbs,limma,in_silico,top500,0.5
healthy_CRC_0.5_20000000_rep8,0.303176452004045,Houseman_ineq,CRC,cfrrbs,limma,in_silico,top500,0.5
healthy_CRC_0.5_20000000_rep9,0.309761254163941,Houseman_ineq,CRC,cfrrbs,limma,in_silico,top500,0.5
healthy_CRC_0_20000000_rep1,0.0074846086448559,Houseman_ineq,CRC,cfrrbs,limma,in_silico,top500,0
healthy_CRC_0_20000000_rep10,0.0023739762169486,Houseman_ineq,CRC,cfrrbs,limma,in_silico,top500,0
healthy_CRC_0_20000000_rep2,-4.336808689942022e-19,Houseman_ineq,CRC,cfrrbs,limma,in_silico,top500,0
healthy_CRC_0_20000000_rep3,0.002467330433214,Houseman_ineq,CRC,cfrrbs,limma,in_silico,top500,0
healthy_CRC_0_20000000_rep4,-1.0842021724855e-19,Houseman_ineq,CRC,cfrrbs,limma,in_silico,top500,0
healthy_CRC_0_20000000_rep5,0.0016166173525796,Houseman_ineq,CRC,cfrrbs,limma,in_silico,top500,0
healthy_CRC_0_20000000_rep6,0.0027764141703818,Houseman_ineq,CRC,cfrrbs,limma,in_silico,top500,0
healthy_CRC_0_20000000_rep7,0.000634465288135,Houseman_ineq,CRC,cfrrbs,limma,in_silico,top500,0
healthy_CRC_0_20000000_rep8,5.88366235636701e-05,Houseman_ineq,CRC,cfrrbs,limma,in_silico,top500,0
healthy_CRC_0_20000000_rep9,0.0010228413193424,Houseman_ineq,CRC,cfrrbs,limma,in_silico,top500,0
healthy_CRC_0.0001_20000000_rep1,0.0009206386987684,Houseman_ineq,CRC,cfrrbs,limma,in_silico,top25,0.0001
healthy_CRC_0.0001_20000000_rep10,0.0,Houseman_ineq,CRC,cfrrbs,limma,in_silico,top25,0.0001
healthy_CRC_0.0001_20000000_rep2,0.0,Houseman_ineq,CRC,cfrrbs,limma,in_silico,top25,0.0001
healthy_CRC_0.0001_20000000_rep3,0.0091571269536054,Houseman_ineq,CRC,cfrrbs,limma,in_silico,top25,0.0001
healthy_CRC_0.0001_20000000_rep4,3.4012452608416697e-18,Houseman_ineq,CRC,cfrrbs,limma,in_silico,top25,0.0001
healthy_CRC_0.0001_20000000_rep5,0.0041509041922136,Houseman_ineq,CRC,cfrrbs,limma,in_silico,top25,0.0001
healthy_CRC_0.0001_20000000_rep6,0.0,Houseman_ineq,CRC,cfrrbs,limma,in_silico,top25,0.0001
healthy_CRC_0.0001_20000000_rep7,1.7347234759768098e-18,Houseman_ineq,CRC,cfrrbs,limma,in_silico,top25,0.0001
healthy_CRC_0.0001_20000000_rep8,1.44593067301723e-18,Houseman_ineq,CRC,cfrrbs,limma,in_silico,top25,0.0001
healthy_CRC_0.0001_20000000_rep9,0.0127981280949091,Houseman_ineq,CRC,cfrrbs,limma,in_silico,top25,0.0001
healthy_CRC_0.001_20000000_rep1,0.0,Houseman_ineq,CRC,cfrrbs,limma,in_silico,top25,0.001
healthy_CRC_0.001_20000000_rep10,-4.336808689942022e-19,Houseman_ineq,CRC,cfrrbs,limma,in_silico,top25,0.001
healthy_CRC_0.001_20000000_rep2,0.0,Houseman_ineq,CRC,cfrrbs,limma,in_silico,top25,0.001
healthy_CRC_0.001_20000000_rep3,0.0,Houseman_ineq,CRC,cfrrbs,limma,in_silico,top25,0.001
healthy_CRC_0.001_20000000_rep4,0.0014820901769141,Houseman_ineq,CRC,cfrrbs,limma,in_silico,top25,0.001
healthy_CRC_0.001_20000000_rep5,0.0,Houseman_ineq,CRC,cfrrbs,limma,in_silico,top25,0.001
healthy_CRC_0.001_20000000_rep6,0.0,Houseman_ineq,CRC,cfrrbs,limma,in_silico,top25,0.001
healthy_CRC_0.001_20000000_rep7,5.67536930604256e-18,Houseman_ineq,CRC,cfrrbs,limma,in_silico,top25,0.001
healthy_CRC_0.001_20000000_rep8,0.0,Houseman_ineq,CRC,cfrrbs,limma,in_silico,top25,0.001
healthy_CRC_0.001_20000000_rep9,1.04608767386816e-18,Houseman_ineq,CRC,cfrrbs,limma,in_silico,top25,0.001
healthy_CRC_0.003_20000000_rep1,0.0,Houseman_ineq,CRC,cfrrbs,limma,in_silico,top25,0.003
healthy_CRC_0.003_20000000_rep10,0.0,Houseman_ineq,CRC,cfrrbs,limma,in_silico,top25,0.003
healthy_CRC_0.003_20000000_rep2,1.7347234759768098e-18,Houseman_ineq,CRC,cfrrbs,limma,in_silico,top25,0.003
healthy_CRC_0.003_20000000_rep3,2.26627608668907e-18,Houseman_ineq,CRC,cfrrbs,limma,in_silico,top25,0.003
healthy_CRC_0.003_20000000_rep4,0.0,Houseman_ineq,CRC,cfrrbs,limma,in_silico,top25,0.003
healthy_CRC_0.003_20000000_rep5,0.0,Houseman_ineq,CRC,cfrrbs,limma,in_silico,top25,0.003
healthy_CRC_0.003_20000000_rep6,0.0,Houseman_ineq,CRC,cfrrbs,limma,in_silico,top25,0.003
healthy_CRC_0.003_20000000_rep7,0.0,Houseman_ineq,CRC,cfrrbs,limma,in_silico,top25,0.003
healthy_CRC_0.003_20000000_rep8,0.0,Houseman_ineq,CRC,cfrrbs,limma,in_silico,top25,0.003
healthy_CRC_0.003_20000000_rep9,0.0,Houseman_ineq,CRC,cfrrbs,limma,in_silico,top25,0.003
healthy_CRC_0.007_20000000_rep1,0.0099476806875917,Houseman_ineq,CRC,cfrrbs,limma,in_silico,top25,0.007
healthy_CRC_0.007_20000000_rep10,0.0078683392511393,Houseman_ineq,CRC,cfrrbs,limma,in_silico,top25,0.007
healthy_CRC_0.007_20000000_rep2,0.0058264626328633,Houseman_ineq,CRC,cfrrbs,limma,in_silico,top25,0.007
healthy_CRC_0.007_20000000_rep3,0.0,Houseman_ineq,CRC,cfrrbs,limma,in_silico,top25,0.007
healthy_CRC_0.007_20000000_rep4,0.0,Houseman_ineq,CRC,cfrrbs,limma,in_silico,top25,0.007
healthy_CRC_0.007_20000000_rep5,0.0,Houseman_ineq,CRC,cfrrbs,limma,in_silico,top25,0.007
healthy_CRC_0.007_20000000_rep6,0.0,Houseman_ineq,CRC,cfrrbs,limma,in_silico,top25,0.007
healthy_CRC_0.007_20000000_rep7,0.0,Houseman_ineq,CRC,cfrrbs,limma,in_silico,top25,0.007
healthy_CRC_0.007_20000000_rep8,0.0,Houseman_ineq,CRC,cfrrbs,limma,in_silico,top25,0.007
healthy_CRC_0.007_20000000_rep9,0.0,Houseman_ineq,CRC,cfrrbs,limma,in_silico,top25,0.007
healthy_CRC_0.01_20000000_rep1,-1.52863953826512e-19,Houseman_ineq,CRC,cfrrbs,limma,in_silico,top25,0.01
healthy_CRC_0.01_20000000_rep10,0.0,Houseman_ineq,CRC,cfrrbs,limma,in_silico,top25,0.01
healthy_CRC_0.01_20000000_rep2,1.37097649028391e-18,Houseman_ineq,CRC,cfrrbs,limma,in_silico,top25,0.01
healthy_CRC_0.01_20000000_rep3,9.72086559793441e-20,Houseman_ineq,CRC,cfrrbs,limma,in_silico,top25,0.01
healthy_CRC_0.01_20000000_rep4,0.0,Houseman_ineq,CRC,cfrrbs,limma,in_silico,top25,0.01
healthy_CRC_0.01_20000000_rep5,0.0050007936560964,Houseman_ineq,CRC,cfrrbs,limma,in_silico,top25,0.01
healthy_CRC_0.01_20000000_rep6,0.0094427250413766,Houseman_ineq,CRC,cfrrbs,limma,in_silico,top25,0.01
healthy_CRC_0.01_20000000_rep7,0.0,Houseman_ineq,CRC,cfrrbs,limma,in_silico,top25,0.01
healthy_CRC_0.01_20000000_rep8,-4.336808689942022e-19,Houseman_ineq,CRC,cfrrbs,limma,in_silico,top25,0.01
healthy_CRC_0.01_20000000_rep9,0.0023727639737178,Houseman_ineq,CRC,cfrrbs,limma,in_silico,top25,0.01
healthy_CRC_0.025_20000000_rep1,1.25569819014181e-18,Houseman_ineq,CRC,cfrrbs,limma,in_silico,top25,0.025
healthy_CRC_0.025_20000000_rep10,0.0100887968820702,Houseman_ineq,CRC,cfrrbs,limma,in_silico,top25,0.025
healthy_CRC_0.025_20000000_rep2,0.0092413628538363,Houseman_ineq,CRC,cfrrbs,limma,in_silico,top25,0.025
healthy_CRC_0.025_20000000_rep3,0.0,Houseman_ineq,CRC,cfrrbs,limma,in_silico,top25,0.025
healthy_CRC_0.025_20000000_rep4,0.0170795710248088,Houseman_ineq,CRC,cfrrbs,limma,in_silico,top25,0.025
healthy_CRC_0.025_20000000_rep5,0.0059634873978309,Houseman_ineq,CRC,cfrrbs,limma,in_silico,top25,0.025
healthy_CRC_0.025_20000000_rep6,0.0152120212752338,Houseman_ineq,CRC,cfrrbs,limma,in_silico,top25,0.025
healthy_CRC_0.025_20000000_rep7,0.0039207120019564,Houseman_ineq,CRC,cfrrbs,limma,in_silico,top25,0.025
healthy_CRC_0.025_20000000_rep8,8.673617379884041e-19,Houseman_ineq,CRC,cfrrbs,limma,in_silico,top25,0.025
healthy_CRC_0.025_20000000_rep9,0.0,Houseman_ineq,CRC,cfrrbs,limma,in_silico,top25,0.025
healthy_CRC_0.05_20000000_rep1,0.0298564264935936,Houseman_ineq,CRC,cfrrbs,limma,in_silico,top25,0.05
healthy_CRC_0.05_20000000_rep10,0.0267409870115783,Houseman_ineq,CRC,cfrrbs,limma,in_silico,top25,0.05
healthy_CRC_0.05_20000000_rep2,0.0238703997608749,Houseman_ineq,CRC,cfrrbs,limma,in_silico,top25,0.05
healthy_CRC_0.05_20000000_rep3,0.0378175927165462,Houseman_ineq,CRC,cfrrbs,limma,in_silico,top25,0.05
healthy_CRC_0.05_20000000_rep4,0.0154030697938271,Houseman_ineq,CRC,cfrrbs,limma,in_silico,top25,0.05
healthy_CRC_0.05_20000000_rep5,0.0178830758310168,Houseman_ineq,CRC,cfrrbs,limma,in_silico,top25,0.05
healthy_CRC_0.05_20000000_rep6,0.0411373028817117,Houseman_ineq,CRC,cfrrbs,limma,in_silico,top25,0.05
healthy_CRC_0.05_20000000_rep7,0.0357929860021138,Houseman_ineq,CRC,cfrrbs,limma,in_silico,top25,0.05
healthy_CRC_0.05_20000000_rep8,0.0302839439276711,Houseman_ineq,CRC,cfrrbs,limma,in_silico,top25,0.05
healthy_CRC_0.05_20000000_rep9,0.0262375411455758,Houseman_ineq,CRC,cfrrbs,limma,in_silico,top25,0.05
healthy_CRC_0.1_20000000_rep1,0.0700826195057576,Houseman_ineq,CRC,cfrrbs,limma,in_silico,top25,0.1
healthy_CRC_0.1_20000000_rep10,0.0635471886250177,Houseman_ineq,CRC,cfrrbs,limma,in_silico,top25,0.1
healthy_CRC_0.1_20000000_rep2,0.0593415434643841,Houseman_ineq,CRC,cfrrbs,limma,in_silico,top25,0.1
healthy_CRC_0.1_20000000_rep3,0.0506088827076489,Houseman_ineq,CRC,cfrrbs,limma,in_silico,top25,0.1
healthy_CRC_0.1_20000000_rep4,0.0556212634801047,Houseman_ineq,CRC,cfrrbs,limma,in_silico,top25,0.1
healthy_CRC_0.1_20000000_rep5,0.0632563139272397,Houseman_ineq,CRC,cfrrbs,limma,in_silico,top25,0.1
healthy_CRC_0.1_20000000_rep6,0.0439752491922955,Houseman_ineq,CRC,cfrrbs,limma,in_silico,top25,0.1
healthy_CRC_0.1_20000000_rep7,0.0707142493210736,Houseman_ineq,CRC,cfrrbs,limma,in_silico,top25,0.1
healthy_CRC_0.1_20000000_rep8,0.0638763978094503,Houseman_ineq,CRC,cfrrbs,limma,in_silico,top25,0.1
healthy_CRC_0.1_20000000_rep9,0.0458464429565254,Houseman_ineq,CRC,cfrrbs,limma,in_silico,top25,0.1
healthy_CRC_0.25_20000000_rep1,0.143025251865013,Houseman_ineq,CRC,cfrrbs,limma,in_silico,top25,0.25
healthy_CRC_0.25_20000000_rep10,0.152742030322111,Houseman_ineq,CRC,cfrrbs,limma,in_silico,top25,0.25
healthy_CRC_0.25_20000000_rep2,0.150874759776062,Houseman_ineq,CRC,cfrrbs,limma,in_silico,top25,0.25
healthy_CRC_0.25_20000000_rep3,0.174141706191994,Houseman_ineq,CRC,cfrrbs,limma,in_silico,top25,0.25
healthy_CRC_0.25_20000000_rep4,0.151816285653759,Houseman_ineq,CRC,cfrrbs,limma,in_silico,top25,0.25
healthy_CRC_0.25_20000000_rep5,0.162530216674599,Houseman_ineq,CRC,cfrrbs,limma,in_silico,top25,0.25
healthy_CRC_0.25_20000000_rep6,0.17420925349096,Houseman_ineq,CRC,cfrrbs,limma,in_silico,top25,0.25
healthy_CRC_0.25_20000000_rep7,0.140527031521317,Houseman_ineq,CRC,cfrrbs,limma,in_silico,top25,0.25
healthy_CRC_0.25_20000000_rep8,0.144032297598161,Houseman_ineq,CRC,cfrrbs,limma,in_silico,top25,0.25
healthy_CRC_0.25_20000000_rep9,0.164797623183598,Houseman_ineq,CRC,cfrrbs,limma,in_silico,top25,0.25
healthy_CRC_0.5_20000000_rep1,0.333371143736226,Houseman_ineq,CRC,cfrrbs,limma,in_silico,top25,0.5
healthy_CRC_0.5_20000000_rep10,0.359066799187512,Houseman_ineq,CRC,cfrrbs,limma,in_silico,top25,0.5
healthy_CRC_0.5_20000000_rep2,0.344335187494186,Houseman_ineq,CRC,cfrrbs,limma,in_silico,top25,0.5
healthy_CRC_0.5_20000000_rep3,0.313613305753369,Houseman_ineq,CRC,cfrrbs,limma,in_silico,top25,0.5
healthy_CRC_0.5_20000000_rep4,0.355495778597401,Houseman_ineq,CRC,cfrrbs,limma,in_silico,top25,0.5
healthy_CRC_0.5_20000000_rep5,0.333403367960823,Houseman_ineq,CRC,cfrrbs,limma,in_silico,top25,0.5
healthy_CRC_0.5_20000000_rep6,0.329963491095449,Houseman_ineq,CRC,cfrrbs,limma,in_silico,top25,0.5
healthy_CRC_0.5_20000000_rep7,0.342333840200045,Houseman_ineq,CRC,cfrrbs,limma,in_silico,top25,0.5
healthy_CRC_0.5_20000000_rep8,0.3199231499093,Houseman_ineq,CRC,cfrrbs,limma,in_silico,top25,0.5
healthy_CRC_0.5_20000000_rep9,0.324278445154284,Houseman_ineq,CRC,cfrrbs,limma,in_silico,top25,0.5
healthy_CRC_0_20000000_rep1,0.0017512214825213,Houseman_ineq,CRC,cfrrbs,limma,in_silico,top25,0
healthy_CRC_0_20000000_rep10,0.0,Houseman_ineq,CRC,cfrrbs,limma,in_silico,top25,0
healthy_CRC_0_20000000_rep2,0.0,Houseman_ineq,CRC,cfrrbs,limma,in_silico,top25,0
healthy_CRC_0_20000000_rep3,-4.336808689942022e-19,Houseman_ineq,CRC,cfrrbs,limma,in_silico,top25,0
healthy_CRC_0_20000000_rep4,0.0,Houseman_ineq,CRC,cfrrbs,limma,in_silico,top25,0
healthy_CRC_0_20000000_rep5,0.0,Houseman_ineq,CRC,cfrrbs,limma,in_silico,top25,0
healthy_CRC_0_20000000_rep6,-1.7347234759768098e-18,Houseman_ineq,CRC,cfrrbs,limma,in_silico,top25,0
healthy_CRC_0_20000000_rep7,0.0,Houseman_ineq,CRC,cfrrbs,limma,in_silico,top25,0
healthy_CRC_0_20000000_rep8,8.673617379884041e-19,Houseman_ineq,CRC,cfrrbs,limma,in_silico,top25,0
healthy_CRC_0_20000000_rep9,0.0,Houseman_ineq,CRC,cfrrbs,limma,in_silico,top25,0
